event_id,duration_us,is_draw,action_name,marker_stack,top_marker,asset_marker,material,leaf_marker,num_indices,index_bucket,num_instances,pipeline,blend_state,depth_state,color_write_mask,render_targets,depth_target,texture_key,bound_resources,min_duration_us,max_duration_us
24,0.588800,0,vkCmdClearColorImage(),Native Render,Native Render,(none),(none),Native Render,0,0,0,,,,,,,(none),,0.000000,3.072000
25,2.252800,0,vkCmdClearDepthStencilImage(),Native Render,Native Render,(none),(none),Native Render,0,0,0,,,,,,,(none),,0.000000,3.072000
40,48.230400,1,vkCmdDrawIndexed(),Native Render > Render Pass [clear: Depth] > Native SECT1.g2d (m: 59 l: 0) > Material 59 > SECT1.g3d_5_0_11,Native Render,Native SECT1.g2d (m: 59 l: 0),59,SECT1.g3d_5_0_11,435,257-1024,1,Native Previewer GLSL Blend 256 (ResourceId::15346),"rt0:blend=on,mask=RGBA",test=on write=on func=CompareFunction.Greater,rt0=RGBA,rt0=2D Color Attachment 3466 (ResourceId::3466),2D Depth/Stencil Attachment 3470 (ResourceId::3470),"GSTexImage Image (256, 128) pallete: 0 (ResourceId::12736) (ImageSampler, addr=Wrap,mip=0,cmp=Never)","Pixel:ReadOnlyResources[0:0]=GSTexImage Image (256, 128) pallete: 0 (ResourceId::12736) (ImageSampler, addr=Wrap,mip=0,cmp=Never); Vertex:ReadWriteResources[0:0]=Buffer 1876 (ResourceId::1876) (ReadWriteBuffer, addr=Wrap,mip=0,cmp=AlwaysTrue); Vertex:ReadWriteResources[1:0]=Buffer 1882 (ResourceId::1882) (ReadWriteBuffer, addr=Wrap,mip=0,cmp=AlwaysTrue); Vertex:ReadWriteResources[2:0]=Buffer 1888 (ResourceId::1888) (ReadWriteBuffer, addr=Wrap,mip=0,cmp=AlwaysTrue); Vertex:ReadWriteResources[3:0]=Buffer 1894 (ResourceId::1894) (ReadWriteBuffer, addr=Wrap,mip=0,cmp=AlwaysTrue)",43.008000,52.224000
53,97.792000,1,vkCmdDrawIndexed(),Native Render > Render Pass [clear: Depth] > Native SECT1.g2d (m: 57 l: 0) > Material 57 > SECT1.g3d_5_0_3,Native Render,Native SECT1.g2d (m: 57 l: 0),57,SECT1.g3d_5_0_3,369,257-1024,1,Native Previewer GLSL Blend 256 (ResourceId::15346),"rt0:blend=on,mask=RGBA",test=on write=on func=CompareFunction.Greater,rt0=RGBA,rt0=2D Color Attachment 3466 (ResourceId::3466),2D Depth/Stencil Attachment 3470 (ResourceId::3470),"GSTexImage Image (128, 128) pallete: 0 (ResourceId::12704) (ImageSampler, addr=Wrap,mip=0,cmp=Never)","Pixel:ReadOnlyResources[0:0]=GSTexImage Image (128, 128) pallete: 0 (ResourceId::12704) (ImageSampler, addr=Wrap,mip=0,cmp=Never); Vertex:ReadWriteResources[0:0]=Buffer 1876 (ResourceId::1876) (ReadWriteBuffer, addr=Wrap,mip=0,cmp=AlwaysTrue); Vertex:ReadWriteResources[1:0]=Buffer 1882 (ResourceId::1882) (ReadWriteBuffer, addr=Wrap,mip=0,cmp=AlwaysTrue); Vertex:ReadWriteResources[2:0]=Buffer 1888 (ResourceId::1888) (ReadWriteBuffer, addr=Wrap,mip=0,cmp=AlwaysTrue); Vertex:ReadWriteResources[3:0]=Buffer 1894 (ResourceId::1894) (ReadWriteBuffer, addr=Wrap,mip=0,cmp=AlwaysTrue)",41.984000,117.760000
61,36.249600,1,vkCmdDrawIndexed(),Native Render > Render Pass [clear: Depth] > Native SECT1.g2d (m: 57 l: 0) > Material 57 > SECT1.g3d_5_0_2,Native Render,Native SECT1.g2d (m: 57 l: 0),57,SECT1.g3d_5_0_2,1134,1025-4096,1,Native Previewer GLSL Blend 256 (ResourceId::15346),"rt0:blend=on,mask=RGBA",test=on write=on func=CompareFunction.Greater,rt0=RGBA,rt0=2D Color Attachment 3466 (ResourceId::3466),2D Depth/Stencil Attachment 3470 (ResourceId::3470),"GSTexImage Image (128, 128) pallete: 0 (ResourceId::12704) (ImageSampler, addr=Wrap,mip=0,cmp=Never)","Pixel:ReadOnlyResources[0:0]=GSTexImage Image (128, 128) pallete: 0 (ResourceId::12704) (ImageSampler, addr=Wrap,mip=0,cmp=Never); Vertex:ReadWriteResources[0:0]=Buffer 1876 (ResourceId::1876) (ReadWriteBuffer, addr=Wrap,mip=0,cmp=AlwaysTrue); Vertex:ReadWriteResources[1:0]=Buffer 1882 (ResourceId::1882) (ReadWriteBuffer, addr=Wrap,mip=0,cmp=AlwaysTrue); Vertex:ReadWriteResources[2:0]=Buffer 1888 (ResourceId::1888) (ReadWriteBuffer, addr=Wrap,mip=0,cmp=AlwaysTrue); Vertex:ReadWriteResources[3:0]=Buffer 1894 (ResourceId::1894) (ReadWriteBuffer, addr=Wrap,mip=0,cmp=AlwaysTrue)",28.672000,61.440000
69,55.910400,1,vkCmdDrawIndexed(),Native Render > Render Pass [clear: Depth] > Native SECT1.g2d (m: 57 l: 0) > Material 57 > SECT1.g3d_5_0_1,Native Render,Native SECT1.g2d (m: 57 l: 0),57,SECT1.g3d_5_0_1,2883,1025-4096,1,Native Previewer GLSL Blend 256 (ResourceId::15346),"rt0:blend=on,mask=RGBA",test=on write=on func=CompareFunction.Greater,rt0=RGBA,rt0=2D Color Attachment 3466 (ResourceId::3466),2D Depth/Stencil Attachment 3470 (ResourceId::3470),"GSTexImage Image (128, 128) pallete: 0 (ResourceId::12704) (ImageSampler, addr=Wrap,mip=0,cmp=Never)","Pixel:ReadOnlyResources[0:0]=GSTexImage Image (128, 128) pallete: 0 (ResourceId::12704) (ImageSampler, addr=Wrap,mip=0,cmp=Never); Vertex:ReadWriteResources[0:0]=Buffer 1876 (ResourceId::1876) (ReadWriteBuffer, addr=Wrap,mip=0,cmp=AlwaysTrue); Vertex:ReadWriteResources[1:0]=Buffer 1882 (ResourceId::1882) (ReadWriteBuffer, addr=Wrap,mip=0,cmp=AlwaysTrue); Vertex:ReadWriteResources[2:0]=Buffer 1888 (ResourceId::1888) (ReadWriteBuffer, addr=Wrap,mip=0,cmp=AlwaysTrue); Vertex:ReadWriteResources[3:0]=Buffer 1894 (ResourceId::1894) (ReadWriteBuffer, addr=Wrap,mip=0,cmp=AlwaysTrue)",41.984000,72.704000
77,21.708800,1,vkCmdDrawIndexed(),Native Render > Render Pass [clear: Depth] > Native SECT1.g2d (m: 57 l: 0) > Material 57 > SECT1.g3d_5_0_0,Native Render,Native SECT1.g2d (m: 57 l: 0),57,SECT1.g3d_5_0_0,1680,1025-4096,1,Native Previewer GLSL Blend 256 (ResourceId::15346),"rt0:blend=on,mask=RGBA",test=on write=on func=CompareFunction.Greater,rt0=RGBA,rt0=2D Color Attachment 3466 (ResourceId::3466),2D Depth/Stencil Attachment 3470 (ResourceId::3470),"GSTexImage Image (128, 128) pallete: 0 (ResourceId::12704) (ImageSampler, addr=Wrap,mip=0,cmp=Never)","Pixel:ReadOnlyResources[0:0]=GSTexImage Image (128, 128) pallete: 0 (ResourceId::12704) (ImageSampler, addr=Wrap,mip=0,cmp=Never); Vertex:ReadWriteResources[0:0]=Buffer 1876 (ResourceId::1876) (ReadWriteBuffer, addr=Wrap,mip=0,cmp=AlwaysTrue); Vertex:ReadWriteResources[1:0]=Buffer 1882 (ResourceId::1882) (ReadWriteBuffer, addr=Wrap,mip=0,cmp=AlwaysTrue); Vertex:ReadWriteResources[2:0]=Buffer 1888 (ResourceId::1888) (ReadWriteBuffer, addr=Wrap,mip=0,cmp=AlwaysTrue); Vertex:ReadWriteResources[3:0]=Buffer 1894 (ResourceId::1894) (ReadWriteBuffer, addr=Wrap,mip=0,cmp=AlwaysTrue)",10.240000,36.864000
90,0.000000,1,vkCmdDrawIndexed(),Native Render > Render Pass [clear: Depth] > Native SECT1.g2d (m: 53 l: 0) > Material 53 > SECT1.g3d_5_0_43,Native Render,Native SECT1.g2d (m: 53 l: 0),53,SECT1.g3d_5_0_43,30,13-48,1,,,,,,,(none),,0.000000,0.000000
98,0.000000,1,vkCmdDrawIndexed(),Native Render > Render Pass [clear: Depth] > Native SECT1.g2d (m: 53 l: 0) > Material 53 > SECT1.g3d_4_0_36,Native Render,Native SECT1.g2d (m: 53 l: 0),53,SECT1.g3d_4_0_36,75,49-256,1,,,,,,,(none),,0.000000,0.000000
111,0.000000,1,vkCmdDrawIndexed(),Native Render > Render Pass [clear: Depth] > Native SECT1.g2d (m: 52 l: 0) > Material 52 > SECT1.g3d_4_0_9,Native Render,Native SECT1.g2d (m: 52 l: 0),52,SECT1.g3d_4_0_9,153,49-256,1,,,,,,,(none),,0.000000,0.000000
124,0.102400,1,vkCmdDrawIndexed(),Native Render > Render Pass [clear: Depth] > Native SECT1.g2d (m: 51 l: 0) > Material 51 > SECT1.g3d_5_0_44,Native Render,Native SECT1.g2d (m: 51 l: 0),51,SECT1.g3d_5_0_44,1110,1025-4096,1,Native Previewer GLSL Blend 256 (ResourceId::15346),"rt0:blend=on,mask=RGBA",test=on write=on func=CompareFunction.Greater,rt0=RGBA,rt0=2D Color Attachment 3466 (ResourceId::3466),2D Depth/Stencil Attachment 3470 (ResourceId::3470),"GSTexImage Image (128, 128) pallete: 0 (ResourceId::12608) (ImageSampler, addr=Wrap,mip=0,cmp=Never)","Pixel:ReadOnlyResources[0:0]=GSTexImage Image (128, 128) pallete: 0 (ResourceId::12608) (ImageSampler, addr=Wrap,mip=0,cmp=Never); Vertex:ReadWriteResources[0:0]=Buffer 1876 (ResourceId::1876) (ReadWriteBuffer, addr=Wrap,mip=0,cmp=AlwaysTrue); Vertex:ReadWriteResources[1:0]=Buffer 1882 (ResourceId::1882) (ReadWriteBuffer, addr=Wrap,mip=0,cmp=AlwaysTrue); Vertex:ReadWriteResources[2:0]=Buffer 1888 (ResourceId::1888) (ReadWriteBuffer, addr=Wrap,mip=0,cmp=AlwaysTrue); Vertex:ReadWriteResources[3:0]=Buffer 1894 (ResourceId::1894) (ReadWriteBuffer, addr=Wrap,mip=0,cmp=AlwaysTrue)",0.000000,1.024000
132,0.000000,1,vkCmdDrawIndexed(),Native Render > Render Pass [clear: Depth] > Native SECT1.g2d (m: 51 l: 0) > Material 51 > SECT1.g3d_5_0_41,Native Render,Native SECT1.g2d (m: 51 l: 0),51,SECT1.g3d_5_0_41,1146,1025-4096,1,,,,,,,(none),,0.000000,0.000000
140,0.000000,1,vkCmdDrawIndexed(),Native Render > Render Pass [clear: Depth] > Native SECT1.g2d (m: 51 l: 0) > Material 51 > SECT1.g3d_4_0_1,Native Render,Native SECT1.g2d (m: 51 l: 0),51,SECT1.g3d_4_0_1,816,257-1024,1,,,,,,,(none),,0.000000,0.000000
153,1.126400,1,vkCmdDrawIndexed(),Native Render > Render Pass [clear: Depth] > Native SECT1.g2d (m: 49 l: 0) > Material 49 > SECT1.g3d_4_0_58,Native Render,Native SECT1.g2d (m: 49 l: 0),49,SECT1.g3d_4_0_58,195,49-256,1,Native Previewer GLSL Blend 256 (ResourceId::15346),"rt0:blend=on,mask=RGBA",test=on write=on func=CompareFunction.Greater,rt0=RGBA,rt0=2D Color Attachment 3466 (ResourceId::3466),2D Depth/Stencil Attachment 3470 (ResourceId::3470),"GSTexImage Image (128, 128) pallete: 0 (ResourceId::12576) (ImageSampler, addr=Wrap,mip=0,cmp=Never)","Pixel:ReadOnlyResources[0:0]=GSTexImage Image (128, 128) pallete: 0 (ResourceId::12576) (ImageSampler, addr=Wrap,mip=0,cmp=Never); Vertex:ReadWriteResources[0:0]=Buffer 1876 (ResourceId::1876) (ReadWriteBuffer, addr=Wrap,mip=0,cmp=AlwaysTrue); Vertex:ReadWriteResources[1:0]=Buffer 1882 (ResourceId::1882) (ReadWriteBuffer, addr=Wrap,mip=0,cmp=AlwaysTrue); Vertex:ReadWriteResources[2:0]=Buffer 1888 (ResourceId::1888) (ReadWriteBuffer, addr=Wrap,mip=0,cmp=AlwaysTrue); Vertex:ReadWriteResources[3:0]=Buffer 1894 (ResourceId::1894) (ReadWriteBuffer, addr=Wrap,mip=0,cmp=AlwaysTrue)",0.000000,6.144000
161,0.000000,1,vkCmdDrawIndexed(),Native Render > Render Pass [clear: Depth] > Native SECT1.g2d (m: 49 l: 0) > Material 49 > SECT1.g3d_2_0_83,Native Render,Native SECT1.g2d (m: 49 l: 0),49,SECT1.g3d_2_0_83,195,49-256,1,,,,,,,(none),,0.000000,0.000000
174,0.000000,1,vkCmdDrawIndexed(),Native Render > Render Pass [clear: Depth] > Native SECT1.g2d (m: 48 l: 0) > Material 48 > SECT1.g3d_5_0_13,Native Render,Native SECT1.g2d (m: 48 l: 0),48,SECT1.g3d_5_0_13,84,49-256,1,,,,,,,(none),,0.000000,0.000000
182,0.000000,1,vkCmdDrawIndexed(),Native Render > Render Pass [clear: Depth] > Native SECT1.g2d (m: 48 l: 0) > Material 48 > SECT1.g3d_5_0_12,Native Render,Native SECT1.g2d (m: 48 l: 0),48,SECT1.g3d_5_0_12,300,257-1024,1,,,,,,,(none),,0.000000,0.000000
190,0.000000,1,vkCmdDrawIndexed(),Native Render > Render Pass [clear: Depth] > Native SECT1.g2d (m: 48 l: 0) > Material 48 > SECT1.g3d_2_0_78,Native Render,Native SECT1.g2d (m: 48 l: 0),48,SECT1.g3d_2_0_78,78,49-256,1,,,,,,,(none),,0.000000,0.000000
203,0.000000,1,vkCmdDrawIndexed(),Native Render > Render Pass [clear: Depth] > Native SECT1.g2d (m: 46 l: 0) > Material 46 > SECT1.g3d_4_0_16,Native Render,Native SECT1.g2d (m: 46 l: 0),46,SECT1.g3d_4_0_16,387,257-1024,1,,,,,,,(none),,0.000000,0.000000
211,0.000000,1,vkCmdDrawIndexed(),Native Render > Render Pass [clear: Depth] > Native SECT1.g2d (m: 46 l: 0) > Material 46 > SECT1.g3d_2_0_66,Native Render,Native SECT1.g2d (m: 46 l: 0),46,SECT1.g3d_2_0_66,477,257-1024,1,,,,,,,(none),,0.000000,0.000000
224,0.000000,1,vkCmdDrawIndexed(),Native Render > Render Pass [clear: Depth] > Native SECT1.g2d (m: 45 l: 0) > Material 45 > SECT1.g3d_2_0_65,Native Render,Native SECT1.g2d (m: 45 l: 0),45,SECT1.g3d_2_0_65,447,257-1024,1,,,,,,,(none),,0.000000,0.000000
237,0.000000,1,vkCmdDrawIndexed(),Native Render > Render Pass [clear: Depth] > Native SECT1.g2d (m: 44 l: 0) > Material 44 > SECT1.g3d_4_0_64,Native Render,Native SECT1.g2d (m: 44 l: 0),44,SECT1.g3d_4_0_64,171,49-256,1,,,,,,,(none),,0.000000,0.000000
245,0.000000,1,vkCmdDrawIndexed(),Native Render > Render Pass [clear: Depth] > Native SECT1.g2d (m: 44 l: 0) > Material 44 > SECT1.g3d_2_0_59,Native Render,Native SECT1.g2d (m: 44 l: 0),44,SECT1.g3d_2_0_59,315,257-1024,1,,,,,,,(none),,0.000000,0.000000
253,0.000000,1,vkCmdDrawIndexed(),Native Render > Render Pass [clear: Depth] > Native SECT1.g2d (m: 44 l: 0) > Material 44 > SECT1.g3d_2_0_22,Native Render,Native SECT1.g2d (m: 44 l: 0),44,SECT1.g3d_2_0_22,231,49-256,1,,,,,,,(none),,0.000000,0.000000
266,4.505600,1,vkCmdDrawIndexed(),Native Render > Render Pass [clear: Depth] > Native SECT1.g2d (m: 43 l: 0) > Material 43 > SECT1.g3d_4_0_63,Native Render,Native SECT1.g2d (m: 43 l: 0),43,SECT1.g3d_4_0_63,483,257-1024,1,Native Previewer GLSL Blend 256 (ResourceId::15346),"rt0:blend=on,mask=RGBA",test=on write=on func=CompareFunction.Greater,rt0=RGBA,rt0=2D Color Attachment 3466 (ResourceId::3466),2D Depth/Stencil Attachment 3470 (ResourceId::3470),"GSTexImage Image (64, 64) pallete: 0 (ResourceId::12480) (ImageSampler, addr=ClampEdge,mip=0,cmp=Never)","Pixel:ReadOnlyResources[0:0]=GSTexImage Image (64, 64) pallete: 0 (ResourceId::12480) (ImageSampler, addr=ClampEdge,mip=0,cmp=Never); Vertex:ReadWriteResources[0:0]=Buffer 1876 (ResourceId::1876) (ReadWriteBuffer, addr=Wrap,mip=0,cmp=AlwaysTrue); Vertex:ReadWriteResources[1:0]=Buffer 1882 (ResourceId::1882) (ReadWriteBuffer, addr=Wrap,mip=0,cmp=AlwaysTrue); Vertex:ReadWriteResources[2:0]=Buffer 1888 (ResourceId::1888) (ReadWriteBuffer, addr=Wrap,mip=0,cmp=AlwaysTrue); Vertex:ReadWriteResources[3:0]=Buffer 1894 (ResourceId::1894) (ReadWriteBuffer, addr=Wrap,mip=0,cmp=AlwaysTrue)",0.000000,18.432000
274,0.000000,1,vkCmdDrawIndexed(),Native Render > Render Pass [clear: Depth] > Native SECT1.g2d (m: 43 l: 0) > Material 43 > SECT1.g3d_2_0_60,Native Render,Native SECT1.g2d (m: 43 l: 0),43,SECT1.g3d_2_0_60,774,257-1024,1,,,,,,,(none),,0.000000,0.000000
282,0.204800,1,vkCmdDrawIndexed(),Native Render > Render Pass [clear: Depth] > Native SECT1.g2d (m: 43 l: 0) > Material 43 > SECT1.g3d_2_0_21,Native Render,Native SECT1.g2d (m: 43 l: 0),43,SECT1.g3d_2_0_21,540,257-1024,1,Native Previewer GLSL Blend 256 (ResourceId::15346),"rt0:blend=on,mask=RGBA",test=on write=on func=CompareFunction.Greater,rt0=RGBA,rt0=2D Color Attachment 3466 (ResourceId::3466),2D Depth/Stencil Attachment 3470 (ResourceId::3470),"GSTexImage Image (64, 64) pallete: 0 (ResourceId::12480) (ImageSampler, addr=ClampEdge,mip=0,cmp=Never)","Pixel:ReadOnlyResources[0:0]=GSTexImage Image (64, 64) pallete: 0 (ResourceId::12480) (ImageSampler, addr=ClampEdge,mip=0,cmp=Never); Vertex:ReadWriteResources[0:0]=Buffer 1876 (ResourceId::1876) (ReadWriteBuffer, addr=Wrap,mip=0,cmp=AlwaysTrue); Vertex:ReadWriteResources[1:0]=Buffer 1882 (ResourceId::1882) (ReadWriteBuffer, addr=Wrap,mip=0,cmp=AlwaysTrue); Vertex:ReadWriteResources[2:0]=Buffer 1888 (ResourceId::1888) (ReadWriteBuffer, addr=Wrap,mip=0,cmp=AlwaysTrue); Vertex:ReadWriteResources[3:0]=Buffer 1894 (ResourceId::1894) (ReadWriteBuffer, addr=Wrap,mip=0,cmp=AlwaysTrue)",0.000000,2.048000
295,0.102400,1,vkCmdDrawIndexed(),Native Render > Render Pass [clear: Depth] > Native SECT1.g2d (m: 42 l: 0) > Material 42 > SECT1.g3d_4_0_12,Native Render,Native SECT1.g2d (m: 42 l: 0),42,SECT1.g3d_4_0_12,144,49-256,1,Native Previewer GLSL Blend 256 (ResourceId::15346),"rt0:blend=on,mask=RGBA",test=on write=on func=CompareFunction.Greater,rt0=RGBA,rt0=2D Color Attachment 3466 (ResourceId::3466),2D Depth/Stencil Attachment 3470 (ResourceId::3470),"GSTexImage Image (128, 128) pallete: 0 (ResourceId::12464) (ImageSampler, addr=Wrap,mip=0,cmp=Never)","Pixel:ReadOnlyResources[0:0]=GSTexImage Image (128, 128) pallete: 0 (ResourceId::12464) (ImageSampler, addr=Wrap,mip=0,cmp=Never); Vertex:ReadWriteResources[0:0]=Buffer 1876 (ResourceId::1876) (ReadWriteBuffer, addr=Wrap,mip=0,cmp=AlwaysTrue); Vertex:ReadWriteResources[1:0]=Buffer 1882 (ResourceId::1882) (ReadWriteBuffer, addr=Wrap,mip=0,cmp=AlwaysTrue); Vertex:ReadWriteResources[2:0]=Buffer 1888 (ResourceId::1888) (ReadWriteBuffer, addr=Wrap,mip=0,cmp=AlwaysTrue); Vertex:ReadWriteResources[3:0]=Buffer 1894 (ResourceId::1894) (ReadWriteBuffer, addr=Wrap,mip=0,cmp=AlwaysTrue)",0.000000,1.024000
303,0.000000,1,vkCmdDrawIndexed(),Native Render > Render Pass [clear: Depth] > Native SECT1.g2d (m: 42 l: 0) > Material 42 > SECT1.g3d_3_0_16,Native Render,Native SECT1.g2d (m: 42 l: 0),42,SECT1.g3d_3_0_16,243,49-256,1,,,,,,,(none),,0.000000,0.000000
311,2.252800,1,vkCmdDrawIndexed(),Native Render > Render Pass [clear: Depth] > Native SECT1.g2d (m: 42 l: 0) > Material 42 > SECT1.g3d_3_0_14,Native Render,Native SECT1.g2d (m: 42 l: 0),42,SECT1.g3d_3_0_14,153,49-256,1,Native Previewer GLSL Blend 256 (ResourceId::15346),"rt0:blend=on,mask=RGBA",test=on write=on func=CompareFunction.Greater,rt0=RGBA,rt0=2D Color Attachment 3466 (ResourceId::3466),2D Depth/Stencil Attachment 3470 (ResourceId::3470),"GSTexImage Image (128, 128) pallete: 0 (ResourceId::12464) (ImageSampler, addr=Wrap,mip=0,cmp=Never)","Pixel:ReadOnlyResources[0:0]=GSTexImage Image (128, 128) pallete: 0 (ResourceId::12464) (ImageSampler, addr=Wrap,mip=0,cmp=Never); Vertex:ReadWriteResources[0:0]=Buffer 1876 (ResourceId::1876) (ReadWriteBuffer, addr=Wrap,mip=0,cmp=AlwaysTrue); Vertex:ReadWriteResources[1:0]=Buffer 1882 (ResourceId::1882) (ReadWriteBuffer, addr=Wrap,mip=0,cmp=AlwaysTrue); Vertex:ReadWriteResources[2:0]=Buffer 1888 (ResourceId::1888) (ReadWriteBuffer, addr=Wrap,mip=0,cmp=AlwaysTrue); Vertex:ReadWriteResources[3:0]=Buffer 1894 (ResourceId::1894) (ReadWriteBuffer, addr=Wrap,mip=0,cmp=AlwaysTrue)",0.000000,8.192000
319,0.000000,1,vkCmdDrawIndexed(),Native Render > Render Pass [clear: Depth] > Native SECT1.g2d (m: 42 l: 0) > Material 42 > SECT1.g3d_2_0_68,Native Render,Native SECT1.g2d (m: 42 l: 0),42,SECT1.g3d_2_0_68,237,49-256,1,,,,,,,(none),,0.000000,0.000000
327,1.843200,1,vkCmdDrawIndexed(),Native Render > Render Pass [clear: Depth] > Native SECT1.g2d (m: 42 l: 0) > Material 42 > SECT1.g3d_2_0_16,Native Render,Native SECT1.g2d (m: 42 l: 0),42,SECT1.g3d_2_0_16,216,49-256,1,Native Previewer GLSL Blend 256 (ResourceId::15346),"rt0:blend=on,mask=RGBA",test=on write=on func=CompareFunction.Greater,rt0=RGBA,rt0=2D Color Attachment 3466 (ResourceId::3466),2D Depth/Stencil Attachment 3470 (ResourceId::3470),"GSTexImage Image (128, 128) pallete: 0 (ResourceId::12464) (ImageSampler, addr=Wrap,mip=0,cmp=Never)","Pixel:ReadOnlyResources[0:0]=GSTexImage Image (128, 128) pallete: 0 (ResourceId::12464) (ImageSampler, addr=Wrap,mip=0,cmp=Never); Vertex:ReadWriteResources[0:0]=Buffer 1876 (ResourceId::1876) (ReadWriteBuffer, addr=Wrap,mip=0,cmp=AlwaysTrue); Vertex:ReadWriteResources[1:0]=Buffer 1882 (ResourceId::1882) (ReadWriteBuffer, addr=Wrap,mip=0,cmp=AlwaysTrue); Vertex:ReadWriteResources[2:0]=Buffer 1888 (ResourceId::1888) (ReadWriteBuffer, addr=Wrap,mip=0,cmp=AlwaysTrue); Vertex:ReadWriteResources[3:0]=Buffer 1894 (ResourceId::1894) (ReadWriteBuffer, addr=Wrap,mip=0,cmp=AlwaysTrue)",0.000000,8.192000
340,13.619200,1,vkCmdDrawIndexed(),Native Render > Render Pass [clear: Depth] > Native SECT1.g2d (m: 41 l: 0) > Material 41 > SECT1.g3d_4_0_33,Native Render,Native SECT1.g2d (m: 41 l: 0),41,SECT1.g3d_4_0_33,888,257-1024,1,Native Previewer GLSL Blend 256 (ResourceId::15346),"rt0:blend=on,mask=RGBA",test=on write=on func=CompareFunction.Greater,rt0=RGBA,rt0=2D Color Attachment 3466 (ResourceId::3466),2D Depth/Stencil Attachment 3470 (ResourceId::3470),"GSTexImage Image (128, 128) pallete: 0 (ResourceId::12448) (ImageSampler, addr=Wrap,mip=0,cmp=Never)","Pixel:ReadOnlyResources[0:0]=GSTexImage Image (128, 128) pallete: 0 (ResourceId::12448) (ImageSampler, addr=Wrap,mip=0,cmp=Never); Vertex:ReadWriteResources[0:0]=Buffer 1876 (ResourceId::1876) (ReadWriteBuffer, addr=Wrap,mip=0,cmp=AlwaysTrue); Vertex:ReadWriteResources[1:0]=Buffer 1882 (ResourceId::1882) (ReadWriteBuffer, addr=Wrap,mip=0,cmp=AlwaysTrue); Vertex:ReadWriteResources[2:0]=Buffer 1888 (ResourceId::1888) (ReadWriteBuffer, addr=Wrap,mip=0,cmp=AlwaysTrue); Vertex:ReadWriteResources[3:0]=Buffer 1894 (ResourceId::1894) (ReadWriteBuffer, addr=Wrap,mip=0,cmp=AlwaysTrue)",0.000000,46.080000
348,0.000000,1,vkCmdDrawIndexed(),Native Render > Render Pass [clear: Depth] > Native SECT1.g2d (m: 41 l: 0) > Material 41 > SECT1.g3d_2_0_14,Native Render,Native SECT1.g2d (m: 41 l: 0),41,SECT1.g3d_2_0_14,240,49-256,1,,,,,,,(none),,0.000000,0.000000
361,0.000000,1,vkCmdDrawIndexed(),Native Render > Render Pass [clear: Depth] > Native SECT1.g2d (m: 40 l: 0) > Material 40 > SECT1.g3d_2_0_6,Native Render,Native SECT1.g2d (m: 40 l: 0),40,SECT1.g3d_2_0_6,129,49-256,1,,,,,,,(none),,0.000000,0.000000
374,0.000000,1,vkCmdDrawIndexed(),Native Render > Render Pass [clear: Depth] > Native SECT1.g2d (m: 39 l: 0) > Material 39 > SECT1.g3d_2_0_3,Native Render,Native SECT1.g2d (m: 39 l: 0),39,SECT1.g3d_2_0_3,279,257-1024,1,,,,,,,(none),,0.000000,0.000000
387,0.000000,1,vkCmdDrawIndexed(),Native Render > Render Pass [clear: Depth] > Native SECT1.g2d (m: 29 l: 0) > Material 29 > SECT1.g3d_4_0_26,Native Render,Native SECT1.g2d (m: 29 l: 0),29,SECT1.g3d_4_0_26,159,49-256,1,,,,,,,(none),,0.000000,0.000000
395,0.000000,1,vkCmdDrawIndexed(),Native Render > Render Pass [clear: Depth] > Native SECT1.g2d (m: 29 l: 0) > Material 29 > SECT1.g3d_4_0_25,Native Render,Native SECT1.g2d (m: 29 l: 0),29,SECT1.g3d_4_0_25,159,49-256,1,,,,,,,(none),,0.000000,0.000000
403,0.000000,1,vkCmdDrawIndexed(),Native Render > Render Pass [clear: Depth] > Native SECT1.g2d (m: 29 l: 0) > Material 29 > SECT1.g3d_3_0_17,Native Render,Native SECT1.g2d (m: 29 l: 0),29,SECT1.g3d_3_0_17,75,49-256,1,,,,,,,(none),,0.000000,0.000000
411,0.000000,1,vkCmdDrawIndexed(),Native Render > Render Pass [clear: Depth] > Native SECT1.g2d (m: 29 l: 0) > Material 29 > SECT1.g3d_3_0_12,Native Render,Native SECT1.g2d (m: 29 l: 0),29,SECT1.g3d_3_0_12,534,257-1024,1,,,,,,,(none),,0.000000,0.000000
419,0.000000,1,vkCmdDrawIndexed(),Native Render > Render Pass [clear: Depth] > Native SECT1.g2d (m: 29 l: 0) > Material 29 > SECT1.g3d_2_0_69,Native Render,Native SECT1.g2d (m: 29 l: 0),29,SECT1.g3d_2_0_69,150,49-256,1,,,,,,,(none),,0.000000,0.000000
427,0.000000,1,vkCmdDrawIndexed(),Native Render > Render Pass [clear: Depth] > Native SECT1.g2d (m: 29 l: 0) > Material 29 > SECT1.g3d_2_0_62,Native Render,Native SECT1.g2d (m: 29 l: 0),29,SECT1.g3d_2_0_62,306,257-1024,1,,,,,,,(none),,0.000000,0.000000
435,0.000000,1,vkCmdDrawIndexed(),Native Render > Render Pass [clear: Depth] > Native SECT1.g2d (m: 29 l: 0) > Material 29 > SECT1.g3d_2_0_43,Native Render,Native SECT1.g2d (m: 29 l: 0),29,SECT1.g3d_2_0_43,294,257-1024,1,,,,,,,(none),,0.000000,0.000000
443,0.000000,1,vkCmdDrawIndexed(),Native Render > Render Pass [clear: Depth] > Native SECT1.g2d (m: 29 l: 0) > Material 29 > SECT1.g3d_2_0_24,Native Render,Native SECT1.g2d (m: 29 l: 0),29,SECT1.g3d_2_0_24,234,49-256,1,,,,,,,(none),,0.000000,0.000000
451,0.102400,1,vkCmdDrawIndexed(),Native Render > Render Pass [clear: Depth] > Native SECT1.g2d (m: 29 l: 0) > Material 29 > SECT1.g3d_207,Native Render,Native SECT1.g2d (m: 29 l: 0),29,SECT1.g3d_207,105,49-256,1,Native Previewer GLSL Blend 256 (ResourceId::15346),"rt0:blend=on,mask=RGBA",test=on write=on func=CompareFunction.Greater,rt0=RGBA,rt0=2D Color Attachment 3466 (ResourceId::3466),2D Depth/Stencil Attachment 3470 (ResourceId::3470),"GSTexImage Image (128, 128) pallete: 0 (ResourceId::12256) (ImageSampler, addr=ClampEdge,mip=0,cmp=Never)","Pixel:ReadOnlyResources[0:0]=GSTexImage Image (128, 128) pallete: 0 (ResourceId::12256) (ImageSampler, addr=ClampEdge,mip=0,cmp=Never); Vertex:ReadWriteResources[0:0]=Buffer 1876 (ResourceId::1876) (ReadWriteBuffer, addr=Wrap,mip=0,cmp=AlwaysTrue); Vertex:ReadWriteResources[1:0]=Buffer 1882 (ResourceId::1882) (ReadWriteBuffer, addr=Wrap,mip=0,cmp=AlwaysTrue); Vertex:ReadWriteResources[2:0]=Buffer 1888 (ResourceId::1888) (ReadWriteBuffer, addr=Wrap,mip=0,cmp=AlwaysTrue); Vertex:ReadWriteResources[3:0]=Buffer 1894 (ResourceId::1894) (ReadWriteBuffer, addr=Wrap,mip=0,cmp=AlwaysTrue)",0.000000,1.024000
459,0.819200,1,vkCmdDrawIndexed(),Native Render > Render Pass [clear: Depth] > Native SECT1.g2d (m: 29 l: 0) > Material 29 > SECT1.g3d_206,Native Render,Native SECT1.g2d (m: 29 l: 0),29,SECT1.g3d_206,150,49-256,1,Native Previewer GLSL Blend 256 (ResourceId::15346),"rt0:blend=on,mask=RGBA",test=on write=on func=CompareFunction.Greater,rt0=RGBA,rt0=2D Color Attachment 3466 (ResourceId::3466),2D Depth/Stencil Attachment 3470 (ResourceId::3470),"GSTexImage Image (128, 128) pallete: 0 (ResourceId::12256) (ImageSampler, addr=ClampEdge,mip=0,cmp=Never)","Pixel:ReadOnlyResources[0:0]=GSTexImage Image (128, 128) pallete: 0 (ResourceId::12256) (ImageSampler, addr=ClampEdge,mip=0,cmp=Never); Vertex:ReadWriteResources[0:0]=Buffer 1876 (ResourceId::1876) (ReadWriteBuffer, addr=Wrap,mip=0,cmp=AlwaysTrue); Vertex:ReadWriteResources[1:0]=Buffer 1882 (ResourceId::1882) (ReadWriteBuffer, addr=Wrap,mip=0,cmp=AlwaysTrue); Vertex:ReadWriteResources[2:0]=Buffer 1888 (ResourceId::1888) (ReadWriteBuffer, addr=Wrap,mip=0,cmp=AlwaysTrue); Vertex:ReadWriteResources[3:0]=Buffer 1894 (ResourceId::1894) (ReadWriteBuffer, addr=Wrap,mip=0,cmp=AlwaysTrue)",0.000000,8.192000
472,1.331200,1,vkCmdDrawIndexed(),Native Render > Render Pass [clear: Depth] > Native SECT1.g2d (m: 19 l: 0) > Material 19 > SECT1.g3d_2_0_53,Native Render,Native SECT1.g2d (m: 19 l: 0),19,SECT1.g3d_2_0_53,918,257-1024,1,Native Previewer GLSL Blend 256 (ResourceId::15346),"rt0:blend=on,mask=RGBA",test=on write=on func=CompareFunction.Greater,rt0=RGBA,rt0=2D Color Attachment 3466 (ResourceId::3466),2D Depth/Stencil Attachment 3470 (ResourceId::3470),"GSTexImage Image (128, 64) pallete: 0 (ResourceId::12096) (ImageSampler, addr=ClampEdge,mip=0,cmp=Never)","Pixel:ReadOnlyResources[0:0]=GSTexImage Image (128, 64) pallete: 0 (ResourceId::12096) (ImageSampler, addr=ClampEdge,mip=0,cmp=Never); Vertex:ReadWriteResources[0:0]=Buffer 1876 (ResourceId::1876) (ReadWriteBuffer, addr=Wrap,mip=0,cmp=AlwaysTrue); Vertex:ReadWriteResources[1:0]=Buffer 1882 (ResourceId::1882) (ReadWriteBuffer, addr=Wrap,mip=0,cmp=AlwaysTrue); Vertex:ReadWriteResources[2:0]=Buffer 1888 (ResourceId::1888) (ReadWriteBuffer, addr=Wrap,mip=0,cmp=AlwaysTrue); Vertex:ReadWriteResources[3:0]=Buffer 1894 (ResourceId::1894) (ReadWriteBuffer, addr=Wrap,mip=0,cmp=AlwaysTrue)",0.000000,6.144000
480,0.000000,1,vkCmdDrawIndexed(),Native Render > Render Pass [clear: Depth] > Native SECT1.g2d (m: 19 l: 0) > Material 19 > SECT1.g3d_2_0_45,Native Render,Native SECT1.g2d (m: 19 l: 0),19,SECT1.g3d_2_0_45,1104,1025-4096,1,,,,,,,(none),,0.000000,0.000000
488,0.000000,1,vkCmdDrawIndexed(),Native Render > Render Pass [clear: Depth] > Native SECT1.g2d (m: 19 l: 0) > Material 19 > SECT1.g3d_201,Native Render,Native SECT1.g2d (m: 19 l: 0),19,SECT1.g3d_201,135,49-256,1,,,,,,,(none),,0.000000,0.000000
496,1.433600,1,vkCmdDrawIndexed(),Native Render > Render Pass [clear: Depth] > Native SECT1.g2d (m: 19 l: 0) > Material 19 > SECT1.g3d_200,Native Render,Native SECT1.g2d (m: 19 l: 0),19,SECT1.g3d_200,1368,1025-4096,1,Native Previewer GLSL Blend 256 (ResourceId::15346),"rt0:blend=on,mask=RGBA",test=on write=on func=CompareFunction.Greater,rt0=RGBA,rt0=2D Color Attachment 3466 (ResourceId::3466),2D Depth/Stencil Attachment 3470 (ResourceId::3470),"GSTexImage Image (128, 64) pallete: 0 (ResourceId::12096) (ImageSampler, addr=ClampEdge,mip=0,cmp=Never)","Pixel:ReadOnlyResources[0:0]=GSTexImage Image (128, 64) pallete: 0 (ResourceId::12096) (ImageSampler, addr=ClampEdge,mip=0,cmp=Never); Vertex:ReadWriteResources[0:0]=Buffer 1876 (ResourceId::1876) (ReadWriteBuffer, addr=Wrap,mip=0,cmp=AlwaysTrue); Vertex:ReadWriteResources[1:0]=Buffer 1882 (ResourceId::1882) (ReadWriteBuffer, addr=Wrap,mip=0,cmp=AlwaysTrue); Vertex:ReadWriteResources[2:0]=Buffer 1888 (ResourceId::1888) (ReadWriteBuffer, addr=Wrap,mip=0,cmp=AlwaysTrue); Vertex:ReadWriteResources[3:0]=Buffer 1894 (ResourceId::1894) (ReadWriteBuffer, addr=Wrap,mip=0,cmp=AlwaysTrue)",0.000000,7.168000
509,1.945600,1,vkCmdDrawIndexed(),Native Render > Render Pass [clear: Depth] > Native SECT1.g2d (m: 31 l: 0) > Material 31 > SECT1.g3d_4_0_42,Native Render,Native SECT1.g2d (m: 31 l: 0),31,SECT1.g3d_4_0_42,393,257-1024,1,Native Previewer GLSL Blend 256 (ResourceId::15346),"rt0:blend=on,mask=RGBA",test=on write=on func=CompareFunction.Greater,rt0=RGBA,rt0=2D Color Attachment 3466 (ResourceId::3466),2D Depth/Stencil Attachment 3470 (ResourceId::3470),"GSTexImage Image (128, 128) pallete: 0 (ResourceId::12288) (ImageSampler, addr=Wrap,mip=0,cmp=Never)","Pixel:ReadOnlyResources[0:0]=GSTexImage Image (128, 128) pallete: 0 (ResourceId::12288) (ImageSampler, addr=Wrap,mip=0,cmp=Never); Vertex:ReadWriteResources[0:0]=Buffer 1876 (ResourceId::1876) (ReadWriteBuffer, addr=Wrap,mip=0,cmp=AlwaysTrue); Vertex:ReadWriteResources[1:0]=Buffer 1882 (ResourceId::1882) (ReadWriteBuffer, addr=Wrap,mip=0,cmp=AlwaysTrue); Vertex:ReadWriteResources[2:0]=Buffer 1888 (ResourceId::1888) (ReadWriteBuffer, addr=Wrap,mip=0,cmp=AlwaysTrue); Vertex:ReadWriteResources[3:0]=Buffer 1894 (ResourceId::1894) (ReadWriteBuffer, addr=Wrap,mip=0,cmp=AlwaysTrue)",0.000000,19.456000
517,0.000000,1,vkCmdDrawIndexed(),Native Render > Render Pass [clear: Depth] > Native SECT1.g2d (m: 31 l: 0) > Material 31 > SECT1.g3d_218,Native Render,Native SECT1.g2d (m: 31 l: 0),31,SECT1.g3d_218,195,49-256,1,,,,,,,(none),,0.000000,0.000000
525,0.000000,1,vkCmdDrawIndexed(),Native Render > Render Pass [clear: Depth] > Native SECT1.g2d (m: 31 l: 0) > Material 31 > SECT1.g3d_209,Native Render,Native SECT1.g2d (m: 31 l: 0),31,SECT1.g3d_209,624,257-1024,1,,,,,,,(none),,0.000000,0.000000
533,7.065600,1,vkCmdDrawIndexed(),Native Render > Render Pass [clear: Depth] > Native SECT1.g2d (m: 31 l: 0) > Material 31 > SECT1.g3d_208,Native Render,Native SECT1.g2d (m: 31 l: 0),31,SECT1.g3d_208,543,257-1024,1,Native Previewer GLSL Blend 256 (ResourceId::15346),"rt0:blend=on,mask=RGBA",test=on write=on func=CompareFunction.Greater,rt0=RGBA,rt0=2D Color Attachment 3466 (ResourceId::3466),2D Depth/Stencil Attachment 3470 (ResourceId::3470),"GSTexImage Image (128, 128) pallete: 0 (ResourceId::12288) (ImageSampler, addr=Wrap,mip=0,cmp=Never)","Pixel:ReadOnlyResources[0:0]=GSTexImage Image (128, 128) pallete: 0 (ResourceId::12288) (ImageSampler, addr=Wrap,mip=0,cmp=Never); Vertex:ReadWriteResources[0:0]=Buffer 1876 (ResourceId::1876) (ReadWriteBuffer, addr=Wrap,mip=0,cmp=AlwaysTrue); Vertex:ReadWriteResources[1:0]=Buffer 1882 (ResourceId::1882) (ReadWriteBuffer, addr=Wrap,mip=0,cmp=AlwaysTrue); Vertex:ReadWriteResources[2:0]=Buffer 1888 (ResourceId::1888) (ReadWriteBuffer, addr=Wrap,mip=0,cmp=AlwaysTrue); Vertex:ReadWriteResources[3:0]=Buffer 1894 (ResourceId::1894) (ReadWriteBuffer, addr=Wrap,mip=0,cmp=AlwaysTrue)",0.000000,27.648000
541,2.150400,1,vkCmdDrawIndexed(),Native Render > Render Pass [clear: Depth] > Native SECT1.g2d (m: 31 l: 0) > Material 31 > SECT1.g3d_155,Native Render,Native SECT1.g2d (m: 31 l: 0),31,SECT1.g3d_155,636,257-1024,1,Native Previewer GLSL Blend 256 (ResourceId::15346),"rt0:blend=on,mask=RGBA",test=on write=on func=CompareFunction.Greater,rt0=RGBA,rt0=2D Color Attachment 3466 (ResourceId::3466),2D Depth/Stencil Attachment 3470 (ResourceId::3470),"GSTexImage Image (128, 128) pallete: 0 (ResourceId::12288) (ImageSampler, addr=Wrap,mip=0,cmp=Never)","Pixel:ReadOnlyResources[0:0]=GSTexImage Image (128, 128) pallete: 0 (ResourceId::12288) (ImageSampler, addr=Wrap,mip=0,cmp=Never); Vertex:ReadWriteResources[0:0]=Buffer 1876 (ResourceId::1876) (ReadWriteBuffer, addr=Wrap,mip=0,cmp=AlwaysTrue); Vertex:ReadWriteResources[1:0]=Buffer 1882 (ResourceId::1882) (ReadWriteBuffer, addr=Wrap,mip=0,cmp=AlwaysTrue); Vertex:ReadWriteResources[2:0]=Buffer 1888 (ResourceId::1888) (ReadWriteBuffer, addr=Wrap,mip=0,cmp=AlwaysTrue); Vertex:ReadWriteResources[3:0]=Buffer 1894 (ResourceId::1894) (ReadWriteBuffer, addr=Wrap,mip=0,cmp=AlwaysTrue)",0.000000,8.192000
554,0.000000,1,vkCmdDrawIndexed(),Native Render > Render Pass [clear: Depth] > Native SECT1.g2d (m: 35 l: 0) > Material 35 > SECT1.g3d_2_0_2,Native Render,Native SECT1.g2d (m: 35 l: 0),35,SECT1.g3d_2_0_2,948,257-1024,1,,,,,,,(none),,0.000000,0.000000
562,0.102400,1,vkCmdDrawIndexed(),Native Render > Render Pass [clear: Depth] > Native SECT1.g2d (m: 35 l: 0) > Material 35 > SECT1.g3d_213,Native Render,Native SECT1.g2d (m: 35 l: 0),35,SECT1.g3d_213,81,49-256,1,Native Previewer GLSL Blend 256 (ResourceId::15346),"rt0:blend=on,mask=RGBA",test=on write=on func=CompareFunction.Greater,rt0=RGBA,rt0=2D Color Attachment 3466 (ResourceId::3466),2D Depth/Stencil Attachment 3470 (ResourceId::3470),"GSTexImage Image (128, 32) pallete: 0 (ResourceId::12352) (ImageSampler, addr=ClampEdge,mip=0,cmp=Never)","Pixel:ReadOnlyResources[0:0]=GSTexImage Image (128, 32) pallete: 0 (ResourceId::12352) (ImageSampler, addr=ClampEdge,mip=0,cmp=Never); Vertex:ReadWriteResources[0:0]=Buffer 1876 (ResourceId::1876) (ReadWriteBuffer, addr=Wrap,mip=0,cmp=AlwaysTrue); Vertex:ReadWriteResources[1:0]=Buffer 1882 (ResourceId::1882) (ReadWriteBuffer, addr=Wrap,mip=0,cmp=AlwaysTrue); Vertex:ReadWriteResources[2:0]=Buffer 1888 (ResourceId::1888) (ReadWriteBuffer, addr=Wrap,mip=0,cmp=AlwaysTrue); Vertex:ReadWriteResources[3:0]=Buffer 1894 (ResourceId::1894) (ReadWriteBuffer, addr=Wrap,mip=0,cmp=AlwaysTrue)",0.000000,1.024000
570,0.000000,1,vkCmdDrawIndexed(),Native Render > Render Pass [clear: Depth] > Native SECT1.g2d (m: 35 l: 0) > Material 35 > SECT1.g3d_154,Native Render,Native SECT1.g2d (m: 35 l: 0),35,SECT1.g3d_154,81,49-256,1,,,,,,,(none),,0.000000,0.000000
578,0.307200,1,vkCmdDrawIndexed(),Native Render > Render Pass [clear: Depth] > Native SECT1.g2d (m: 35 l: 0) > Material 35 > SECT1.g3d_151,Native Render,Native SECT1.g2d (m: 35 l: 0),35,SECT1.g3d_151,330,257-1024,1,Native Previewer GLSL Blend 256 (ResourceId::15346),"rt0:blend=on,mask=RGBA",test=on write=on func=CompareFunction.Greater,rt0=RGBA,rt0=2D Color Attachment 3466 (ResourceId::3466),2D Depth/Stencil Attachment 3470 (ResourceId::3470),"GSTexImage Image (128, 32) pallete: 0 (ResourceId::12352) (ImageSampler, addr=ClampEdge,mip=0,cmp=Never)","Pixel:ReadOnlyResources[0:0]=GSTexImage Image (128, 32) pallete: 0 (ResourceId::12352) (ImageSampler, addr=ClampEdge,mip=0,cmp=Never); Vertex:ReadWriteResources[0:0]=Buffer 1876 (ResourceId::1876) (ReadWriteBuffer, addr=Wrap,mip=0,cmp=AlwaysTrue); Vertex:ReadWriteResources[1:0]=Buffer 1882 (ResourceId::1882) (ReadWriteBuffer, addr=Wrap,mip=0,cmp=AlwaysTrue); Vertex:ReadWriteResources[2:0]=Buffer 1888 (ResourceId::1888) (ReadWriteBuffer, addr=Wrap,mip=0,cmp=AlwaysTrue); Vertex:ReadWriteResources[3:0]=Buffer 1894 (ResourceId::1894) (ReadWriteBuffer, addr=Wrap,mip=0,cmp=AlwaysTrue)",0.000000,2.048000
591,0.000000,1,vkCmdDrawIndexed(),Native Render > Render Pass [clear: Depth] > Native SECT1.g2d (m: 34 l: 0) > Material 34 > SECT1.g3d_211,Native Render,Native SECT1.g2d (m: 34 l: 0),34,SECT1.g3d_211,249,49-256,1,,,,,,,(none),,0.000000,0.000000
599,0.000000,1,vkCmdDrawIndexed(),Native Render > Render Pass [clear: Depth] > Native SECT1.g2d (m: 34 l: 0) > Material 34 > SECT1.g3d_153,Native Render,Native SECT1.g2d (m: 34 l: 0),34,SECT1.g3d_153,249,49-256,1,,,,,,,(none),,0.000000,0.000000
607,3.276800,1,vkCmdDrawIndexed(),Native Render > Render Pass [clear: Depth] > Native SECT1.g2d (m: 34 l: 0) > Material 34 > SECT1.g3d_149,Native Render,Native SECT1.g2d (m: 34 l: 0),34,SECT1.g3d_149,1017,257-1024,1,Native Previewer GLSL Blend 256 (ResourceId::15346),"rt0:blend=on,mask=RGBA",test=on write=on func=CompareFunction.Greater,rt0=RGBA,rt0=2D Color Attachment 3466 (ResourceId::3466),2D Depth/Stencil Attachment 3470 (ResourceId::3470),"GSTexImage Image (128, 128) pallete: 0 (ResourceId::12336) (ImageSampler, addr=ClampEdge,mip=0,cmp=Never)","Pixel:ReadOnlyResources[0:0]=GSTexImage Image (128, 128) pallete: 0 (ResourceId::12336) (ImageSampler, addr=ClampEdge,mip=0,cmp=Never); Vertex:ReadWriteResources[0:0]=Buffer 1876 (ResourceId::1876) (ReadWriteBuffer, addr=Wrap,mip=0,cmp=AlwaysTrue); Vertex:ReadWriteResources[1:0]=Buffer 1882 (ResourceId::1882) (ReadWriteBuffer, addr=Wrap,mip=0,cmp=AlwaysTrue); Vertex:ReadWriteResources[2:0]=Buffer 1888 (ResourceId::1888) (ReadWriteBuffer, addr=Wrap,mip=0,cmp=AlwaysTrue); Vertex:ReadWriteResources[3:0]=Buffer 1894 (ResourceId::1894) (ReadWriteBuffer, addr=Wrap,mip=0,cmp=AlwaysTrue)",0.000000,12.288000
620,0.000000,1,vkCmdDrawIndexed(),Native Render > Render Pass [clear: Depth] > Native SECT1.g2d (m: 25 l: 0) > Material 25 > SECT1.g3d_5_0_37,Native Render,Native SECT1.g2d (m: 25 l: 0),25,SECT1.g3d_5_0_37,657,257-1024,1,,,,,,,(none),,0.000000,0.000000
628,0.000000,1,vkCmdDrawIndexed(),Native Render > Render Pass [clear: Depth] > Native SECT1.g2d (m: 25 l: 0) > Material 25 > SECT1.g3d_5_0_35,Native Render,Native SECT1.g2d (m: 25 l: 0),25,SECT1.g3d_5_0_35,708,257-1024,1,,,,,,,(none),,0.000000,0.000000
636,6.348800,1,vkCmdDrawIndexed(),Native Render > Render Pass [clear: Depth] > Native SECT1.g2d (m: 25 l: 0) > Material 25 > SECT1.g3d_4_0_74,Native Render,Native SECT1.g2d (m: 25 l: 0),25,SECT1.g3d_4_0_74,705,257-1024,1,Native Previewer GLSL Blend 256 (ResourceId::15346),"rt0:blend=on,mask=RGBA",test=on write=on func=CompareFunction.Greater,rt0=RGBA,rt0=2D Color Attachment 3466 (ResourceId::3466),2D Depth/Stencil Attachment 3470 (ResourceId::3470),"GSTexImage Image (8, 8) pallete: 0 (ResourceId::12192) (ImageSampler, addr=ClampEdge,mip=0,cmp=Never)","Pixel:ReadOnlyResources[0:0]=GSTexImage Image (8, 8) pallete: 0 (ResourceId::12192) (ImageSampler, addr=ClampEdge,mip=0,cmp=Never); Vertex:ReadWriteResources[0:0]=Buffer 1876 (ResourceId::1876) (ReadWriteBuffer, addr=Wrap,mip=0,cmp=AlwaysTrue); Vertex:ReadWriteResources[1:0]=Buffer 1882 (ResourceId::1882) (ReadWriteBuffer, addr=Wrap,mip=0,cmp=AlwaysTrue); Vertex:ReadWriteResources[2:0]=Buffer 1888 (ResourceId::1888) (ReadWriteBuffer, addr=Wrap,mip=0,cmp=AlwaysTrue); Vertex:ReadWriteResources[3:0]=Buffer 1894 (ResourceId::1894) (ReadWriteBuffer, addr=Wrap,mip=0,cmp=AlwaysTrue)",0.000000,28.672000
644,0.000000,1,vkCmdDrawIndexed(),Native Render > Render Pass [clear: Depth] > Native SECT1.g2d (m: 25 l: 0) > Material 25 > SECT1.g3d_4_0_19,Native Render,Native SECT1.g2d (m: 25 l: 0),25,SECT1.g3d_4_0_19,471,257-1024,1,,,,,,,(none),,0.000000,0.000000
652,0.000000,1,vkCmdDrawIndexed(),Native Render > Render Pass [clear: Depth] > Native SECT1.g2d (m: 25 l: 0) > Material 25 > SECT1.g3d_2_0_71,Native Render,Native SECT1.g2d (m: 25 l: 0),25,SECT1.g3d_2_0_71,1119,1025-4096,1,,,,,,,(none),,0.000000,0.000000
660,0.000000,1,vkCmdDrawIndexed(),Native Render > Render Pass [clear: Depth] > Native SECT1.g2d (m: 25 l: 0) > Material 25 > SECT1.g3d_2_0_41,Native Render,Native SECT1.g2d (m: 25 l: 0),25,SECT1.g3d_2_0_41,825,257-1024,1,,,,,,,(none),,0.000000,0.000000
668,0.000000,1,vkCmdDrawIndexed(),Native Render > Render Pass [clear: Depth] > Native SECT1.g2d (m: 25 l: 0) > Material 25 > SECT1.g3d_2_0_36,Native Render,Native SECT1.g2d (m: 25 l: 0),25,SECT1.g3d_2_0_36,3261,1025-4096,1,,,,,,,(none),,0.000000,0.000000
676,0.000000,1,vkCmdDrawIndexed(),Native Render > Render Pass [clear: Depth] > Native SECT1.g2d (m: 25 l: 0) > Material 25 > SECT1.g3d_2_0_34,Native Render,Native SECT1.g2d (m: 25 l: 0),25,SECT1.g3d_2_0_34,1926,1025-4096,1,,,,,,,(none),,0.000000,0.000000
684,0.000000,1,vkCmdDrawIndexed(),Native Render > Render Pass [clear: Depth] > Native SECT1.g2d (m: 25 l: 0) > Material 25 > SECT1.g3d_204,Native Render,Native SECT1.g2d (m: 25 l: 0),25,SECT1.g3d_204,378,257-1024,1,,,,,,,(none),,0.000000,0.000000
692,2.662400,1,vkCmdDrawIndexed(),Native Render > Render Pass [clear: Depth] > Native SECT1.g2d (m: 25 l: 0) > Material 25 > SECT1.g3d_134,Native Render,Native SECT1.g2d (m: 25 l: 0),25,SECT1.g3d_134,468,257-1024,1,Native Previewer GLSL Blend 256 (ResourceId::15346),"rt0:blend=on,mask=RGBA",test=on write=on func=CompareFunction.Greater,rt0=RGBA,rt0=2D Color Attachment 3466 (ResourceId::3466),2D Depth/Stencil Attachment 3470 (ResourceId::3470),"GSTexImage Image (8, 8) pallete: 0 (ResourceId::12192) (ImageSampler, addr=ClampEdge,mip=0,cmp=Never)","Pixel:ReadOnlyResources[0:0]=GSTexImage Image (8, 8) pallete: 0 (ResourceId::12192) (ImageSampler, addr=ClampEdge,mip=0,cmp=Never); Vertex:ReadWriteResources[0:0]=Buffer 1876 (ResourceId::1876) (ReadWriteBuffer, addr=Wrap,mip=0,cmp=AlwaysTrue); Vertex:ReadWriteResources[1:0]=Buffer 1882 (ResourceId::1882) (ReadWriteBuffer, addr=Wrap,mip=0,cmp=AlwaysTrue); Vertex:ReadWriteResources[2:0]=Buffer 1888 (ResourceId::1888) (ReadWriteBuffer, addr=Wrap,mip=0,cmp=AlwaysTrue); Vertex:ReadWriteResources[3:0]=Buffer 1894 (ResourceId::1894) (ReadWriteBuffer, addr=Wrap,mip=0,cmp=AlwaysTrue)",0.000000,26.624000
705,3.788800,1,vkCmdDrawIndexed(),Native Render > Render Pass [clear: Depth] > Native SECT1.g2d (m: 24 l: 0) > Material 24 > SECT1.g3d_5_0_36,Native Render,Native SECT1.g2d (m: 24 l: 0),24,SECT1.g3d_5_0_36,1596,1025-4096,1,Native Previewer GLSL Blend 256 (ResourceId::15346),"rt0:blend=on,mask=RGBA",test=on write=on func=CompareFunction.Greater,rt0=RGBA,rt0=2D Color Attachment 3466 (ResourceId::3466),2D Depth/Stencil Attachment 3470 (ResourceId::3470),"GSTexImage Image (128, 128) pallete: 0 (ResourceId::12176) (ImageSampler, addr=ClampEdge,mip=0,cmp=Never)","Pixel:ReadOnlyResources[0:0]=GSTexImage Image (128, 128) pallete: 0 (ResourceId::12176) (ImageSampler, addr=ClampEdge,mip=0,cmp=Never); Vertex:ReadWriteResources[0:0]=Buffer 1876 (ResourceId::1876) (ReadWriteBuffer, addr=Wrap,mip=0,cmp=AlwaysTrue); Vertex:ReadWriteResources[1:0]=Buffer 1882 (ResourceId::1882) (ReadWriteBuffer, addr=Wrap,mip=0,cmp=AlwaysTrue); Vertex:ReadWriteResources[2:0]=Buffer 1888 (ResourceId::1888) (ReadWriteBuffer, addr=Wrap,mip=0,cmp=AlwaysTrue); Vertex:ReadWriteResources[3:0]=Buffer 1894 (ResourceId::1894) (ReadWriteBuffer, addr=Wrap,mip=0,cmp=AlwaysTrue)",0.000000,20.480000
713,0.000000,1,vkCmdDrawIndexed(),Native Render > Render Pass [clear: Depth] > Native SECT1.g2d (m: 24 l: 0) > Material 24 > SECT1.g3d_5_0_34,Native Render,Native SECT1.g2d (m: 24 l: 0),24,SECT1.g3d_5_0_34,1845,1025-4096,1,,,,,,,(none),,0.000000,0.000000
721,12.902400,1,vkCmdDrawIndexed(),Native Render > Render Pass [clear: Depth] > Native SECT1.g2d (m: 24 l: 0) > Material 24 > SECT1.g3d_4_0_73,Native Render,Native SECT1.g2d (m: 24 l: 0),24,SECT1.g3d_4_0_73,1596,1025-4096,1,Native Previewer GLSL Blend 256 (ResourceId::15346),"rt0:blend=on,mask=RGBA",test=on write=on func=CompareFunction.Greater,rt0=RGBA,rt0=2D Color Attachment 3466 (ResourceId::3466),2D Depth/Stencil Attachment 3470 (ResourceId::3470),"GSTexImage Image (128, 128) pallete: 0 (ResourceId::12176) (ImageSampler, addr=ClampEdge,mip=0,cmp=Never)","Pixel:ReadOnlyResources[0:0]=GSTexImage Image (128, 128) pallete: 0 (ResourceId::12176) (ImageSampler, addr=ClampEdge,mip=0,cmp=Never); Vertex:ReadWriteResources[0:0]=Buffer 1876 (ResourceId::1876) (ReadWriteBuffer, addr=Wrap,mip=0,cmp=AlwaysTrue); Vertex:ReadWriteResources[1:0]=Buffer 1882 (ResourceId::1882) (ReadWriteBuffer, addr=Wrap,mip=0,cmp=AlwaysTrue); Vertex:ReadWriteResources[2:0]=Buffer 1888 (ResourceId::1888) (ReadWriteBuffer, addr=Wrap,mip=0,cmp=AlwaysTrue); Vertex:ReadWriteResources[3:0]=Buffer 1894 (ResourceId::1894) (ReadWriteBuffer, addr=Wrap,mip=0,cmp=AlwaysTrue)",0.000000,27.648000
729,0.000000,1,vkCmdDrawIndexed(),Native Render > Render Pass [clear: Depth] > Native SECT1.g2d (m: 24 l: 0) > Material 24 > SECT1.g3d_4_0_18,Native Render,Native SECT1.g2d (m: 24 l: 0),24,SECT1.g3d_4_0_18,1062,1025-4096,1,,,,,,,(none),,0.000000,0.000000
737,0.000000,1,vkCmdDrawIndexed(),Native Render > Render Pass [clear: Depth] > Native SECT1.g2d (m: 24 l: 0) > Material 24 > SECT1.g3d_2_0_72,Native Render,Native SECT1.g2d (m: 24 l: 0),24,SECT1.g3d_2_0_72,2550,1025-4096,1,,,,,,,(none),,0.000000,0.000000
745,0.000000,1,vkCmdDrawIndexed(),Native Render > Render Pass [clear: Depth] > Native SECT1.g2d (m: 24 l: 0) > Material 24 > SECT1.g3d_2_0_40,Native Render,Native SECT1.g2d (m: 24 l: 0),24,SECT1.g3d_2_0_40,1596,1025-4096,1,,,,,,,(none),,0.000000,0.000000
753,0.000000,1,vkCmdDrawIndexed(),Native Render > Render Pass [clear: Depth] > Native SECT1.g2d (m: 24 l: 0) > Material 24 > SECT1.g3d_2_0_35,Native Render,Native SECT1.g2d (m: 24 l: 0),24,SECT1.g3d_2_0_35,7998,4097+,1,,,,,,,(none),,0.000000,0.000000
761,12.595200,1,vkCmdDrawIndexed(),Native Render > Render Pass [clear: Depth] > Native SECT1.g2d (m: 24 l: 0) > Material 24 > SECT1.g3d_2_0_33,Native Render,Native SECT1.g2d (m: 24 l: 0),24,SECT1.g3d_2_0_33,5223,4097+,1,Native Previewer GLSL Blend 256 (ResourceId::15346),"rt0:blend=on,mask=RGBA",test=on write=on func=CompareFunction.Greater,rt0=RGBA,rt0=2D Color Attachment 3466 (ResourceId::3466),2D Depth/Stencil Attachment 3470 (ResourceId::3470),"GSTexImage Image (128, 128) pallete: 0 (ResourceId::12176) (ImageSampler, addr=ClampEdge,mip=0,cmp=Never)","Pixel:ReadOnlyResources[0:0]=GSTexImage Image (128, 128) pallete: 0 (ResourceId::12176) (ImageSampler, addr=ClampEdge,mip=0,cmp=Never); Vertex:ReadWriteResources[0:0]=Buffer 1876 (ResourceId::1876) (ReadWriteBuffer, addr=Wrap,mip=0,cmp=AlwaysTrue); Vertex:ReadWriteResources[1:0]=Buffer 1882 (ResourceId::1882) (ReadWriteBuffer, addr=Wrap,mip=0,cmp=AlwaysTrue); Vertex:ReadWriteResources[2:0]=Buffer 1888 (ResourceId::1888) (ReadWriteBuffer, addr=Wrap,mip=0,cmp=AlwaysTrue); Vertex:ReadWriteResources[3:0]=Buffer 1894 (ResourceId::1894) (ReadWriteBuffer, addr=Wrap,mip=0,cmp=AlwaysTrue)",0.000000,103.424000
769,0.000000,1,vkCmdDrawIndexed(),Native Render > Render Pass [clear: Depth] > Native SECT1.g2d (m: 24 l: 0) > Material 24 > SECT1.g3d_203,Native Render,Native SECT1.g2d (m: 24 l: 0),24,SECT1.g3d_203,816,257-1024,1,,,,,,,(none),,0.000000,0.000000
777,0.921600,1,vkCmdDrawIndexed(),Native Render > Render Pass [clear: Depth] > Native SECT1.g2d (m: 24 l: 0) > Material 24 > SECT1.g3d_133,Native Render,Native SECT1.g2d (m: 24 l: 0),24,SECT1.g3d_133,1062,1025-4096,1,Native Previewer GLSL Blend 256 (ResourceId::15346),"rt0:blend=on,mask=RGBA",test=on write=on func=CompareFunction.Greater,rt0=RGBA,rt0=2D Color Attachment 3466 (ResourceId::3466),2D Depth/Stencil Attachment 3470 (ResourceId::3470),"GSTexImage Image (128, 128) pallete: 0 (ResourceId::12176) (ImageSampler, addr=ClampEdge,mip=0,cmp=Never)","Pixel:ReadOnlyResources[0:0]=GSTexImage Image (128, 128) pallete: 0 (ResourceId::12176) (ImageSampler, addr=ClampEdge,mip=0,cmp=Never); Vertex:ReadWriteResources[0:0]=Buffer 1876 (ResourceId::1876) (ReadWriteBuffer, addr=Wrap,mip=0,cmp=AlwaysTrue); Vertex:ReadWriteResources[1:0]=Buffer 1882 (ResourceId::1882) (ReadWriteBuffer, addr=Wrap,mip=0,cmp=AlwaysTrue); Vertex:ReadWriteResources[2:0]=Buffer 1888 (ResourceId::1888) (ReadWriteBuffer, addr=Wrap,mip=0,cmp=AlwaysTrue); Vertex:ReadWriteResources[3:0]=Buffer 1894 (ResourceId::1894) (ReadWriteBuffer, addr=Wrap,mip=0,cmp=AlwaysTrue)",0.000000,9.216000
790,3.788800,1,vkCmdDrawIndexed(),Native Render > Render Pass [clear: Depth] > Native SECT1.g2d (m: 18 l: 0) > Material 18 > SECT1.g3d_5_0_17,Native Render,Native SECT1.g2d (m: 18 l: 0),18,SECT1.g3d_5_0_17,837,257-1024,1,Native Previewer GLSL Blend 256 (ResourceId::15346),"rt0:blend=on,mask=RGBA",test=on write=on func=CompareFunction.Greater,rt0=RGBA,rt0=2D Color Attachment 3466 (ResourceId::3466),2D Depth/Stencil Attachment 3470 (ResourceId::3470),"GSTexImage Image (128, 64) pallete: 0 (ResourceId::12080) (ImageSampler, addr=Wrap,mip=0,cmp=Never)","Pixel:ReadOnlyResources[0:0]=GSTexImage Image (128, 64) pallete: 0 (ResourceId::12080) (ImageSampler, addr=Wrap,mip=0,cmp=Never); Vertex:ReadWriteResources[0:0]=Buffer 1876 (ResourceId::1876) (ReadWriteBuffer, addr=Wrap,mip=0,cmp=AlwaysTrue); Vertex:ReadWriteResources[1:0]=Buffer 1882 (ResourceId::1882) (ReadWriteBuffer, addr=Wrap,mip=0,cmp=AlwaysTrue); Vertex:ReadWriteResources[2:0]=Buffer 1888 (ResourceId::1888) (ReadWriteBuffer, addr=Wrap,mip=0,cmp=AlwaysTrue); Vertex:ReadWriteResources[3:0]=Buffer 1894 (ResourceId::1894) (ReadWriteBuffer, addr=Wrap,mip=0,cmp=AlwaysTrue)",0.000000,14.336000
798,13.824000,1,vkCmdDrawIndexed(),Native Render > Render Pass [clear: Depth] > Native SECT1.g2d (m: 18 l: 0) > Material 18 > SECT1.g3d_5_0_15,Native Render,Native SECT1.g2d (m: 18 l: 0),18,SECT1.g3d_5_0_15,411,257-1024,1,Native Previewer GLSL Blend 256 (ResourceId::15346),"rt0:blend=on,mask=RGBA",test=on write=on func=CompareFunction.Greater,rt0=RGBA,rt0=2D Color Attachment 3466 (ResourceId::3466),2D Depth/Stencil Attachment 3470 (ResourceId::3470),"GSTexImage Image (128, 64) pallete: 0 (ResourceId::12080) (ImageSampler, addr=Wrap,mip=0,cmp=Never)","Pixel:ReadOnlyResources[0:0]=GSTexImage Image (128, 64) pallete: 0 (ResourceId::12080) (ImageSampler, addr=Wrap,mip=0,cmp=Never); Vertex:ReadWriteResources[0:0]=Buffer 1876 (ResourceId::1876) (ReadWriteBuffer, addr=Wrap,mip=0,cmp=AlwaysTrue); Vertex:ReadWriteResources[1:0]=Buffer 1882 (ResourceId::1882) (ReadWriteBuffer, addr=Wrap,mip=0,cmp=AlwaysTrue); Vertex:ReadWriteResources[2:0]=Buffer 1888 (ResourceId::1888) (ReadWriteBuffer, addr=Wrap,mip=0,cmp=AlwaysTrue); Vertex:ReadWriteResources[3:0]=Buffer 1894 (ResourceId::1894) (ReadWriteBuffer, addr=Wrap,mip=0,cmp=AlwaysTrue)",0.000000,52.224000
806,0.102400,1,vkCmdDrawIndexed(),Native Render > Render Pass [clear: Depth] > Native SECT1.g2d (m: 18 l: 0) > Material 18 > SECT1.g3d_5_0_14,Native Render,Native SECT1.g2d (m: 18 l: 0),18,SECT1.g3d_5_0_14,111,49-256,1,Native Previewer GLSL Blend 256 (ResourceId::15346),"rt0:blend=on,mask=RGBA",test=on write=on func=CompareFunction.Greater,rt0=RGBA,rt0=2D Color Attachment 3466 (ResourceId::3466),2D Depth/Stencil Attachment 3470 (ResourceId::3470),"GSTexImage Image (128, 64) pallete: 0 (ResourceId::12080) (ImageSampler, addr=Wrap,mip=0,cmp=Never)","Pixel:ReadOnlyResources[0:0]=GSTexImage Image (128, 64) pallete: 0 (ResourceId::12080) (ImageSampler, addr=Wrap,mip=0,cmp=Never); Vertex:ReadWriteResources[0:0]=Buffer 1876 (ResourceId::1876) (ReadWriteBuffer, addr=Wrap,mip=0,cmp=AlwaysTrue); Vertex:ReadWriteResources[1:0]=Buffer 1882 (ResourceId::1882) (ReadWriteBuffer, addr=Wrap,mip=0,cmp=AlwaysTrue); Vertex:ReadWriteResources[2:0]=Buffer 1888 (ResourceId::1888) (ReadWriteBuffer, addr=Wrap,mip=0,cmp=AlwaysTrue); Vertex:ReadWriteResources[3:0]=Buffer 1894 (ResourceId::1894) (ReadWriteBuffer, addr=Wrap,mip=0,cmp=AlwaysTrue)",0.000000,1.024000
814,3.584000,1,vkCmdDrawIndexed(),Native Render > Render Pass [clear: Depth] > Native SECT1.g2d (m: 18 l: 0) > Material 18 > SECT1.g3d_4_0_35,Native Render,Native SECT1.g2d (m: 18 l: 0),18,SECT1.g3d_4_0_35,240,49-256,1,Native Previewer GLSL Blend 256 (ResourceId::15346),"rt0:blend=on,mask=RGBA",test=on write=on func=CompareFunction.Greater,rt0=RGBA,rt0=2D Color Attachment 3466 (ResourceId::3466),2D Depth/Stencil Attachment 3470 (ResourceId::3470),"GSTexImage Image (128, 64) pallete: 0 (ResourceId::12080) (ImageSampler, addr=Wrap,mip=0,cmp=Never)","Pixel:ReadOnlyResources[0:0]=GSTexImage Image (128, 64) pallete: 0 (ResourceId::12080) (ImageSampler, addr=Wrap,mip=0,cmp=Never); Vertex:ReadWriteResources[0:0]=Buffer 1876 (ResourceId::1876) (ReadWriteBuffer, addr=Wrap,mip=0,cmp=AlwaysTrue); Vertex:ReadWriteResources[1:0]=Buffer 1882 (ResourceId::1882) (ReadWriteBuffer, addr=Wrap,mip=0,cmp=AlwaysTrue); Vertex:ReadWriteResources[2:0]=Buffer 1888 (ResourceId::1888) (ReadWriteBuffer, addr=Wrap,mip=0,cmp=AlwaysTrue); Vertex:ReadWriteResources[3:0]=Buffer 1894 (ResourceId::1894) (ReadWriteBuffer, addr=Wrap,mip=0,cmp=AlwaysTrue)",0.000000,32.768000
822,6.348800,1,vkCmdDrawIndexed(),Native Render > Render Pass [clear: Depth] > Native SECT1.g2d (m: 18 l: 0) > Material 18 > SECT1.g3d_4_0_34,Native Render,Native SECT1.g2d (m: 18 l: 0),18,SECT1.g3d_4_0_34,240,49-256,1,Native Previewer GLSL Blend 256 (ResourceId::15346),"rt0:blend=on,mask=RGBA",test=on write=on func=CompareFunction.Greater,rt0=RGBA,rt0=2D Color Attachment 3466 (ResourceId::3466),2D Depth/Stencil Attachment 3470 (ResourceId::3470),"GSTexImage Image (128, 64) pallete: 0 (ResourceId::12080) (ImageSampler, addr=Wrap,mip=0,cmp=Never)","Pixel:ReadOnlyResources[0:0]=GSTexImage Image (128, 64) pallete: 0 (ResourceId::12080) (ImageSampler, addr=Wrap,mip=0,cmp=Never); Vertex:ReadWriteResources[0:0]=Buffer 1876 (ResourceId::1876) (ReadWriteBuffer, addr=Wrap,mip=0,cmp=AlwaysTrue); Vertex:ReadWriteResources[1:0]=Buffer 1882 (ResourceId::1882) (ReadWriteBuffer, addr=Wrap,mip=0,cmp=AlwaysTrue); Vertex:ReadWriteResources[2:0]=Buffer 1888 (ResourceId::1888) (ReadWriteBuffer, addr=Wrap,mip=0,cmp=AlwaysTrue); Vertex:ReadWriteResources[3:0]=Buffer 1894 (ResourceId::1894) (ReadWriteBuffer, addr=Wrap,mip=0,cmp=AlwaysTrue)",0.000000,31.744000
830,0.921600,1,vkCmdDrawIndexed(),Native Render > Render Pass [clear: Depth] > Native SECT1.g2d (m: 18 l: 0) > Material 18 > SECT1.g3d_2_0_56,Native Render,Native SECT1.g2d (m: 18 l: 0),18,SECT1.g3d_2_0_56,108,49-256,1,Native Previewer GLSL Blend 256 (ResourceId::15346),"rt0:blend=on,mask=RGBA",test=on write=on func=CompareFunction.Greater,rt0=RGBA,rt0=2D Color Attachment 3466 (ResourceId::3466),2D Depth/Stencil Attachment 3470 (ResourceId::3470),"GSTexImage Image (128, 64) pallete: 0 (ResourceId::12080) (ImageSampler, addr=Wrap,mip=0,cmp=Never)","Pixel:ReadOnlyResources[0:0]=GSTexImage Image (128, 64) pallete: 0 (ResourceId::12080) (ImageSampler, addr=Wrap,mip=0,cmp=Never); Vertex:ReadWriteResources[0:0]=Buffer 1876 (ResourceId::1876) (ReadWriteBuffer, addr=Wrap,mip=0,cmp=AlwaysTrue); Vertex:ReadWriteResources[1:0]=Buffer 1882 (ResourceId::1882) (ReadWriteBuffer, addr=Wrap,mip=0,cmp=AlwaysTrue); Vertex:ReadWriteResources[2:0]=Buffer 1888 (ResourceId::1888) (ReadWriteBuffer, addr=Wrap,mip=0,cmp=AlwaysTrue); Vertex:ReadWriteResources[3:0]=Buffer 1894 (ResourceId::1894) (ReadWriteBuffer, addr=Wrap,mip=0,cmp=AlwaysTrue)",0.000000,9.216000
838,0.000000,1,vkCmdDrawIndexed(),Native Render > Render Pass [clear: Depth] > Native SECT1.g2d (m: 18 l: 0) > Material 18 > SECT1.g3d_2_0_39,Native Render,Native SECT1.g2d (m: 18 l: 0),18,SECT1.g3d_2_0_39,444,257-1024,1,,,,,,,(none),,0.000000,0.000000
846,0.000000,1,vkCmdDrawIndexed(),Native Render > Render Pass [clear: Depth] > Native SECT1.g2d (m: 18 l: 0) > Material 18 > SECT1.g3d_2_0_38,Native Render,Native SECT1.g2d (m: 18 l: 0),18,SECT1.g3d_2_0_38,612,257-1024,1,,,,,,,(none),,0.000000,0.000000
854,9.011200,1,vkCmdDrawIndexed(),Native Render > Render Pass [clear: Depth] > Native SECT1.g2d (m: 18 l: 0) > Material 18 > SECT1.g3d_194,Native Render,Native SECT1.g2d (m: 18 l: 0),18,SECT1.g3d_194,447,257-1024,1,Native Previewer GLSL Blend 256 (ResourceId::15346),"rt0:blend=on,mask=RGBA",test=on write=on func=CompareFunction.Greater,rt0=RGBA,rt0=2D Color Attachment 3466 (ResourceId::3466),2D Depth/Stencil Attachment 3470 (ResourceId::3470),"GSTexImage Image (128, 64) pallete: 0 (ResourceId::12080) (ImageSampler, addr=Wrap,mip=0,cmp=Never)","Pixel:ReadOnlyResources[0:0]=GSTexImage Image (128, 64) pallete: 0 (ResourceId::12080) (ImageSampler, addr=Wrap,mip=0,cmp=Never); Vertex:ReadWriteResources[0:0]=Buffer 1876 (ResourceId::1876) (ReadWriteBuffer, addr=Wrap,mip=0,cmp=AlwaysTrue); Vertex:ReadWriteResources[1:0]=Buffer 1882 (ResourceId::1882) (ReadWriteBuffer, addr=Wrap,mip=0,cmp=AlwaysTrue); Vertex:ReadWriteResources[2:0]=Buffer 1888 (ResourceId::1888) (ReadWriteBuffer, addr=Wrap,mip=0,cmp=AlwaysTrue); Vertex:ReadWriteResources[3:0]=Buffer 1894 (ResourceId::1894) (ReadWriteBuffer, addr=Wrap,mip=0,cmp=AlwaysTrue)",0.000000,23.552000
862,4.915200,1,vkCmdDrawIndexed(),Native Render > Render Pass [clear: Depth] > Native SECT1.g2d (m: 18 l: 0) > Material 18 > SECT1.g3d_177,Native Render,Native SECT1.g2d (m: 18 l: 0),18,SECT1.g3d_177,276,257-1024,1,Native Previewer GLSL Blend 256 (ResourceId::15346),"rt0:blend=on,mask=RGBA",test=on write=on func=CompareFunction.Greater,rt0=RGBA,rt0=2D Color Attachment 3466 (ResourceId::3466),2D Depth/Stencil Attachment 3470 (ResourceId::3470),"GSTexImage Image (128, 64) pallete: 0 (ResourceId::12080) (ImageSampler, addr=Wrap,mip=0,cmp=Never)","Pixel:ReadOnlyResources[0:0]=GSTexImage Image (128, 64) pallete: 0 (ResourceId::12080) (ImageSampler, addr=Wrap,mip=0,cmp=Never); Vertex:ReadWriteResources[0:0]=Buffer 1876 (ResourceId::1876) (ReadWriteBuffer, addr=Wrap,mip=0,cmp=AlwaysTrue); Vertex:ReadWriteResources[1:0]=Buffer 1882 (ResourceId::1882) (ReadWriteBuffer, addr=Wrap,mip=0,cmp=AlwaysTrue); Vertex:ReadWriteResources[2:0]=Buffer 1888 (ResourceId::1888) (ReadWriteBuffer, addr=Wrap,mip=0,cmp=AlwaysTrue); Vertex:ReadWriteResources[3:0]=Buffer 1894 (ResourceId::1894) (ReadWriteBuffer, addr=Wrap,mip=0,cmp=AlwaysTrue)",0.000000,22.528000
870,1.740800,1,vkCmdDrawIndexed(),Native Render > Render Pass [clear: Depth] > Native SECT1.g2d (m: 18 l: 0) > Material 18 > SECT1.g3d_132,Native Render,Native SECT1.g2d (m: 18 l: 0),18,SECT1.g3d_132,216,49-256,1,Native Previewer GLSL Blend 256 (ResourceId::15346),"rt0:blend=on,mask=RGBA",test=on write=on func=CompareFunction.Greater,rt0=RGBA,rt0=2D Color Attachment 3466 (ResourceId::3466),2D Depth/Stencil Attachment 3470 (ResourceId::3470),"GSTexImage Image (128, 64) pallete: 0 (ResourceId::12080) (ImageSampler, addr=Wrap,mip=0,cmp=Never)","Pixel:ReadOnlyResources[0:0]=GSTexImage Image (128, 64) pallete: 0 (ResourceId::12080) (ImageSampler, addr=Wrap,mip=0,cmp=Never); Vertex:ReadWriteResources[0:0]=Buffer 1876 (ResourceId::1876) (ReadWriteBuffer, addr=Wrap,mip=0,cmp=AlwaysTrue); Vertex:ReadWriteResources[1:0]=Buffer 1882 (ResourceId::1882) (ReadWriteBuffer, addr=Wrap,mip=0,cmp=AlwaysTrue); Vertex:ReadWriteResources[2:0]=Buffer 1888 (ResourceId::1888) (ReadWriteBuffer, addr=Wrap,mip=0,cmp=AlwaysTrue); Vertex:ReadWriteResources[3:0]=Buffer 1894 (ResourceId::1894) (ReadWriteBuffer, addr=Wrap,mip=0,cmp=AlwaysTrue)",0.000000,8.192000
883,3.072000,1,vkCmdDrawIndexed(),Native Render > Render Pass [clear: Depth] > Native SECT1.g2d (m: 16 l: 0) > Material 16 > SECT1.g3d_130,Native Render,Native SECT1.g2d (m: 16 l: 0),16,SECT1.g3d_130,351,257-1024,1,Native Previewer GLSL Blend 256 (ResourceId::15346),"rt0:blend=on,mask=RGBA",test=on write=on func=CompareFunction.Greater,rt0=RGBA,rt0=2D Color Attachment 3466 (ResourceId::3466),2D Depth/Stencil Attachment 3470 (ResourceId::3470),"GSTexImage Image (128, 128) pallete: 0 (ResourceId::12048) (ImageSampler, addr=ClampEdge,mip=0,cmp=Never)","Pixel:ReadOnlyResources[0:0]=GSTexImage Image (128, 128) pallete: 0 (ResourceId::12048) (ImageSampler, addr=ClampEdge,mip=0,cmp=Never); Vertex:ReadWriteResources[0:0]=Buffer 1876 (ResourceId::1876) (ReadWriteBuffer, addr=Wrap,mip=0,cmp=AlwaysTrue); Vertex:ReadWriteResources[1:0]=Buffer 1882 (ResourceId::1882) (ReadWriteBuffer, addr=Wrap,mip=0,cmp=AlwaysTrue); Vertex:ReadWriteResources[2:0]=Buffer 1888 (ResourceId::1888) (ReadWriteBuffer, addr=Wrap,mip=0,cmp=AlwaysTrue); Vertex:ReadWriteResources[3:0]=Buffer 1894 (ResourceId::1894) (ReadWriteBuffer, addr=Wrap,mip=0,cmp=AlwaysTrue)",0.000000,23.552000
896,0.000000,1,vkCmdDrawIndexed(),Native Render > Render Pass [clear: Depth] > Native SECT1.g2d (m: 0 l: 0) > Material 0 > SECT1.g3d_4_0_113,Native Render,Native SECT1.g2d (m: 0 l: 0),0,SECT1.g3d_4_0_113,342,257-1024,1,,,,,,,(none),,0.000000,0.000000
904,0.102400,1,vkCmdDrawIndexed(),Native Render > Render Pass [clear: Depth] > Native SECT1.g2d (m: 0 l: 0) > Material 0 > SECT1.g3d_123,Native Render,Native SECT1.g2d (m: 0 l: 0),0,SECT1.g3d_123,267,257-1024,1,Native Previewer GLSL Blend 256 (ResourceId::15346),"rt0:blend=on,mask=RGBA",test=on write=on func=CompareFunction.Greater,rt0=RGBA,rt0=2D Color Attachment 3466 (ResourceId::3466),2D Depth/Stencil Attachment 3470 (ResourceId::3470),"GSTexImage Image (128, 128) pallete: 0 (ResourceId::11792) (ImageSampler, addr=Wrap,mip=0,cmp=Never)","Pixel:ReadOnlyResources[0:0]=GSTexImage Image (128, 128) pallete: 0 (ResourceId::11792) (ImageSampler, addr=Wrap,mip=0,cmp=Never); Vertex:ReadWriteResources[0:0]=Buffer 1876 (ResourceId::1876) (ReadWriteBuffer, addr=Wrap,mip=0,cmp=AlwaysTrue); Vertex:ReadWriteResources[1:0]=Buffer 1882 (ResourceId::1882) (ReadWriteBuffer, addr=Wrap,mip=0,cmp=AlwaysTrue); Vertex:ReadWriteResources[2:0]=Buffer 1888 (ResourceId::1888) (ReadWriteBuffer, addr=Wrap,mip=0,cmp=AlwaysTrue); Vertex:ReadWriteResources[3:0]=Buffer 1894 (ResourceId::1894) (ReadWriteBuffer, addr=Wrap,mip=0,cmp=AlwaysTrue)",0.000000,1.024000
917,2.150400,1,vkCmdDrawIndexed(),Native Render > Render Pass [clear: Depth] > Native SECT1.g2d (m: 2 l: 0) > Material 2 > SECT1.g3d_4_0_65,Native Render,Native SECT1.g2d (m: 2 l: 0),2,SECT1.g3d_4_0_65,27,13-48,1,Native Previewer GLSL Blend 256 (ResourceId::15346),"rt0:blend=on,mask=RGBA",test=on write=on func=CompareFunction.Greater,rt0=RGBA,rt0=2D Color Attachment 3466 (ResourceId::3466),2D Depth/Stencil Attachment 3470 (ResourceId::3470),"GSTexImage Image (128, 128) pallete: 0 (ResourceId::11824) (ImageSampler, addr=Wrap,mip=0,cmp=Never)","Pixel:ReadOnlyResources[0:0]=GSTexImage Image (128, 128) pallete: 0 (ResourceId::11824) (ImageSampler, addr=Wrap,mip=0,cmp=Never); Vertex:ReadWriteResources[0:0]=Buffer 1876 (ResourceId::1876) (ReadWriteBuffer, addr=Wrap,mip=0,cmp=AlwaysTrue); Vertex:ReadWriteResources[1:0]=Buffer 1882 (ResourceId::1882) (ReadWriteBuffer, addr=Wrap,mip=0,cmp=AlwaysTrue); Vertex:ReadWriteResources[2:0]=Buffer 1888 (ResourceId::1888) (ReadWriteBuffer, addr=Wrap,mip=0,cmp=AlwaysTrue); Vertex:ReadWriteResources[3:0]=Buffer 1894 (ResourceId::1894) (ReadWriteBuffer, addr=Wrap,mip=0,cmp=AlwaysTrue)",0.000000,11.264000
925,22.835200,1,vkCmdDrawIndexed(),Native Render > Render Pass [clear: Depth] > Native SECT1.g2d (m: 2 l: 0) > Material 2 > SECT1.g3d_4_0_62,Native Render,Native SECT1.g2d (m: 2 l: 0),2,SECT1.g3d_4_0_62,438,257-1024,1,Native Previewer GLSL Blend 256 (ResourceId::15346),"rt0:blend=on,mask=RGBA",test=on write=on func=CompareFunction.Greater,rt0=RGBA,rt0=2D Color Attachment 3466 (ResourceId::3466),2D Depth/Stencil Attachment 3470 (ResourceId::3470),"GSTexImage Image (128, 128) pallete: 0 (ResourceId::11824) (ImageSampler, addr=Wrap,mip=0,cmp=Never)","Pixel:ReadOnlyResources[0:0]=GSTexImage Image (128, 128) pallete: 0 (ResourceId::11824) (ImageSampler, addr=Wrap,mip=0,cmp=Never); Vertex:ReadWriteResources[0:0]=Buffer 1876 (ResourceId::1876) (ReadWriteBuffer, addr=Wrap,mip=0,cmp=AlwaysTrue); Vertex:ReadWriteResources[1:0]=Buffer 1882 (ResourceId::1882) (ReadWriteBuffer, addr=Wrap,mip=0,cmp=AlwaysTrue); Vertex:ReadWriteResources[2:0]=Buffer 1888 (ResourceId::1888) (ReadWriteBuffer, addr=Wrap,mip=0,cmp=AlwaysTrue); Vertex:ReadWriteResources[3:0]=Buffer 1894 (ResourceId::1894) (ReadWriteBuffer, addr=Wrap,mip=0,cmp=AlwaysTrue)",0.000000,32.768000
933,0.000000,1,vkCmdDrawIndexed(),Native Render > Render Pass [clear: Depth] > Native SECT1.g2d (m: 2 l: 0) > Material 2 > SECT1.g3d_4_0_54,Native Render,Native SECT1.g2d (m: 2 l: 0),2,SECT1.g3d_4_0_54,237,49-256,1,,,,,,,(none),,0.000000,0.000000
941,0.000000,1,vkCmdDrawIndexed(),Native Render > Render Pass [clear: Depth] > Native SECT1.g2d (m: 2 l: 0) > Material 2 > SECT1.g3d_4_0_43,Native Render,Native SECT1.g2d (m: 2 l: 0),2,SECT1.g3d_4_0_43,81,49-256,1,,,,,,,(none),,0.000000,0.000000
949,4.403200,1,vkCmdDrawIndexed(),Native Render > Render Pass [clear: Depth] > Native SECT1.g2d (m: 2 l: 0) > Material 2 > SECT1.g3d_4_0_4,Native Render,Native SECT1.g2d (m: 2 l: 0),2,SECT1.g3d_4_0_4,1989,1025-4096,1,Native Previewer GLSL Blend 256 (ResourceId::15346),"rt0:blend=on,mask=RGBA",test=on write=on func=CompareFunction.Greater,rt0=RGBA,rt0=2D Color Attachment 3466 (ResourceId::3466),2D Depth/Stencil Attachment 3470 (ResourceId::3470),"GSTexImage Image (128, 128) pallete: 0 (ResourceId::11824) (ImageSampler, addr=Wrap,mip=0,cmp=Never)","Pixel:ReadOnlyResources[0:0]=GSTexImage Image (128, 128) pallete: 0 (ResourceId::11824) (ImageSampler, addr=Wrap,mip=0,cmp=Never); Vertex:ReadWriteResources[0:0]=Buffer 1876 (ResourceId::1876) (ReadWriteBuffer, addr=Wrap,mip=0,cmp=AlwaysTrue); Vertex:ReadWriteResources[1:0]=Buffer 1882 (ResourceId::1882) (ReadWriteBuffer, addr=Wrap,mip=0,cmp=AlwaysTrue); Vertex:ReadWriteResources[2:0]=Buffer 1888 (ResourceId::1888) (ReadWriteBuffer, addr=Wrap,mip=0,cmp=AlwaysTrue); Vertex:ReadWriteResources[3:0]=Buffer 1894 (ResourceId::1894) (ReadWriteBuffer, addr=Wrap,mip=0,cmp=AlwaysTrue)",0.000000,25.600000
957,0.102400,1,vkCmdDrawIndexed(),Native Render > Render Pass [clear: Depth] > Native SECT1.g2d (m: 2 l: 0) > Material 2 > SECT1.g3d_3_0_15,Native Render,Native SECT1.g2d (m: 2 l: 0),2,SECT1.g3d_3_0_15,75,49-256,1,Native Previewer GLSL Blend 256 (ResourceId::15346),"rt0:blend=on,mask=RGBA",test=on write=on func=CompareFunction.Greater,rt0=RGBA,rt0=2D Color Attachment 3466 (ResourceId::3466),2D Depth/Stencil Attachment 3470 (ResourceId::3470),"GSTexImage Image (128, 128) pallete: 0 (ResourceId::11824) (ImageSampler, addr=Wrap,mip=0,cmp=Never)","Pixel:ReadOnlyResources[0:0]=GSTexImage Image (128, 128) pallete: 0 (ResourceId::11824) (ImageSampler, addr=Wrap,mip=0,cmp=Never); Vertex:ReadWriteResources[0:0]=Buffer 1876 (ResourceId::1876) (ReadWriteBuffer, addr=Wrap,mip=0,cmp=AlwaysTrue); Vertex:ReadWriteResources[1:0]=Buffer 1882 (ResourceId::1882) (ReadWriteBuffer, addr=Wrap,mip=0,cmp=AlwaysTrue); Vertex:ReadWriteResources[2:0]=Buffer 1888 (ResourceId::1888) (ReadWriteBuffer, addr=Wrap,mip=0,cmp=AlwaysTrue); Vertex:ReadWriteResources[3:0]=Buffer 1894 (ResourceId::1894) (ReadWriteBuffer, addr=Wrap,mip=0,cmp=AlwaysTrue)",0.000000,1.024000
965,2.560000,1,vkCmdDrawIndexed(),Native Render > Render Pass [clear: Depth] > Native SECT1.g2d (m: 2 l: 0) > Material 2 > SECT1.g3d_3_0_4,Native Render,Native SECT1.g2d (m: 2 l: 0),2,SECT1.g3d_3_0_4,132,49-256,1,Native Previewer GLSL Blend 256 (ResourceId::15346),"rt0:blend=on,mask=RGBA",test=on write=on func=CompareFunction.Greater,rt0=RGBA,rt0=2D Color Attachment 3466 (ResourceId::3466),2D Depth/Stencil Attachment 3470 (ResourceId::3470),"GSTexImage Image (128, 128) pallete: 0 (ResourceId::11824) (ImageSampler, addr=Wrap,mip=0,cmp=Never)","Pixel:ReadOnlyResources[0:0]=GSTexImage Image (128, 128) pallete: 0 (ResourceId::11824) (ImageSampler, addr=Wrap,mip=0,cmp=Never); Vertex:ReadWriteResources[0:0]=Buffer 1876 (ResourceId::1876) (ReadWriteBuffer, addr=Wrap,mip=0,cmp=AlwaysTrue); Vertex:ReadWriteResources[1:0]=Buffer 1882 (ResourceId::1882) (ReadWriteBuffer, addr=Wrap,mip=0,cmp=AlwaysTrue); Vertex:ReadWriteResources[2:0]=Buffer 1888 (ResourceId::1888) (ReadWriteBuffer, addr=Wrap,mip=0,cmp=AlwaysTrue); Vertex:ReadWriteResources[3:0]=Buffer 1894 (ResourceId::1894) (ReadWriteBuffer, addr=Wrap,mip=0,cmp=AlwaysTrue)",0.000000,9.216000
973,0.000000,1,vkCmdDrawIndexed(),Native Render > Render Pass [clear: Depth] > Native SECT1.g2d (m: 2 l: 0) > Material 2 > SECT1.g3d_2_0_64,Native Render,Native SECT1.g2d (m: 2 l: 0),2,SECT1.g3d_2_0_64,303,257-1024,1,,,,,,,(none),,0.000000,0.000000
981,0.000000,1,vkCmdDrawIndexed(),Native Render > Render Pass [clear: Depth] > Native SECT1.g2d (m: 2 l: 0) > Material 2 > SECT1.g3d_2_0_58,Native Render,Native SECT1.g2d (m: 2 l: 0),2,SECT1.g3d_2_0_58,516,257-1024,1,,,,,,,(none),,0.000000,0.000000
989,0.000000,1,vkCmdDrawIndexed(),Native Render > Render Pass [clear: Depth] > Native SECT1.g2d (m: 2 l: 0) > Material 2 > SECT1.g3d_2_0_27,Native Render,Native SECT1.g2d (m: 2 l: 0),2,SECT1.g3d_2_0_27,1704,1025-4096,1,,,,,,,(none),,0.000000,0.000000
997,0.921600,1,vkCmdDrawIndexed(),Native Render > Render Pass [clear: Depth] > Native SECT1.g2d (m: 2 l: 0) > Material 2 > SECT1.g3d_124,Native Render,Native SECT1.g2d (m: 2 l: 0),2,SECT1.g3d_124,189,49-256,1,Native Previewer GLSL Blend 256 (ResourceId::15346),"rt0:blend=on,mask=RGBA",test=on write=on func=CompareFunction.Greater,rt0=RGBA,rt0=2D Color Attachment 3466 (ResourceId::3466),2D Depth/Stencil Attachment 3470 (ResourceId::3470),"GSTexImage Image (128, 128) pallete: 0 (ResourceId::11824) (ImageSampler, addr=Wrap,mip=0,cmp=Never)","Pixel:ReadOnlyResources[0:0]=GSTexImage Image (128, 128) pallete: 0 (ResourceId::11824) (ImageSampler, addr=Wrap,mip=0,cmp=Never); Vertex:ReadWriteResources[0:0]=Buffer 1876 (ResourceId::1876) (ReadWriteBuffer, addr=Wrap,mip=0,cmp=AlwaysTrue); Vertex:ReadWriteResources[1:0]=Buffer 1882 (ResourceId::1882) (ReadWriteBuffer, addr=Wrap,mip=0,cmp=AlwaysTrue); Vertex:ReadWriteResources[2:0]=Buffer 1888 (ResourceId::1888) (ReadWriteBuffer, addr=Wrap,mip=0,cmp=AlwaysTrue); Vertex:ReadWriteResources[3:0]=Buffer 1894 (ResourceId::1894) (ReadWriteBuffer, addr=Wrap,mip=0,cmp=AlwaysTrue)",0.000000,5.120000
1005,0.102400,1,vkCmdDrawIndexed(),Native Render > Render Pass [clear: Depth] > Native SECT1.g2d (m: 2 l: 0) > Material 2 > SECT1.g3d_118,Native Render,Native SECT1.g2d (m: 2 l: 0),2,SECT1.g3d_118,54,49-256,1,Native Previewer GLSL Blend 256 (ResourceId::15346),"rt0:blend=on,mask=RGBA",test=on write=on func=CompareFunction.Greater,rt0=RGBA,rt0=2D Color Attachment 3466 (ResourceId::3466),2D Depth/Stencil Attachment 3470 (ResourceId::3470),"GSTexImage Image (128, 128) pallete: 0 (ResourceId::11824) (ImageSampler, addr=Wrap,mip=0,cmp=Never)","Pixel:ReadOnlyResources[0:0]=GSTexImage Image (128, 128) pallete: 0 (ResourceId::11824) (ImageSampler, addr=Wrap,mip=0,cmp=Never); Vertex:ReadWriteResources[0:0]=Buffer 1876 (ResourceId::1876) (ReadWriteBuffer, addr=Wrap,mip=0,cmp=AlwaysTrue); Vertex:ReadWriteResources[1:0]=Buffer 1882 (ResourceId::1882) (ReadWriteBuffer, addr=Wrap,mip=0,cmp=AlwaysTrue); Vertex:ReadWriteResources[2:0]=Buffer 1888 (ResourceId::1888) (ReadWriteBuffer, addr=Wrap,mip=0,cmp=AlwaysTrue); Vertex:ReadWriteResources[3:0]=Buffer 1894 (ResourceId::1894) (ReadWriteBuffer, addr=Wrap,mip=0,cmp=AlwaysTrue)",0.000000,1.024000
1018,0.204800,1,vkCmdDrawIndexed(),Native Render > Render Pass [clear: Depth] > Native SECT1.g2d (m: 23 l: 0) > Material 23 > SECT1.g3d_5_0_39,Native Render,Native SECT1.g2d (m: 23 l: 0),23,SECT1.g3d_5_0_39,294,257-1024,1,Native Previewer GLSL Blend 256 (ResourceId::15346),"rt0:blend=on,mask=RGBA",test=on write=on func=CompareFunction.Greater,rt0=RGBA,rt0=2D Color Attachment 3466 (ResourceId::3466),2D Depth/Stencil Attachment 3470 (ResourceId::3470),"GSTexImage Image (128, 32) pallete: 0 (ResourceId::12160) (ImageSampler, addr=ClampEdge,mip=0,cmp=Never)","Pixel:ReadOnlyResources[0:0]=GSTexImage Image (128, 32) pallete: 0 (ResourceId::12160) (ImageSampler, addr=ClampEdge,mip=0,cmp=Never); Vertex:ReadWriteResources[0:0]=Buffer 1876 (ResourceId::1876) (ReadWriteBuffer, addr=Wrap,mip=0,cmp=AlwaysTrue); Vertex:ReadWriteResources[1:0]=Buffer 1882 (ResourceId::1882) (ReadWriteBuffer, addr=Wrap,mip=0,cmp=AlwaysTrue); Vertex:ReadWriteResources[2:0]=Buffer 1888 (ResourceId::1888) (ReadWriteBuffer, addr=Wrap,mip=0,cmp=AlwaysTrue); Vertex:ReadWriteResources[3:0]=Buffer 1894 (ResourceId::1894) (ReadWriteBuffer, addr=Wrap,mip=0,cmp=AlwaysTrue)",0.000000,1.024000
1026,0.000000,1,vkCmdDrawIndexed(),Native Render > Render Pass [clear: Depth] > Native SECT1.g2d (m: 23 l: 0) > Material 23 > SECT1.g3d_5_0_32,Native Render,Native SECT1.g2d (m: 23 l: 0),23,SECT1.g3d_5_0_32,144,49-256,1,,,,,,,(none),,0.000000,0.000000
1034,0.102400,1,vkCmdDrawIndexed(),Native Render > Render Pass [clear: Depth] > Native SECT1.g2d (m: 23 l: 0) > Material 23 > SECT1.g3d_5_0_31,Native Render,Native SECT1.g2d (m: 23 l: 0),23,SECT1.g3d_5_0_31,294,257-1024,1,Native Previewer GLSL Blend 256 (ResourceId::15346),"rt0:blend=on,mask=RGBA",test=on write=on func=CompareFunction.Greater,rt0=RGBA,rt0=2D Color Attachment 3466 (ResourceId::3466),2D Depth/Stencil Attachment 3470 (ResourceId::3470),"GSTexImage Image (128, 32) pallete: 0 (ResourceId::12160) (ImageSampler, addr=ClampEdge,mip=0,cmp=Never)","Pixel:ReadOnlyResources[0:0]=GSTexImage Image (128, 32) pallete: 0 (ResourceId::12160) (ImageSampler, addr=ClampEdge,mip=0,cmp=Never); Vertex:ReadWriteResources[0:0]=Buffer 1876 (ResourceId::1876) (ReadWriteBuffer, addr=Wrap,mip=0,cmp=AlwaysTrue); Vertex:ReadWriteResources[1:0]=Buffer 1882 (ResourceId::1882) (ReadWriteBuffer, addr=Wrap,mip=0,cmp=AlwaysTrue); Vertex:ReadWriteResources[2:0]=Buffer 1888 (ResourceId::1888) (ReadWriteBuffer, addr=Wrap,mip=0,cmp=AlwaysTrue); Vertex:ReadWriteResources[3:0]=Buffer 1894 (ResourceId::1894) (ReadWriteBuffer, addr=Wrap,mip=0,cmp=AlwaysTrue)",0.000000,1.024000
1042,0.000000,1,vkCmdDrawIndexed(),Native Render > Render Pass [clear: Depth] > Native SECT1.g2d (m: 23 l: 0) > Material 23 > SECT1.g3d_5_0_28,Native Render,Native SECT1.g2d (m: 23 l: 0),23,SECT1.g3d_5_0_28,294,257-1024,1,,,,,,,(none),,0.000000,0.000000
1050,1.536000,1,vkCmdDrawIndexed(),Native Render > Render Pass [clear: Depth] > Native SECT1.g2d (m: 23 l: 0) > Material 23 > SECT1.g3d_4_0_66,Native Render,Native SECT1.g2d (m: 23 l: 0),23,SECT1.g3d_4_0_66,1590,1025-4096,1,Native Previewer GLSL Blend 256 (ResourceId::15346),"rt0:blend=on,mask=RGBA",test=on write=on func=CompareFunction.Greater,rt0=RGBA,rt0=2D Color Attachment 3466 (ResourceId::3466),2D Depth/Stencil Attachment 3470 (ResourceId::3470),"GSTexImage Image (128, 32) pallete: 0 (ResourceId::12160) (ImageSampler, addr=ClampEdge,mip=0,cmp=Never)","Pixel:ReadOnlyResources[0:0]=GSTexImage Image (128, 32) pallete: 0 (ResourceId::12160) (ImageSampler, addr=ClampEdge,mip=0,cmp=Never); Vertex:ReadWriteResources[0:0]=Buffer 1876 (ResourceId::1876) (ReadWriteBuffer, addr=Wrap,mip=0,cmp=AlwaysTrue); Vertex:ReadWriteResources[1:0]=Buffer 1882 (ResourceId::1882) (ReadWriteBuffer, addr=Wrap,mip=0,cmp=AlwaysTrue); Vertex:ReadWriteResources[2:0]=Buffer 1888 (ResourceId::1888) (ReadWriteBuffer, addr=Wrap,mip=0,cmp=AlwaysTrue); Vertex:ReadWriteResources[3:0]=Buffer 1894 (ResourceId::1894) (ReadWriteBuffer, addr=Wrap,mip=0,cmp=AlwaysTrue)",0.000000,5.120000
1058,0.102400,1,vkCmdDrawIndexed(),Native Render > Render Pass [clear: Depth] > Native SECT1.g2d (m: 23 l: 0) > Material 23 > SECT1.g3d_4_0_32,Native Render,Native SECT1.g2d (m: 23 l: 0),23,SECT1.g3d_4_0_32,72,49-256,1,Native Previewer GLSL Blend 256 (ResourceId::15346),"rt0:blend=on,mask=RGBA",test=on write=on func=CompareFunction.Greater,rt0=RGBA,rt0=2D Color Attachment 3466 (ResourceId::3466),2D Depth/Stencil Attachment 3470 (ResourceId::3470),"GSTexImage Image (128, 32) pallete: 0 (ResourceId::12160) (ImageSampler, addr=ClampEdge,mip=0,cmp=Never)","Pixel:ReadOnlyResources[0:0]=GSTexImage Image (128, 32) pallete: 0 (ResourceId::12160) (ImageSampler, addr=ClampEdge,mip=0,cmp=Never); Vertex:ReadWriteResources[0:0]=Buffer 1876 (ResourceId::1876) (ReadWriteBuffer, addr=Wrap,mip=0,cmp=AlwaysTrue); Vertex:ReadWriteResources[1:0]=Buffer 1882 (ResourceId::1882) (ReadWriteBuffer, addr=Wrap,mip=0,cmp=AlwaysTrue); Vertex:ReadWriteResources[2:0]=Buffer 1888 (ResourceId::1888) (ReadWriteBuffer, addr=Wrap,mip=0,cmp=AlwaysTrue); Vertex:ReadWriteResources[3:0]=Buffer 1894 (ResourceId::1894) (ReadWriteBuffer, addr=Wrap,mip=0,cmp=AlwaysTrue)",0.000000,1.024000
1066,0.000000,1,vkCmdDrawIndexed(),Native Render > Render Pass [clear: Depth] > Native SECT1.g2d (m: 23 l: 0) > Material 23 > SECT1.g3d_4_0_31,Native Render,Native SECT1.g2d (m: 23 l: 0),23,SECT1.g3d_4_0_31,720,257-1024,1,,,,,,,(none),,0.000000,0.000000
1074,3.584000,1,vkCmdDrawIndexed(),Native Render > Render Pass [clear: Depth] > Native SECT1.g2d (m: 23 l: 0) > Material 23 > SECT1.g3d_4_0_3,Native Render,Native SECT1.g2d (m: 23 l: 0),23,SECT1.g3d_4_0_3,522,257-1024,1,Native Previewer GLSL Blend 256 (ResourceId::15346),"rt0:blend=on,mask=RGBA",test=on write=on func=CompareFunction.Greater,rt0=RGBA,rt0=2D Color Attachment 3466 (ResourceId::3466),2D Depth/Stencil Attachment 3470 (ResourceId::3470),"GSTexImage Image (128, 32) pallete: 0 (ResourceId::12160) (ImageSampler, addr=ClampEdge,mip=0,cmp=Never)","Pixel:ReadOnlyResources[0:0]=GSTexImage Image (128, 32) pallete: 0 (ResourceId::12160) (ImageSampler, addr=ClampEdge,mip=0,cmp=Never); Vertex:ReadWriteResources[0:0]=Buffer 1876 (ResourceId::1876) (ReadWriteBuffer, addr=Wrap,mip=0,cmp=AlwaysTrue); Vertex:ReadWriteResources[1:0]=Buffer 1882 (ResourceId::1882) (ReadWriteBuffer, addr=Wrap,mip=0,cmp=AlwaysTrue); Vertex:ReadWriteResources[2:0]=Buffer 1888 (ResourceId::1888) (ReadWriteBuffer, addr=Wrap,mip=0,cmp=AlwaysTrue); Vertex:ReadWriteResources[3:0]=Buffer 1894 (ResourceId::1894) (ReadWriteBuffer, addr=Wrap,mip=0,cmp=AlwaysTrue)",0.000000,19.456000
1082,0.000000,1,vkCmdDrawIndexed(),Native Render > Render Pass [clear: Depth] > Native SECT1.g2d (m: 23 l: 0) > Material 23 > SECT1.g3d_2_0_37,Native Render,Native SECT1.g2d (m: 23 l: 0),23,SECT1.g3d_2_0_37,144,49-256,1,,,,,,,(none),,0.000000,0.000000
1090,3.379200,1,vkCmdDrawIndexed(),Native Render > Render Pass [clear: Depth] > Native SECT1.g2d (m: 23 l: 0) > Material 23 > SECT1.g3d_2_0_7,Native Render,Native SECT1.g2d (m: 23 l: 0),23,SECT1.g3d_2_0_7,1644,1025-4096,1,Native Previewer GLSL Blend 256 (ResourceId::15346),"rt0:blend=on,mask=RGBA",test=on write=on func=CompareFunction.Greater,rt0=RGBA,rt0=2D Color Attachment 3466 (ResourceId::3466),2D Depth/Stencil Attachment 3470 (ResourceId::3470),"GSTexImage Image (128, 32) pallete: 0 (ResourceId::12160) (ImageSampler, addr=ClampEdge,mip=0,cmp=Never)","Pixel:ReadOnlyResources[0:0]=GSTexImage Image (128, 32) pallete: 0 (ResourceId::12160) (ImageSampler, addr=ClampEdge,mip=0,cmp=Never); Vertex:ReadWriteResources[0:0]=Buffer 1876 (ResourceId::1876) (ReadWriteBuffer, addr=Wrap,mip=0,cmp=AlwaysTrue); Vertex:ReadWriteResources[1:0]=Buffer 1882 (ResourceId::1882) (ReadWriteBuffer, addr=Wrap,mip=0,cmp=AlwaysTrue); Vertex:ReadWriteResources[2:0]=Buffer 1888 (ResourceId::1888) (ReadWriteBuffer, addr=Wrap,mip=0,cmp=AlwaysTrue); Vertex:ReadWriteResources[3:0]=Buffer 1894 (ResourceId::1894) (ReadWriteBuffer, addr=Wrap,mip=0,cmp=AlwaysTrue)",0.000000,11.264000
1098,0.000000,1,vkCmdDrawIndexed(),Native Render > Render Pass [clear: Depth] > Native SECT1.g2d (m: 23 l: 0) > Material 23 > SECT1.g3d_190,Native Render,Native SECT1.g2d (m: 23 l: 0),23,SECT1.g3d_190,366,257-1024,1,,,,,,,(none),,0.000000,0.000000
1106,0.409600,1,vkCmdDrawIndexed(),Native Render > Render Pass [clear: Depth] > Native SECT1.g2d (m: 23 l: 0) > Material 23 > SECT1.g3d_146,Native Render,Native SECT1.g2d (m: 23 l: 0),23,SECT1.g3d_146,84,49-256,1,Native Previewer GLSL Blend 256 (ResourceId::15346),"rt0:blend=on,mask=RGBA",test=on write=on func=CompareFunction.Greater,rt0=RGBA,rt0=2D Color Attachment 3466 (ResourceId::3466),2D Depth/Stencil Attachment 3470 (ResourceId::3470),"GSTexImage Image (128, 32) pallete: 0 (ResourceId::12160) (ImageSampler, addr=ClampEdge,mip=0,cmp=Never)","Pixel:ReadOnlyResources[0:0]=GSTexImage Image (128, 32) pallete: 0 (ResourceId::12160) (ImageSampler, addr=ClampEdge,mip=0,cmp=Never); Vertex:ReadWriteResources[0:0]=Buffer 1876 (ResourceId::1876) (ReadWriteBuffer, addr=Wrap,mip=0,cmp=AlwaysTrue); Vertex:ReadWriteResources[1:0]=Buffer 1882 (ResourceId::1882) (ReadWriteBuffer, addr=Wrap,mip=0,cmp=AlwaysTrue); Vertex:ReadWriteResources[2:0]=Buffer 1888 (ResourceId::1888) (ReadWriteBuffer, addr=Wrap,mip=0,cmp=AlwaysTrue); Vertex:ReadWriteResources[3:0]=Buffer 1894 (ResourceId::1894) (ReadWriteBuffer, addr=Wrap,mip=0,cmp=AlwaysTrue)",0.000000,2.048000
1114,6.451200,1,vkCmdDrawIndexed(),Native Render > Render Pass [clear: Depth] > Native SECT1.g2d (m: 23 l: 0) > Material 23 > SECT1.g3d_145,Native Render,Native SECT1.g2d (m: 23 l: 0),23,SECT1.g3d_145,1269,1025-4096,1,Native Previewer GLSL Blend 256 (ResourceId::15346),"rt0:blend=on,mask=RGBA",test=on write=on func=CompareFunction.Greater,rt0=RGBA,rt0=2D Color Attachment 3466 (ResourceId::3466),2D Depth/Stencil Attachment 3470 (ResourceId::3470),"GSTexImage Image (128, 32) pallete: 0 (ResourceId::12160) (ImageSampler, addr=ClampEdge,mip=0,cmp=Never)","Pixel:ReadOnlyResources[0:0]=GSTexImage Image (128, 32) pallete: 0 (ResourceId::12160) (ImageSampler, addr=ClampEdge,mip=0,cmp=Never); Vertex:ReadWriteResources[0:0]=Buffer 1876 (ResourceId::1876) (ReadWriteBuffer, addr=Wrap,mip=0,cmp=AlwaysTrue); Vertex:ReadWriteResources[1:0]=Buffer 1882 (ResourceId::1882) (ReadWriteBuffer, addr=Wrap,mip=0,cmp=AlwaysTrue); Vertex:ReadWriteResources[2:0]=Buffer 1888 (ResourceId::1888) (ReadWriteBuffer, addr=Wrap,mip=0,cmp=AlwaysTrue); Vertex:ReadWriteResources[3:0]=Buffer 1894 (ResourceId::1894) (ReadWriteBuffer, addr=Wrap,mip=0,cmp=AlwaysTrue)",0.000000,24.576000
1122,7.168000,1,vkCmdDrawIndexed(),Native Render > Render Pass [clear: Depth] > Native SECT1.g2d (m: 23 l: 0) > Material 23 > SECT1.g3d_144,Native Render,Native SECT1.g2d (m: 23 l: 0),23,SECT1.g3d_144,1290,1025-4096,1,Native Previewer GLSL Blend 256 (ResourceId::15346),"rt0:blend=on,mask=RGBA",test=on write=on func=CompareFunction.Greater,rt0=RGBA,rt0=2D Color Attachment 3466 (ResourceId::3466),2D Depth/Stencil Attachment 3470 (ResourceId::3470),"GSTexImage Image (128, 32) pallete: 0 (ResourceId::12160) (ImageSampler, addr=ClampEdge,mip=0,cmp=Never)","Pixel:ReadOnlyResources[0:0]=GSTexImage Image (128, 32) pallete: 0 (ResourceId::12160) (ImageSampler, addr=ClampEdge,mip=0,cmp=Never); Vertex:ReadWriteResources[0:0]=Buffer 1876 (ResourceId::1876) (ReadWriteBuffer, addr=Wrap,mip=0,cmp=AlwaysTrue); Vertex:ReadWriteResources[1:0]=Buffer 1882 (ResourceId::1882) (ReadWriteBuffer, addr=Wrap,mip=0,cmp=AlwaysTrue); Vertex:ReadWriteResources[2:0]=Buffer 1888 (ResourceId::1888) (ReadWriteBuffer, addr=Wrap,mip=0,cmp=AlwaysTrue); Vertex:ReadWriteResources[3:0]=Buffer 1894 (ResourceId::1894) (ReadWriteBuffer, addr=Wrap,mip=0,cmp=AlwaysTrue)",0.000000,18.432000
1130,1.433600,1,vkCmdDrawIndexed(),Native Render > Render Pass [clear: Depth] > Native SECT1.g2d (m: 23 l: 0) > Material 23 > SECT1.g3d_142,Native Render,Native SECT1.g2d (m: 23 l: 0),23,SECT1.g3d_142,528,257-1024,1,Native Previewer GLSL Blend 256 (ResourceId::15346),"rt0:blend=on,mask=RGBA",test=on write=on func=CompareFunction.Greater,rt0=RGBA,rt0=2D Color Attachment 3466 (ResourceId::3466),2D Depth/Stencil Attachment 3470 (ResourceId::3470),"GSTexImage Image (128, 32) pallete: 0 (ResourceId::12160) (ImageSampler, addr=ClampEdge,mip=0,cmp=Never)","Pixel:ReadOnlyResources[0:0]=GSTexImage Image (128, 32) pallete: 0 (ResourceId::12160) (ImageSampler, addr=ClampEdge,mip=0,cmp=Never); Vertex:ReadWriteResources[0:0]=Buffer 1876 (ResourceId::1876) (ReadWriteBuffer, addr=Wrap,mip=0,cmp=AlwaysTrue); Vertex:ReadWriteResources[1:0]=Buffer 1882 (ResourceId::1882) (ReadWriteBuffer, addr=Wrap,mip=0,cmp=AlwaysTrue); Vertex:ReadWriteResources[2:0]=Buffer 1888 (ResourceId::1888) (ReadWriteBuffer, addr=Wrap,mip=0,cmp=AlwaysTrue); Vertex:ReadWriteResources[3:0]=Buffer 1894 (ResourceId::1894) (ReadWriteBuffer, addr=Wrap,mip=0,cmp=AlwaysTrue)",0.000000,13.312000
1138,118.784000,1,vkCmdDrawIndexed(),Native Render > Render Pass [clear: Depth] > Native SECT1.g2d (m: 23 l: 0) > Material 23 > SECT1.g3d_111,Native Render,Native SECT1.g2d (m: 23 l: 0),23,SECT1.g3d_111,3168,1025-4096,1,Native Previewer GLSL Blend 256 (ResourceId::15346),"rt0:blend=on,mask=RGBA",test=on write=on func=CompareFunction.Greater,rt0=RGBA,rt0=2D Color Attachment 3466 (ResourceId::3466),2D Depth/Stencil Attachment 3470 (ResourceId::3470),"GSTexImage Image (128, 32) pallete: 0 (ResourceId::12160) (ImageSampler, addr=ClampEdge,mip=0,cmp=Never)","Pixel:ReadOnlyResources[0:0]=GSTexImage Image (128, 32) pallete: 0 (ResourceId::12160) (ImageSampler, addr=ClampEdge,mip=0,cmp=Never); Vertex:ReadWriteResources[0:0]=Buffer 1876 (ResourceId::1876) (ReadWriteBuffer, addr=Wrap,mip=0,cmp=AlwaysTrue); Vertex:ReadWriteResources[1:0]=Buffer 1882 (ResourceId::1882) (ReadWriteBuffer, addr=Wrap,mip=0,cmp=AlwaysTrue); Vertex:ReadWriteResources[2:0]=Buffer 1888 (ResourceId::1888) (ReadWriteBuffer, addr=Wrap,mip=0,cmp=AlwaysTrue); Vertex:ReadWriteResources[3:0]=Buffer 1894 (ResourceId::1894) (ReadWriteBuffer, addr=Wrap,mip=0,cmp=AlwaysTrue)",26.624000,748.544000
1151,26.419200,1,vkCmdDrawIndexed(),Native Render > Render Pass [clear: Depth] > Native SECT1.g2d (m: 13 l: 0) > Material 13 > SECT1.g3d_97,Native Render,Native SECT1.g2d (m: 13 l: 0),13,SECT1.g3d_97,441,257-1024,1,Native Previewer GLSL Blend 256 (ResourceId::15346),"rt0:blend=on,mask=RGBA",test=on write=on func=CompareFunction.Greater,rt0=RGBA,rt0=2D Color Attachment 3466 (ResourceId::3466),2D Depth/Stencil Attachment 3470 (ResourceId::3470),"GSTexImage Image (128, 128) pallete: 0 (ResourceId::12000) (ImageSampler, addr=ClampEdge,mip=0,cmp=Never)","Pixel:ReadOnlyResources[0:0]=GSTexImage Image (128, 128) pallete: 0 (ResourceId::12000) (ImageSampler, addr=ClampEdge,mip=0,cmp=Never); Vertex:ReadWriteResources[0:0]=Buffer 1876 (ResourceId::1876) (ReadWriteBuffer, addr=Wrap,mip=0,cmp=AlwaysTrue); Vertex:ReadWriteResources[1:0]=Buffer 1882 (ResourceId::1882) (ReadWriteBuffer, addr=Wrap,mip=0,cmp=AlwaysTrue); Vertex:ReadWriteResources[2:0]=Buffer 1888 (ResourceId::1888) (ReadWriteBuffer, addr=Wrap,mip=0,cmp=AlwaysTrue); Vertex:ReadWriteResources[3:0]=Buffer 1894 (ResourceId::1894) (ReadWriteBuffer, addr=Wrap,mip=0,cmp=AlwaysTrue)",0.000000,36.864000
1164,0.204800,1,vkCmdDrawIndexed(),Native Render > Render Pass [clear: Depth] > Native SECT1.g2d (m: 17 l: 0) > Material 17 > SECT1.g3d_5_0_7,Native Render,Native SECT1.g2d (m: 17 l: 0),17,SECT1.g3d_5_0_7,234,49-256,1,Native Previewer GLSL Blend 256 (ResourceId::15346),"rt0:blend=on,mask=RGBA",test=on write=on func=CompareFunction.Greater,rt0=RGBA,rt0=2D Color Attachment 3466 (ResourceId::3466),2D Depth/Stencil Attachment 3470 (ResourceId::3470),"GSTexImage Image (128, 128) pallete: 0 (ResourceId::12064) (ImageSampler, addr=Wrap,mip=0,cmp=Never)","Pixel:ReadOnlyResources[0:0]=GSTexImage Image (128, 128) pallete: 0 (ResourceId::12064) (ImageSampler, addr=Wrap,mip=0,cmp=Never); Vertex:ReadWriteResources[0:0]=Buffer 1876 (ResourceId::1876) (ReadWriteBuffer, addr=Wrap,mip=0,cmp=AlwaysTrue); Vertex:ReadWriteResources[1:0]=Buffer 1882 (ResourceId::1882) (ReadWriteBuffer, addr=Wrap,mip=0,cmp=AlwaysTrue); Vertex:ReadWriteResources[2:0]=Buffer 1888 (ResourceId::1888) (ReadWriteBuffer, addr=Wrap,mip=0,cmp=AlwaysTrue); Vertex:ReadWriteResources[3:0]=Buffer 1894 (ResourceId::1894) (ReadWriteBuffer, addr=Wrap,mip=0,cmp=AlwaysTrue)",0.000000,1.024000
1172,5.632000,1,vkCmdDrawIndexed(),Native Render > Render Pass [clear: Depth] > Native SECT1.g2d (m: 17 l: 0) > Material 17 > SECT1.g3d_5_0_4,Native Render,Native SECT1.g2d (m: 17 l: 0),17,SECT1.g3d_5_0_4,1218,1025-4096,1,Native Previewer GLSL Blend 256 (ResourceId::15346),"rt0:blend=on,mask=RGBA",test=on write=on func=CompareFunction.Greater,rt0=RGBA,rt0=2D Color Attachment 3466 (ResourceId::3466),2D Depth/Stencil Attachment 3470 (ResourceId::3470),"GSTexImage Image (128, 128) pallete: 0 (ResourceId::12064) (ImageSampler, addr=Wrap,mip=0,cmp=Never)","Pixel:ReadOnlyResources[0:0]=GSTexImage Image (128, 128) pallete: 0 (ResourceId::12064) (ImageSampler, addr=Wrap,mip=0,cmp=Never); Vertex:ReadWriteResources[0:0]=Buffer 1876 (ResourceId::1876) (ReadWriteBuffer, addr=Wrap,mip=0,cmp=AlwaysTrue); Vertex:ReadWriteResources[1:0]=Buffer 1882 (ResourceId::1882) (ReadWriteBuffer, addr=Wrap,mip=0,cmp=AlwaysTrue); Vertex:ReadWriteResources[2:0]=Buffer 1888 (ResourceId::1888) (ReadWriteBuffer, addr=Wrap,mip=0,cmp=AlwaysTrue); Vertex:ReadWriteResources[3:0]=Buffer 1894 (ResourceId::1894) (ReadWriteBuffer, addr=Wrap,mip=0,cmp=AlwaysTrue)",0.000000,18.432000
1180,9.113600,1,vkCmdDrawIndexed(),Native Render > Render Pass [clear: Depth] > Native SECT1.g2d (m: 17 l: 0) > Material 17 > SECT1.g3d_96,Native Render,Native SECT1.g2d (m: 17 l: 0),17,SECT1.g3d_96,99,49-256,1,Native Previewer GLSL Blend 256 (ResourceId::15346),"rt0:blend=on,mask=RGBA",test=on write=on func=CompareFunction.Greater,rt0=RGBA,rt0=2D Color Attachment 3466 (ResourceId::3466),2D Depth/Stencil Attachment 3470 (ResourceId::3470),"GSTexImage Image (128, 128) pallete: 0 (ResourceId::12064) (ImageSampler, addr=Wrap,mip=0,cmp=Never)","Pixel:ReadOnlyResources[0:0]=GSTexImage Image (128, 128) pallete: 0 (ResourceId::12064) (ImageSampler, addr=Wrap,mip=0,cmp=Never); Vertex:ReadWriteResources[0:0]=Buffer 1876 (ResourceId::1876) (ReadWriteBuffer, addr=Wrap,mip=0,cmp=AlwaysTrue); Vertex:ReadWriteResources[1:0]=Buffer 1882 (ResourceId::1882) (ReadWriteBuffer, addr=Wrap,mip=0,cmp=AlwaysTrue); Vertex:ReadWriteResources[2:0]=Buffer 1888 (ResourceId::1888) (ReadWriteBuffer, addr=Wrap,mip=0,cmp=AlwaysTrue); Vertex:ReadWriteResources[3:0]=Buffer 1894 (ResourceId::1894) (ReadWriteBuffer, addr=Wrap,mip=0,cmp=AlwaysTrue)",0.000000,23.552000
1193,30.515200,1,vkCmdDrawIndexed(),Native Render > Render Pass [clear: Depth] > Native SECT1.g2d (m: 6 l: 0) > Material 6 > SECT1.g3d_4_0_49,Native Render,Native SECT1.g2d (m: 6 l: 0),6,SECT1.g3d_4_0_49,564,257-1024,1,Native Previewer GLSL Blend 256 (ResourceId::15346),"rt0:blend=on,mask=RGBA",test=on write=on func=CompareFunction.Greater,rt0=RGBA,rt0=2D Color Attachment 3466 (ResourceId::3466),2D Depth/Stencil Attachment 3470 (ResourceId::3470),"GSTexImage Image (128, 128) pallete: 0 (ResourceId::11888) (ImageSampler, addr=Wrap,mip=0,cmp=Never)","Pixel:ReadOnlyResources[0:0]=GSTexImage Image (128, 128) pallete: 0 (ResourceId::11888) (ImageSampler, addr=Wrap,mip=0,cmp=Never); Vertex:ReadWriteResources[0:0]=Buffer 1876 (ResourceId::1876) (ReadWriteBuffer, addr=Wrap,mip=0,cmp=AlwaysTrue); Vertex:ReadWriteResources[1:0]=Buffer 1882 (ResourceId::1882) (ReadWriteBuffer, addr=Wrap,mip=0,cmp=AlwaysTrue); Vertex:ReadWriteResources[2:0]=Buffer 1888 (ResourceId::1888) (ReadWriteBuffer, addr=Wrap,mip=0,cmp=AlwaysTrue); Vertex:ReadWriteResources[3:0]=Buffer 1894 (ResourceId::1894) (ReadWriteBuffer, addr=Wrap,mip=0,cmp=AlwaysTrue)",1.024000,58.368000
1201,0.000000,1,vkCmdDrawIndexed(),Native Render > Render Pass [clear: Depth] > Native SECT1.g2d (m: 6 l: 0) > Material 6 > SECT1.g3d_2_0_81,Native Render,Native SECT1.g2d (m: 6 l: 0),6,SECT1.g3d_2_0_81,153,49-256,1,,,,,,,(none),,0.000000,0.000000
1209,4.300800,1,vkCmdDrawIndexed(),Native Render > Render Pass [clear: Depth] > Native SECT1.g2d (m: 6 l: 0) > Material 6 > SECT1.g3d_2_0_79,Native Render,Native SECT1.g2d (m: 6 l: 0),6,SECT1.g3d_2_0_79,411,257-1024,1,Native Previewer GLSL Blend 256 (ResourceId::15346),"rt0:blend=on,mask=RGBA",test=on write=on func=CompareFunction.Greater,rt0=RGBA,rt0=2D Color Attachment 3466 (ResourceId::3466),2D Depth/Stencil Attachment 3470 (ResourceId::3470),"GSTexImage Image (128, 128) pallete: 0 (ResourceId::11888) (ImageSampler, addr=Wrap,mip=0,cmp=Never)","Pixel:ReadOnlyResources[0:0]=GSTexImage Image (128, 128) pallete: 0 (ResourceId::11888) (ImageSampler, addr=Wrap,mip=0,cmp=Never); Vertex:ReadWriteResources[0:0]=Buffer 1876 (ResourceId::1876) (ReadWriteBuffer, addr=Wrap,mip=0,cmp=AlwaysTrue); Vertex:ReadWriteResources[1:0]=Buffer 1882 (ResourceId::1882) (ReadWriteBuffer, addr=Wrap,mip=0,cmp=AlwaysTrue); Vertex:ReadWriteResources[2:0]=Buffer 1888 (ResourceId::1888) (ReadWriteBuffer, addr=Wrap,mip=0,cmp=AlwaysTrue); Vertex:ReadWriteResources[3:0]=Buffer 1894 (ResourceId::1894) (ReadWriteBuffer, addr=Wrap,mip=0,cmp=AlwaysTrue)",0.000000,17.408000
1217,0.307200,1,vkCmdDrawIndexed(),Native Render > Render Pass [clear: Depth] > Native SECT1.g2d (m: 6 l: 0) > Material 6 > SECT1.g3d_2_0_25,Native Render,Native SECT1.g2d (m: 6 l: 0),6,SECT1.g3d_2_0_25,1182,1025-4096,1,Native Previewer GLSL Blend 256 (ResourceId::15346),"rt0:blend=on,mask=RGBA",test=on write=on func=CompareFunction.Greater,rt0=RGBA,rt0=2D Color Attachment 3466 (ResourceId::3466),2D Depth/Stencil Attachment 3470 (ResourceId::3470),"GSTexImage Image (128, 128) pallete: 0 (ResourceId::11888) (ImageSampler, addr=Wrap,mip=0,cmp=Never)","Pixel:ReadOnlyResources[0:0]=GSTexImage Image (128, 128) pallete: 0 (ResourceId::11888) (ImageSampler, addr=Wrap,mip=0,cmp=Never); Vertex:ReadWriteResources[0:0]=Buffer 1876 (ResourceId::1876) (ReadWriteBuffer, addr=Wrap,mip=0,cmp=AlwaysTrue); Vertex:ReadWriteResources[1:0]=Buffer 1882 (ResourceId::1882) (ReadWriteBuffer, addr=Wrap,mip=0,cmp=AlwaysTrue); Vertex:ReadWriteResources[2:0]=Buffer 1888 (ResourceId::1888) (ReadWriteBuffer, addr=Wrap,mip=0,cmp=AlwaysTrue); Vertex:ReadWriteResources[3:0]=Buffer 1894 (ResourceId::1894) (ReadWriteBuffer, addr=Wrap,mip=0,cmp=AlwaysTrue)",0.000000,3.072000
1225,34.611200,1,vkCmdDrawIndexed(),Native Render > Render Pass [clear: Depth] > Native SECT1.g2d (m: 6 l: 0) > Material 6 > SECT1.g3d_193,Native Render,Native SECT1.g2d (m: 6 l: 0),6,SECT1.g3d_193,1086,1025-4096,1,Native Previewer GLSL Blend 256 (ResourceId::15346),"rt0:blend=on,mask=RGBA",test=on write=on func=CompareFunction.Greater,rt0=RGBA,rt0=2D Color Attachment 3466 (ResourceId::3466),2D Depth/Stencil Attachment 3470 (ResourceId::3470),"GSTexImage Image (128, 128) pallete: 0 (ResourceId::11888) (ImageSampler, addr=Wrap,mip=0,cmp=Never)","Pixel:ReadOnlyResources[0:0]=GSTexImage Image (128, 128) pallete: 0 (ResourceId::11888) (ImageSampler, addr=Wrap,mip=0,cmp=Never); Vertex:ReadWriteResources[0:0]=Buffer 1876 (ResourceId::1876) (ReadWriteBuffer, addr=Wrap,mip=0,cmp=AlwaysTrue); Vertex:ReadWriteResources[1:0]=Buffer 1882 (ResourceId::1882) (ReadWriteBuffer, addr=Wrap,mip=0,cmp=AlwaysTrue); Vertex:ReadWriteResources[2:0]=Buffer 1888 (ResourceId::1888) (ReadWriteBuffer, addr=Wrap,mip=0,cmp=AlwaysTrue); Vertex:ReadWriteResources[3:0]=Buffer 1894 (ResourceId::1894) (ReadWriteBuffer, addr=Wrap,mip=0,cmp=AlwaysTrue)",5.120000,52.224000
1233,0.000000,1,vkCmdDrawIndexed(),Native Render > Render Pass [clear: Depth] > Native SECT1.g2d (m: 6 l: 0) > Material 6 > SECT1.g3d_191,Native Render,Native SECT1.g2d (m: 6 l: 0),6,SECT1.g3d_191,411,257-1024,1,,,,,,,(none),,0.000000,0.000000
1241,11.161600,1,vkCmdDrawIndexed(),Native Render > Render Pass [clear: Depth] > Native SECT1.g2d (m: 6 l: 0) > Material 6 > SECT1.g3d_95,Native Render,Native SECT1.g2d (m: 6 l: 0),6,SECT1.g3d_95,720,257-1024,1,Native Previewer GLSL Blend 256 (ResourceId::15346),"rt0:blend=on,mask=RGBA",test=on write=on func=CompareFunction.Greater,rt0=RGBA,rt0=2D Color Attachment 3466 (ResourceId::3466),2D Depth/Stencil Attachment 3470 (ResourceId::3470),"GSTexImage Image (128, 128) pallete: 0 (ResourceId::11888) (ImageSampler, addr=Wrap,mip=0,cmp=Never)","Pixel:ReadOnlyResources[0:0]=GSTexImage Image (128, 128) pallete: 0 (ResourceId::11888) (ImageSampler, addr=Wrap,mip=0,cmp=Never); Vertex:ReadWriteResources[0:0]=Buffer 1876 (ResourceId::1876) (ReadWriteBuffer, addr=Wrap,mip=0,cmp=AlwaysTrue); Vertex:ReadWriteResources[1:0]=Buffer 1882 (ResourceId::1882) (ReadWriteBuffer, addr=Wrap,mip=0,cmp=AlwaysTrue); Vertex:ReadWriteResources[2:0]=Buffer 1888 (ResourceId::1888) (ReadWriteBuffer, addr=Wrap,mip=0,cmp=AlwaysTrue); Vertex:ReadWriteResources[3:0]=Buffer 1894 (ResourceId::1894) (ReadWriteBuffer, addr=Wrap,mip=0,cmp=AlwaysTrue)",0.000000,29.696000
1254,0.000000,1,vkCmdDrawIndexed(),Native Render > Render Pass [clear: Depth] > Native SECT1.g2d (m: 28 l: 0) > Material 28 > SECT1.g3d_4_0_22,Native Render,Native SECT1.g2d (m: 28 l: 0),28,SECT1.g3d_4_0_22,1215,1025-4096,1,,,,,,,(none),,0.000000,0.000000
1262,0.000000,1,vkCmdDrawIndexed(),Native Render > Render Pass [clear: Depth] > Native SECT1.g2d (m: 28 l: 0) > Material 28 > SECT1.g3d_2_0_19,Native Render,Native SECT1.g2d (m: 28 l: 0),28,SECT1.g3d_2_0_19,1020,257-1024,1,,,,,,,(none),,0.000000,0.000000
1270,1.638400,1,vkCmdDrawIndexed(),Native Render > Render Pass [clear: Depth] > Native SECT1.g2d (m: 28 l: 0) > Material 28 > SECT1.g3d_136,Native Render,Native SECT1.g2d (m: 28 l: 0),28,SECT1.g3d_136,804,257-1024,1,Native Previewer GLSL Blend 256 (ResourceId::15346),"rt0:blend=on,mask=RGBA",test=on write=on func=CompareFunction.Greater,rt0=RGBA,rt0=2D Color Attachment 3466 (ResourceId::3466),2D Depth/Stencil Attachment 3470 (ResourceId::3470),"GSTexImage Image (128, 128) pallete: 0 (ResourceId::12240) (ImageSampler, addr=Wrap,mip=0,cmp=Never)","Pixel:ReadOnlyResources[0:0]=GSTexImage Image (128, 128) pallete: 0 (ResourceId::12240) (ImageSampler, addr=Wrap,mip=0,cmp=Never); Vertex:ReadWriteResources[0:0]=Buffer 1876 (ResourceId::1876) (ReadWriteBuffer, addr=Wrap,mip=0,cmp=AlwaysTrue); Vertex:ReadWriteResources[1:0]=Buffer 1882 (ResourceId::1882) (ReadWriteBuffer, addr=Wrap,mip=0,cmp=AlwaysTrue); Vertex:ReadWriteResources[2:0]=Buffer 1888 (ResourceId::1888) (ReadWriteBuffer, addr=Wrap,mip=0,cmp=AlwaysTrue); Vertex:ReadWriteResources[3:0]=Buffer 1894 (ResourceId::1894) (ReadWriteBuffer, addr=Wrap,mip=0,cmp=AlwaysTrue)",0.000000,10.240000
1278,7.065600,1,vkCmdDrawIndexed(),Native Render > Render Pass [clear: Depth] > Native SECT1.g2d (m: 28 l: 0) > Material 28 > SECT1.g3d_109,Native Render,Native SECT1.g2d (m: 28 l: 0),28,SECT1.g3d_109,804,257-1024,1,Native Previewer GLSL Blend 256 (ResourceId::15346),"rt0:blend=on,mask=RGBA",test=on write=on func=CompareFunction.Greater,rt0=RGBA,rt0=2D Color Attachment 3466 (ResourceId::3466),2D Depth/Stencil Attachment 3470 (ResourceId::3470),"GSTexImage Image (128, 128) pallete: 0 (ResourceId::12240) (ImageSampler, addr=Wrap,mip=0,cmp=Never)","Pixel:ReadOnlyResources[0:0]=GSTexImage Image (128, 128) pallete: 0 (ResourceId::12240) (ImageSampler, addr=Wrap,mip=0,cmp=Never); Vertex:ReadWriteResources[0:0]=Buffer 1876 (ResourceId::1876) (ReadWriteBuffer, addr=Wrap,mip=0,cmp=AlwaysTrue); Vertex:ReadWriteResources[1:0]=Buffer 1882 (ResourceId::1882) (ReadWriteBuffer, addr=Wrap,mip=0,cmp=AlwaysTrue); Vertex:ReadWriteResources[2:0]=Buffer 1888 (ResourceId::1888) (ReadWriteBuffer, addr=Wrap,mip=0,cmp=AlwaysTrue); Vertex:ReadWriteResources[3:0]=Buffer 1894 (ResourceId::1894) (ReadWriteBuffer, addr=Wrap,mip=0,cmp=AlwaysTrue)",1.024000,25.600000
1286,3.072000,1,vkCmdDrawIndexed(),Native Render > Render Pass [clear: Depth] > Native SECT1.g2d (m: 28 l: 0) > Material 28 > SECT1.g3d_88,Native Render,Native SECT1.g2d (m: 28 l: 0),28,SECT1.g3d_88,804,257-1024,1,Native Previewer GLSL Blend 256 (ResourceId::15346),"rt0:blend=on,mask=RGBA",test=on write=on func=CompareFunction.Greater,rt0=RGBA,rt0=2D Color Attachment 3466 (ResourceId::3466),2D Depth/Stencil Attachment 3470 (ResourceId::3470),"GSTexImage Image (128, 128) pallete: 0 (ResourceId::12240) (ImageSampler, addr=Wrap,mip=0,cmp=Never)","Pixel:ReadOnlyResources[0:0]=GSTexImage Image (128, 128) pallete: 0 (ResourceId::12240) (ImageSampler, addr=Wrap,mip=0,cmp=Never); Vertex:ReadWriteResources[0:0]=Buffer 1876 (ResourceId::1876) (ReadWriteBuffer, addr=Wrap,mip=0,cmp=AlwaysTrue); Vertex:ReadWriteResources[1:0]=Buffer 1882 (ResourceId::1882) (ReadWriteBuffer, addr=Wrap,mip=0,cmp=AlwaysTrue); Vertex:ReadWriteResources[2:0]=Buffer 1888 (ResourceId::1888) (ReadWriteBuffer, addr=Wrap,mip=0,cmp=AlwaysTrue); Vertex:ReadWriteResources[3:0]=Buffer 1894 (ResourceId::1894) (ReadWriteBuffer, addr=Wrap,mip=0,cmp=AlwaysTrue)",0.000000,9.216000
1299,0.000000,1,vkCmdDrawIndexed(),Native Render > Render Pass [clear: Depth] > Native SECT1.g2d (m: 26 l: 0) > Material 26 > SECT1.g3d_4_0_17,Native Render,Native SECT1.g2d (m: 26 l: 0),26,SECT1.g3d_4_0_17,1992,1025-4096,1,,,,,,,(none),,0.000000,0.000000
1307,0.000000,1,vkCmdDrawIndexed(),Native Render > Render Pass [clear: Depth] > Native SECT1.g2d (m: 26 l: 0) > Material 26 > SECT1.g3d_2_0_67,Native Render,Native SECT1.g2d (m: 26 l: 0),26,SECT1.g3d_2_0_67,264,257-1024,1,,,,,,,(none),,0.000000,0.000000
1315,0.000000,1,vkCmdDrawIndexed(),Native Render > Render Pass [clear: Depth] > Native SECT1.g2d (m: 26 l: 0) > Material 26 > SECT1.g3d_2_0_17,Native Render,Native SECT1.g2d (m: 26 l: 0),26,SECT1.g3d_2_0_17,2190,1025-4096,1,,,,,,,(none),,0.000000,0.000000
1323,6.246400,1,vkCmdDrawIndexed(),Native Render > Render Pass [clear: Depth] > Native SECT1.g2d (m: 26 l: 0) > Material 26 > SECT1.g3d_137,Native Render,Native SECT1.g2d (m: 26 l: 0),26,SECT1.g3d_137,1026,1025-4096,1,Native Previewer GLSL Blend 256 (ResourceId::15346),"rt0:blend=on,mask=RGBA",test=on write=on func=CompareFunction.Greater,rt0=RGBA,rt0=2D Color Attachment 3466 (ResourceId::3466),2D Depth/Stencil Attachment 3470 (ResourceId::3470),"GSTexImage Image (128, 64) pallete: 0 (ResourceId::12208) (ImageSampler, addr=ClampEdge,mip=0,cmp=Never)","Pixel:ReadOnlyResources[0:0]=GSTexImage Image (128, 64) pallete: 0 (ResourceId::12208) (ImageSampler, addr=ClampEdge,mip=0,cmp=Never); Vertex:ReadWriteResources[0:0]=Buffer 1876 (ResourceId::1876) (ReadWriteBuffer, addr=Wrap,mip=0,cmp=AlwaysTrue); Vertex:ReadWriteResources[1:0]=Buffer 1882 (ResourceId::1882) (ReadWriteBuffer, addr=Wrap,mip=0,cmp=AlwaysTrue); Vertex:ReadWriteResources[2:0]=Buffer 1888 (ResourceId::1888) (ReadWriteBuffer, addr=Wrap,mip=0,cmp=AlwaysTrue); Vertex:ReadWriteResources[3:0]=Buffer 1894 (ResourceId::1894) (ReadWriteBuffer, addr=Wrap,mip=0,cmp=AlwaysTrue)",0.000000,24.576000
1331,8.294400,1,vkCmdDrawIndexed(),Native Render > Render Pass [clear: Depth] > Native SECT1.g2d (m: 26 l: 0) > Material 26 > SECT1.g3d_108,Native Render,Native SECT1.g2d (m: 26 l: 0),26,SECT1.g3d_108,1026,1025-4096,1,Native Previewer GLSL Blend 256 (ResourceId::15346),"rt0:blend=on,mask=RGBA",test=on write=on func=CompareFunction.Greater,rt0=RGBA,rt0=2D Color Attachment 3466 (ResourceId::3466),2D Depth/Stencil Attachment 3470 (ResourceId::3470),"GSTexImage Image (128, 64) pallete: 0 (ResourceId::12208) (ImageSampler, addr=ClampEdge,mip=0,cmp=Never)","Pixel:ReadOnlyResources[0:0]=GSTexImage Image (128, 64) pallete: 0 (ResourceId::12208) (ImageSampler, addr=ClampEdge,mip=0,cmp=Never); Vertex:ReadWriteResources[0:0]=Buffer 1876 (ResourceId::1876) (ReadWriteBuffer, addr=Wrap,mip=0,cmp=AlwaysTrue); Vertex:ReadWriteResources[1:0]=Buffer 1882 (ResourceId::1882) (ReadWriteBuffer, addr=Wrap,mip=0,cmp=AlwaysTrue); Vertex:ReadWriteResources[2:0]=Buffer 1888 (ResourceId::1888) (ReadWriteBuffer, addr=Wrap,mip=0,cmp=AlwaysTrue); Vertex:ReadWriteResources[3:0]=Buffer 1894 (ResourceId::1894) (ReadWriteBuffer, addr=Wrap,mip=0,cmp=AlwaysTrue)",1.024000,12.288000
1339,2.048000,1,vkCmdDrawIndexed(),Native Render > Render Pass [clear: Depth] > Native SECT1.g2d (m: 26 l: 0) > Material 26 > SECT1.g3d_87,Native Render,Native SECT1.g2d (m: 26 l: 0),26,SECT1.g3d_87,1032,1025-4096,1,Native Previewer GLSL Blend 256 (ResourceId::15346),"rt0:blend=on,mask=RGBA",test=on write=on func=CompareFunction.Greater,rt0=RGBA,rt0=2D Color Attachment 3466 (ResourceId::3466),2D Depth/Stencil Attachment 3470 (ResourceId::3470),"GSTexImage Image (128, 64) pallete: 0 (ResourceId::12208) (ImageSampler, addr=ClampEdge,mip=0,cmp=Never)","Pixel:ReadOnlyResources[0:0]=GSTexImage Image (128, 64) pallete: 0 (ResourceId::12208) (ImageSampler, addr=ClampEdge,mip=0,cmp=Never); Vertex:ReadWriteResources[0:0]=Buffer 1876 (ResourceId::1876) (ReadWriteBuffer, addr=Wrap,mip=0,cmp=AlwaysTrue); Vertex:ReadWriteResources[1:0]=Buffer 1882 (ResourceId::1882) (ReadWriteBuffer, addr=Wrap,mip=0,cmp=AlwaysTrue); Vertex:ReadWriteResources[2:0]=Buffer 1888 (ResourceId::1888) (ReadWriteBuffer, addr=Wrap,mip=0,cmp=AlwaysTrue); Vertex:ReadWriteResources[3:0]=Buffer 1894 (ResourceId::1894) (ReadWriteBuffer, addr=Wrap,mip=0,cmp=AlwaysTrue)",0.000000,12.288000
1352,0.000000,1,vkCmdDrawIndexed(),Native Render > Render Pass [clear: Depth] > Native SECT1.g2d (m: 27 l: 0) > Material 27 > SECT1.g3d_4_0_23,Native Render,Native SECT1.g2d (m: 27 l: 0),27,SECT1.g3d_4_0_23,156,49-256,1,,,,,,,(none),,0.000000,0.000000
1360,0.000000,1,vkCmdDrawIndexed(),Native Render > Render Pass [clear: Depth] > Native SECT1.g2d (m: 27 l: 0) > Material 27 > SECT1.g3d_2_0_18,Native Render,Native SECT1.g2d (m: 27 l: 0),27,SECT1.g3d_2_0_18,384,257-1024,1,,,,,,,(none),,0.000000,0.000000
1368,2.867200,1,vkCmdDrawIndexed(),Native Render > Render Pass [clear: Depth] > Native SECT1.g2d (m: 27 l: 0) > Material 27 > SECT1.g3d_135,Native Render,Native SECT1.g2d (m: 27 l: 0),27,SECT1.g3d_135,156,49-256,1,Native Previewer GLSL Blend 256 (ResourceId::15346),"rt0:blend=on,mask=RGBA",test=on write=on func=CompareFunction.Greater,rt0=RGBA,rt0=2D Color Attachment 3466 (ResourceId::3466),2D Depth/Stencil Attachment 3470 (ResourceId::3470),"GSTexImage Image (32, 32) pallete: 0 (ResourceId::12224) (ImageSampler, addr=Wrap,mip=0,cmp=Never)","Pixel:ReadOnlyResources[0:0]=GSTexImage Image (32, 32) pallete: 0 (ResourceId::12224) (ImageSampler, addr=Wrap,mip=0,cmp=Never); Vertex:ReadWriteResources[0:0]=Buffer 1876 (ResourceId::1876) (ReadWriteBuffer, addr=Wrap,mip=0,cmp=AlwaysTrue); Vertex:ReadWriteResources[1:0]=Buffer 1882 (ResourceId::1882) (ReadWriteBuffer, addr=Wrap,mip=0,cmp=AlwaysTrue); Vertex:ReadWriteResources[2:0]=Buffer 1888 (ResourceId::1888) (ReadWriteBuffer, addr=Wrap,mip=0,cmp=AlwaysTrue); Vertex:ReadWriteResources[3:0]=Buffer 1894 (ResourceId::1894) (ReadWriteBuffer, addr=Wrap,mip=0,cmp=AlwaysTrue)",0.000000,13.312000
1376,0.000000,1,vkCmdDrawIndexed(),Native Render > Render Pass [clear: Depth] > Native SECT1.g2d (m: 27 l: 0) > Material 27 > SECT1.g3d_107,Native Render,Native SECT1.g2d (m: 27 l: 0),27,SECT1.g3d_107,141,49-256,1,,,,,,,(none),,0.000000,0.000000
1384,5.734400,1,vkCmdDrawIndexed(),Native Render > Render Pass [clear: Depth] > Native SECT1.g2d (m: 27 l: 0) > Material 27 > SECT1.g3d_86,Native Render,Native SECT1.g2d (m: 27 l: 0),27,SECT1.g3d_86,156,49-256,1,Native Previewer GLSL Blend 256 (ResourceId::15346),"rt0:blend=on,mask=RGBA",test=on write=on func=CompareFunction.Greater,rt0=RGBA,rt0=2D Color Attachment 3466 (ResourceId::3466),2D Depth/Stencil Attachment 3470 (ResourceId::3470),"GSTexImage Image (32, 32) pallete: 0 (ResourceId::12224) (ImageSampler, addr=Wrap,mip=0,cmp=Never)","Pixel:ReadOnlyResources[0:0]=GSTexImage Image (32, 32) pallete: 0 (ResourceId::12224) (ImageSampler, addr=Wrap,mip=0,cmp=Never); Vertex:ReadWriteResources[0:0]=Buffer 1876 (ResourceId::1876) (ReadWriteBuffer, addr=Wrap,mip=0,cmp=AlwaysTrue); Vertex:ReadWriteResources[1:0]=Buffer 1882 (ResourceId::1882) (ReadWriteBuffer, addr=Wrap,mip=0,cmp=AlwaysTrue); Vertex:ReadWriteResources[2:0]=Buffer 1888 (ResourceId::1888) (ReadWriteBuffer, addr=Wrap,mip=0,cmp=AlwaysTrue); Vertex:ReadWriteResources[3:0]=Buffer 1894 (ResourceId::1894) (ReadWriteBuffer, addr=Wrap,mip=0,cmp=AlwaysTrue)",0.000000,15.360000
1397,0.000000,1,vkCmdDrawIndexed(),Native Render > Render Pass [clear: Depth] > Native SECT1.g2d (m: 8 l: 0) > Material 8 > SECT1.g3d_5_0_38,Native Render,Native SECT1.g2d (m: 8 l: 0),8,SECT1.g3d_5_0_38,1173,1025-4096,1,,,,,,,(none),,0.000000,0.000000
1405,0.000000,1,vkCmdDrawIndexed(),Native Render > Render Pass [clear: Depth] > Native SECT1.g2d (m: 8 l: 0) > Material 8 > SECT1.g3d_5_0_33,Native Render,Native SECT1.g2d (m: 8 l: 0),8,SECT1.g3d_5_0_33,795,257-1024,1,,,,,,,(none),,0.000000,0.000000
1413,0.000000,1,vkCmdDrawIndexed(),Native Render > Render Pass [clear: Depth] > Native SECT1.g2d (m: 8 l: 0) > Material 8 > SECT1.g3d_5_0_30,Native Render,Native SECT1.g2d (m: 8 l: 0),8,SECT1.g3d_5_0_30,1116,1025-4096,1,,,,,,,(none),,0.000000,0.000000
1421,0.000000,1,vkCmdDrawIndexed(),Native Render > Render Pass [clear: Depth] > Native SECT1.g2d (m: 8 l: 0) > Material 8 > SECT1.g3d_5_0_29,Native Render,Native SECT1.g2d (m: 8 l: 0),8,SECT1.g3d_5_0_29,1356,1025-4096,1,,,,,,,(none),,0.000000,0.000000
1429,0.000000,1,vkCmdDrawIndexed(),Native Render > Render Pass [clear: Depth] > Native SECT1.g2d (m: 8 l: 0) > Material 8 > SECT1.g3d_4_0_100,Native Render,Native SECT1.g2d (m: 8 l: 0),8,SECT1.g3d_4_0_100,375,257-1024,1,,,,,,,(none),,0.000000,0.000000
1437,0.000000,1,vkCmdDrawIndexed(),Native Render > Render Pass [clear: Depth] > Native SECT1.g2d (m: 8 l: 0) > Material 8 > SECT1.g3d_4_0_99,Native Render,Native SECT1.g2d (m: 8 l: 0),8,SECT1.g3d_4_0_99,18,13-48,1,,,,,,,(none),,0.000000,0.000000
1445,0.000000,1,vkCmdDrawIndexed(),Native Render > Render Pass [clear: Depth] > Native SECT1.g2d (m: 8 l: 0) > Material 8 > SECT1.g3d_4_0_96,Native Render,Native SECT1.g2d (m: 8 l: 0),8,SECT1.g3d_4_0_96,654,257-1024,1,,,,,,,(none),,0.000000,0.000000
1453,0.000000,1,vkCmdDrawIndexed(),Native Render > Render Pass [clear: Depth] > Native SECT1.g2d (m: 8 l: 0) > Material 8 > SECT1.g3d_4_0_90,Native Render,Native SECT1.g2d (m: 8 l: 0),8,SECT1.g3d_4_0_90,600,257-1024,1,,,,,,,(none),,0.000000,0.000000
1461,0.102400,1,vkCmdDrawIndexed(),Native Render > Render Pass [clear: Depth] > Native SECT1.g2d (m: 8 l: 0) > Material 8 > SECT1.g3d_4_0_56,Native Render,Native SECT1.g2d (m: 8 l: 0),8,SECT1.g3d_4_0_56,519,257-1024,1,Native Previewer GLSL Blend 256 (ResourceId::15346),"rt0:blend=on,mask=RGBA",test=on write=on func=CompareFunction.Greater,rt0=RGBA,rt0=2D Color Attachment 3466 (ResourceId::3466),2D Depth/Stencil Attachment 3470 (ResourceId::3470),"GSTexImage Image (128, 128) pallete: 0 (ResourceId::11920) (ImageSampler, addr=Wrap,mip=0,cmp=Never)","Pixel:ReadOnlyResources[0:0]=GSTexImage Image (128, 128) pallete: 0 (ResourceId::11920) (ImageSampler, addr=Wrap,mip=0,cmp=Never); Vertex:ReadWriteResources[0:0]=Buffer 1876 (ResourceId::1876) (ReadWriteBuffer, addr=Wrap,mip=0,cmp=AlwaysTrue); Vertex:ReadWriteResources[1:0]=Buffer 1882 (ResourceId::1882) (ReadWriteBuffer, addr=Wrap,mip=0,cmp=AlwaysTrue); Vertex:ReadWriteResources[2:0]=Buffer 1888 (ResourceId::1888) (ReadWriteBuffer, addr=Wrap,mip=0,cmp=AlwaysTrue); Vertex:ReadWriteResources[3:0]=Buffer 1894 (ResourceId::1894) (ReadWriteBuffer, addr=Wrap,mip=0,cmp=AlwaysTrue)",0.000000,1.024000
1469,0.000000,1,vkCmdDrawIndexed(),Native Render > Render Pass [clear: Depth] > Native SECT1.g2d (m: 8 l: 0) > Material 8 > SECT1.g3d_4_0_8,Native Render,Native SECT1.g2d (m: 8 l: 0),8,SECT1.g3d_4_0_8,1479,1025-4096,1,,,,,,,(none),,0.000000,0.000000
1477,0.102400,1,vkCmdDrawIndexed(),Native Render > Render Pass [clear: Depth] > Native SECT1.g2d (m: 8 l: 0) > Material 8 > SECT1.g3d_4_0_7,Native Render,Native SECT1.g2d (m: 8 l: 0),8,SECT1.g3d_4_0_7,2289,1025-4096,1,Native Previewer GLSL Blend 256 (ResourceId::15346),"rt0:blend=on,mask=RGBA",test=on write=on func=CompareFunction.Greater,rt0=RGBA,rt0=2D Color Attachment 3466 (ResourceId::3466),2D Depth/Stencil Attachment 3470 (ResourceId::3470),"GSTexImage Image (128, 128) pallete: 0 (ResourceId::11920) (ImageSampler, addr=Wrap,mip=0,cmp=Never)","Pixel:ReadOnlyResources[0:0]=GSTexImage Image (128, 128) pallete: 0 (ResourceId::11920) (ImageSampler, addr=Wrap,mip=0,cmp=Never); Vertex:ReadWriteResources[0:0]=Buffer 1876 (ResourceId::1876) (ReadWriteBuffer, addr=Wrap,mip=0,cmp=AlwaysTrue); Vertex:ReadWriteResources[1:0]=Buffer 1882 (ResourceId::1882) (ReadWriteBuffer, addr=Wrap,mip=0,cmp=AlwaysTrue); Vertex:ReadWriteResources[2:0]=Buffer 1888 (ResourceId::1888) (ReadWriteBuffer, addr=Wrap,mip=0,cmp=AlwaysTrue); Vertex:ReadWriteResources[3:0]=Buffer 1894 (ResourceId::1894) (ReadWriteBuffer, addr=Wrap,mip=0,cmp=AlwaysTrue)",0.000000,1.024000
1485,0.000000,1,vkCmdDrawIndexed(),Native Render > Render Pass [clear: Depth] > Native SECT1.g2d (m: 8 l: 0) > Material 8 > SECT1.g3d_3_0_18,Native Render,Native SECT1.g2d (m: 8 l: 0),8,SECT1.g3d_3_0_18,756,257-1024,1,,,,,,,(none),,0.000000,0.000000
1493,0.000000,1,vkCmdDrawIndexed(),Native Render > Render Pass [clear: Depth] > Native SECT1.g2d (m: 8 l: 0) > Material 8 > SECT1.g3d_3_0_13,Native Render,Native SECT1.g2d (m: 8 l: 0),8,SECT1.g3d_3_0_13,1173,1025-4096,1,,,,,,,(none),,0.000000,0.000000
1501,1.945600,1,vkCmdDrawIndexed(),Native Render > Render Pass [clear: Depth] > Native SECT1.g2d (m: 8 l: 0) > Material 8 > SECT1.g3d_3_0_1,Native Render,Native SECT1.g2d (m: 8 l: 0),8,SECT1.g3d_3_0_1,795,257-1024,1,Native Previewer GLSL Blend 256 (ResourceId::15346),"rt0:blend=on,mask=RGBA",test=on write=on func=CompareFunction.Greater,rt0=RGBA,rt0=2D Color Attachment 3466 (ResourceId::3466),2D Depth/Stencil Attachment 3470 (ResourceId::3470),"GSTexImage Image (128, 128) pallete: 0 (ResourceId::11920) (ImageSampler, addr=Wrap,mip=0,cmp=Never)","Pixel:ReadOnlyResources[0:0]=GSTexImage Image (128, 128) pallete: 0 (ResourceId::11920) (ImageSampler, addr=Wrap,mip=0,cmp=Never); Vertex:ReadWriteResources[0:0]=Buffer 1876 (ResourceId::1876) (ReadWriteBuffer, addr=Wrap,mip=0,cmp=AlwaysTrue); Vertex:ReadWriteResources[1:0]=Buffer 1882 (ResourceId::1882) (ReadWriteBuffer, addr=Wrap,mip=0,cmp=AlwaysTrue); Vertex:ReadWriteResources[2:0]=Buffer 1888 (ResourceId::1888) (ReadWriteBuffer, addr=Wrap,mip=0,cmp=AlwaysTrue); Vertex:ReadWriteResources[3:0]=Buffer 1894 (ResourceId::1894) (ReadWriteBuffer, addr=Wrap,mip=0,cmp=AlwaysTrue)",0.000000,6.144000
1509,0.000000,1,vkCmdDrawIndexed(),Native Render > Render Pass [clear: Depth] > Native SECT1.g2d (m: 8 l: 0) > Material 8 > SECT1.g3d_2_0_63,Native Render,Native SECT1.g2d (m: 8 l: 0),8,SECT1.g3d_2_0_63,1176,1025-4096,1,,,,,,,(none),,0.000000,0.000000
1517,0.000000,1,vkCmdDrawIndexed(),Native Render > Render Pass [clear: Depth] > Native SECT1.g2d (m: 8 l: 0) > Material 8 > SECT1.g3d_2_0_13,Native Render,Native SECT1.g2d (m: 8 l: 0),8,SECT1.g3d_2_0_13,930,257-1024,1,,,,,,,(none),,0.000000,0.000000
1525,0.000000,1,vkCmdDrawIndexed(),Native Render > Render Pass [clear: Depth] > Native SECT1.g2d (m: 8 l: 0) > Material 8 > SECT1.g3d_223,Native Render,Native SECT1.g2d (m: 8 l: 0),8,SECT1.g3d_223,318,257-1024,1,,,,,,,(none),,0.000000,0.000000
1533,0.000000,1,vkCmdDrawIndexed(),Native Render > Render Pass [clear: Depth] > Native SECT1.g2d (m: 8 l: 0) > Material 8 > SECT1.g3d_179,Native Render,Native SECT1.g2d (m: 8 l: 0),8,SECT1.g3d_179,3123,1025-4096,1,,,,,,,(none),,0.000000,0.000000
1541,0.000000,1,vkCmdDrawIndexed(),Native Render > Render Pass [clear: Depth] > Native SECT1.g2d (m: 8 l: 0) > Material 8 > SECT1.g3d_176,Native Render,Native SECT1.g2d (m: 8 l: 0),8,SECT1.g3d_176,795,257-1024,1,,,,,,,(none),,0.000000,0.000000
1549,0.000000,1,vkCmdDrawIndexed(),Native Render > Render Pass [clear: Depth] > Native SECT1.g2d (m: 8 l: 0) > Material 8 > SECT1.g3d_175,Native Render,Native SECT1.g2d (m: 8 l: 0),8,SECT1.g3d_175,1485,1025-4096,1,,,,,,,(none),,0.000000,0.000000
1557,0.102400,1,vkCmdDrawIndexed(),Native Render > Render Pass [clear: Depth] > Native SECT1.g2d (m: 8 l: 0) > Material 8 > SECT1.g3d_122,Native Render,Native SECT1.g2d (m: 8 l: 0),8,SECT1.g3d_122,846,257-1024,1,Native Previewer GLSL Blend 256 (ResourceId::15346),"rt0:blend=on,mask=RGBA",test=on write=on func=CompareFunction.Greater,rt0=RGBA,rt0=2D Color Attachment 3466 (ResourceId::3466),2D Depth/Stencil Attachment 3470 (ResourceId::3470),"GSTexImage Image (128, 128) pallete: 0 (ResourceId::11920) (ImageSampler, addr=Wrap,mip=0,cmp=Never)","Pixel:ReadOnlyResources[0:0]=GSTexImage Image (128, 128) pallete: 0 (ResourceId::11920) (ImageSampler, addr=Wrap,mip=0,cmp=Never); Vertex:ReadWriteResources[0:0]=Buffer 1876 (ResourceId::1876) (ReadWriteBuffer, addr=Wrap,mip=0,cmp=AlwaysTrue); Vertex:ReadWriteResources[1:0]=Buffer 1882 (ResourceId::1882) (ReadWriteBuffer, addr=Wrap,mip=0,cmp=AlwaysTrue); Vertex:ReadWriteResources[2:0]=Buffer 1888 (ResourceId::1888) (ReadWriteBuffer, addr=Wrap,mip=0,cmp=AlwaysTrue); Vertex:ReadWriteResources[3:0]=Buffer 1894 (ResourceId::1894) (ReadWriteBuffer, addr=Wrap,mip=0,cmp=AlwaysTrue)",0.000000,1.024000
1565,0.102400,1,vkCmdDrawIndexed(),Native Render > Render Pass [clear: Depth] > Native SECT1.g2d (m: 8 l: 0) > Material 8 > SECT1.g3d_102,Native Render,Native SECT1.g2d (m: 8 l: 0),8,SECT1.g3d_102,636,257-1024,1,Native Previewer GLSL Blend 256 (ResourceId::15346),"rt0:blend=on,mask=RGBA",test=on write=on func=CompareFunction.Greater,rt0=RGBA,rt0=2D Color Attachment 3466 (ResourceId::3466),2D Depth/Stencil Attachment 3470 (ResourceId::3470),"GSTexImage Image (128, 128) pallete: 0 (ResourceId::11920) (ImageSampler, addr=Wrap,mip=0,cmp=Never)","Pixel:ReadOnlyResources[0:0]=GSTexImage Image (128, 128) pallete: 0 (ResourceId::11920) (ImageSampler, addr=Wrap,mip=0,cmp=Never); Vertex:ReadWriteResources[0:0]=Buffer 1876 (ResourceId::1876) (ReadWriteBuffer, addr=Wrap,mip=0,cmp=AlwaysTrue); Vertex:ReadWriteResources[1:0]=Buffer 1882 (ResourceId::1882) (ReadWriteBuffer, addr=Wrap,mip=0,cmp=AlwaysTrue); Vertex:ReadWriteResources[2:0]=Buffer 1888 (ResourceId::1888) (ReadWriteBuffer, addr=Wrap,mip=0,cmp=AlwaysTrue); Vertex:ReadWriteResources[3:0]=Buffer 1894 (ResourceId::1894) (ReadWriteBuffer, addr=Wrap,mip=0,cmp=AlwaysTrue)",0.000000,1.024000
1573,0.000000,1,vkCmdDrawIndexed(),Native Render > Render Pass [clear: Depth] > Native SECT1.g2d (m: 8 l: 0) > Material 8 > SECT1.g3d_101,Native Render,Native SECT1.g2d (m: 8 l: 0),8,SECT1.g3d_101,1071,1025-4096,1,,,,,,,(none),,0.000000,0.000000
1581,53.760000,1,vkCmdDrawIndexed(),Native Render > Render Pass [clear: Depth] > Native SECT1.g2d (m: 8 l: 0) > Material 8 > SECT1.g3d_98,Native Render,Native SECT1.g2d (m: 8 l: 0),8,SECT1.g3d_98,2904,1025-4096,1,Native Previewer GLSL Blend 256 (ResourceId::15346),"rt0:blend=on,mask=RGBA",test=on write=on func=CompareFunction.Greater,rt0=RGBA,rt0=2D Color Attachment 3466 (ResourceId::3466),2D Depth/Stencil Attachment 3470 (ResourceId::3470),"GSTexImage Image (128, 128) pallete: 0 (ResourceId::11920) (ImageSampler, addr=Wrap,mip=0,cmp=Never)","Pixel:ReadOnlyResources[0:0]=GSTexImage Image (128, 128) pallete: 0 (ResourceId::11920) (ImageSampler, addr=Wrap,mip=0,cmp=Never); Vertex:ReadWriteResources[0:0]=Buffer 1876 (ResourceId::1876) (ReadWriteBuffer, addr=Wrap,mip=0,cmp=AlwaysTrue); Vertex:ReadWriteResources[1:0]=Buffer 1882 (ResourceId::1882) (ReadWriteBuffer, addr=Wrap,mip=0,cmp=AlwaysTrue); Vertex:ReadWriteResources[2:0]=Buffer 1888 (ResourceId::1888) (ReadWriteBuffer, addr=Wrap,mip=0,cmp=AlwaysTrue); Vertex:ReadWriteResources[3:0]=Buffer 1894 (ResourceId::1894) (ReadWriteBuffer, addr=Wrap,mip=0,cmp=AlwaysTrue)",21.504000,69.632000
1589,0.000000,1,vkCmdDrawIndexed(),Native Render > Render Pass [clear: Depth] > Native SECT1.g2d (m: 8 l: 0) > Material 8 > SECT1.g3d_58,Native Render,Native SECT1.g2d (m: 8 l: 0),8,SECT1.g3d_58,1080,1025-4096,1,,,,,,,(none),,0.000000,0.000000
1602,2.560000,1,vkCmdDrawIndexed(),Native Render > Render Pass [clear: Depth] > Native SECT1.g2d (m: 7 l: 0) > Material 7 > SECT1.g3d_5_0_20,Native Render,Native SECT1.g2d (m: 7 l: 0),7,SECT1.g3d_5_0_20,4158,4097+,1,Native Previewer GLSL Blend 256 (ResourceId::15346),"rt0:blend=on,mask=RGBA",test=on write=on func=CompareFunction.Greater,rt0=RGBA,rt0=2D Color Attachment 3466 (ResourceId::3466),2D Depth/Stencil Attachment 3470 (ResourceId::3470),"GSTexImage Image (128, 128) pallete: 0 (ResourceId::11904) (ImageSampler, addr=Wrap,mip=0,cmp=Never)","Pixel:ReadOnlyResources[0:0]=GSTexImage Image (128, 128) pallete: 0 (ResourceId::11904) (ImageSampler, addr=Wrap,mip=0,cmp=Never); Vertex:ReadWriteResources[0:0]=Buffer 1876 (ResourceId::1876) (ReadWriteBuffer, addr=Wrap,mip=0,cmp=AlwaysTrue); Vertex:ReadWriteResources[1:0]=Buffer 1882 (ResourceId::1882) (ReadWriteBuffer, addr=Wrap,mip=0,cmp=AlwaysTrue); Vertex:ReadWriteResources[2:0]=Buffer 1888 (ResourceId::1888) (ReadWriteBuffer, addr=Wrap,mip=0,cmp=AlwaysTrue); Vertex:ReadWriteResources[3:0]=Buffer 1894 (ResourceId::1894) (ReadWriteBuffer, addr=Wrap,mip=0,cmp=AlwaysTrue)",0.000000,19.456000
1610,5.120000,1,vkCmdDrawIndexed(),Native Render > Render Pass [clear: Depth] > Native SECT1.g2d (m: 7 l: 0) > Material 7 > SECT1.g3d_5_0_19,Native Render,Native SECT1.g2d (m: 7 l: 0),7,SECT1.g3d_5_0_19,12126,4097+,1,Native Previewer GLSL Blend 256 (ResourceId::15346),"rt0:blend=on,mask=RGBA",test=on write=on func=CompareFunction.Greater,rt0=RGBA,rt0=2D Color Attachment 3466 (ResourceId::3466),2D Depth/Stencil Attachment 3470 (ResourceId::3470),"GSTexImage Image (128, 128) pallete: 0 (ResourceId::11904) (ImageSampler, addr=Wrap,mip=0,cmp=Never)","Pixel:ReadOnlyResources[0:0]=GSTexImage Image (128, 128) pallete: 0 (ResourceId::11904) (ImageSampler, addr=Wrap,mip=0,cmp=Never); Vertex:ReadWriteResources[0:0]=Buffer 1876 (ResourceId::1876) (ReadWriteBuffer, addr=Wrap,mip=0,cmp=AlwaysTrue); Vertex:ReadWriteResources[1:0]=Buffer 1882 (ResourceId::1882) (ReadWriteBuffer, addr=Wrap,mip=0,cmp=AlwaysTrue); Vertex:ReadWriteResources[2:0]=Buffer 1888 (ResourceId::1888) (ReadWriteBuffer, addr=Wrap,mip=0,cmp=AlwaysTrue); Vertex:ReadWriteResources[3:0]=Buffer 1894 (ResourceId::1894) (ReadWriteBuffer, addr=Wrap,mip=0,cmp=AlwaysTrue)",0.000000,23.552000
1618,5.017600,1,vkCmdDrawIndexed(),Native Render > Render Pass [clear: Depth] > Native SECT1.g2d (m: 7 l: 0) > Material 7 > SECT1.g3d_5_0_18,Native Render,Native SECT1.g2d (m: 7 l: 0),7,SECT1.g3d_5_0_18,5820,4097+,1,Native Previewer GLSL Blend 256 (ResourceId::15346),"rt0:blend=on,mask=RGBA",test=on write=on func=CompareFunction.Greater,rt0=RGBA,rt0=2D Color Attachment 3466 (ResourceId::3466),2D Depth/Stencil Attachment 3470 (ResourceId::3470),"GSTexImage Image (128, 128) pallete: 0 (ResourceId::11904) (ImageSampler, addr=Wrap,mip=0,cmp=Never)","Pixel:ReadOnlyResources[0:0]=GSTexImage Image (128, 128) pallete: 0 (ResourceId::11904) (ImageSampler, addr=Wrap,mip=0,cmp=Never); Vertex:ReadWriteResources[0:0]=Buffer 1876 (ResourceId::1876) (ReadWriteBuffer, addr=Wrap,mip=0,cmp=AlwaysTrue); Vertex:ReadWriteResources[1:0]=Buffer 1882 (ResourceId::1882) (ReadWriteBuffer, addr=Wrap,mip=0,cmp=AlwaysTrue); Vertex:ReadWriteResources[2:0]=Buffer 1888 (ResourceId::1888) (ReadWriteBuffer, addr=Wrap,mip=0,cmp=AlwaysTrue); Vertex:ReadWriteResources[3:0]=Buffer 1894 (ResourceId::1894) (ReadWriteBuffer, addr=Wrap,mip=0,cmp=AlwaysTrue)",0.000000,15.360000
1626,3.788800,1,vkCmdDrawIndexed(),Native Render > Render Pass [clear: Depth] > Native SECT1.g2d (m: 7 l: 0) > Material 7 > SECT1.g3d_5_0_16,Native Render,Native SECT1.g2d (m: 7 l: 0),7,SECT1.g3d_5_0_16,2520,1025-4096,1,Native Previewer GLSL Blend 256 (ResourceId::15346),"rt0:blend=on,mask=RGBA",test=on write=on func=CompareFunction.Greater,rt0=RGBA,rt0=2D Color Attachment 3466 (ResourceId::3466),2D Depth/Stencil Attachment 3470 (ResourceId::3470),"GSTexImage Image (128, 128) pallete: 0 (ResourceId::11904) (ImageSampler, addr=Wrap,mip=0,cmp=Never)","Pixel:ReadOnlyResources[0:0]=GSTexImage Image (128, 128) pallete: 0 (ResourceId::11904) (ImageSampler, addr=Wrap,mip=0,cmp=Never); Vertex:ReadWriteResources[0:0]=Buffer 1876 (ResourceId::1876) (ReadWriteBuffer, addr=Wrap,mip=0,cmp=AlwaysTrue); Vertex:ReadWriteResources[1:0]=Buffer 1882 (ResourceId::1882) (ReadWriteBuffer, addr=Wrap,mip=0,cmp=AlwaysTrue); Vertex:ReadWriteResources[2:0]=Buffer 1888 (ResourceId::1888) (ReadWriteBuffer, addr=Wrap,mip=0,cmp=AlwaysTrue); Vertex:ReadWriteResources[3:0]=Buffer 1894 (ResourceId::1894) (ReadWriteBuffer, addr=Wrap,mip=0,cmp=AlwaysTrue)",0.000000,16.384000
1634,0.000000,1,vkCmdDrawIndexed(),Native Render > Render Pass [clear: Depth] > Native SECT1.g2d (m: 7 l: 0) > Material 7 > SECT1.g3d_5_0_9,Native Render,Native SECT1.g2d (m: 7 l: 0),7,SECT1.g3d_5_0_9,861,257-1024,1,,,,,,,(none),,0.000000,0.000000
1642,0.000000,1,vkCmdDrawIndexed(),Native Render > Render Pass [clear: Depth] > Native SECT1.g2d (m: 7 l: 0) > Material 7 > SECT1.g3d_5_0_5,Native Render,Native SECT1.g2d (m: 7 l: 0),7,SECT1.g3d_5_0_5,933,257-1024,1,,,,,,,(none),,0.000000,0.000000
1650,0.000000,1,vkCmdDrawIndexed(),Native Render > Render Pass [clear: Depth] > Native SECT1.g2d (m: 7 l: 0) > Material 7 > SECT1.g3d_4_0_57,Native Render,Native SECT1.g2d (m: 7 l: 0),7,SECT1.g3d_4_0_57,114,49-256,1,,,,,,,(none),,0.000000,0.000000
1658,0.102400,1,vkCmdDrawIndexed(),Native Render > Render Pass [clear: Depth] > Native SECT1.g2d (m: 7 l: 0) > Material 7 > SECT1.g3d_4_0_53,Native Render,Native SECT1.g2d (m: 7 l: 0),7,SECT1.g3d_4_0_53,144,49-256,1,Native Previewer GLSL Blend 256 (ResourceId::15346),"rt0:blend=on,mask=RGBA",test=on write=on func=CompareFunction.Greater,rt0=RGBA,rt0=2D Color Attachment 3466 (ResourceId::3466),2D Depth/Stencil Attachment 3470 (ResourceId::3470),"GSTexImage Image (128, 128) pallete: 0 (ResourceId::11904) (ImageSampler, addr=Wrap,mip=0,cmp=Never)","Pixel:ReadOnlyResources[0:0]=GSTexImage Image (128, 128) pallete: 0 (ResourceId::11904) (ImageSampler, addr=Wrap,mip=0,cmp=Never); Vertex:ReadWriteResources[0:0]=Buffer 1876 (ResourceId::1876) (ReadWriteBuffer, addr=Wrap,mip=0,cmp=AlwaysTrue); Vertex:ReadWriteResources[1:0]=Buffer 1882 (ResourceId::1882) (ReadWriteBuffer, addr=Wrap,mip=0,cmp=AlwaysTrue); Vertex:ReadWriteResources[2:0]=Buffer 1888 (ResourceId::1888) (ReadWriteBuffer, addr=Wrap,mip=0,cmp=AlwaysTrue); Vertex:ReadWriteResources[3:0]=Buffer 1894 (ResourceId::1894) (ReadWriteBuffer, addr=Wrap,mip=0,cmp=AlwaysTrue)",0.000000,1.024000
1666,1.536000,1,vkCmdDrawIndexed(),Native Render > Render Pass [clear: Depth] > Native SECT1.g2d (m: 7 l: 0) > Material 7 > SECT1.g3d_4_0_52,Native Render,Native SECT1.g2d (m: 7 l: 0),7,SECT1.g3d_4_0_52,1173,1025-4096,1,Native Previewer GLSL Blend 256 (ResourceId::15346),"rt0:blend=on,mask=RGBA",test=on write=on func=CompareFunction.Greater,rt0=RGBA,rt0=2D Color Attachment 3466 (ResourceId::3466),2D Depth/Stencil Attachment 3470 (ResourceId::3470),"GSTexImage Image (128, 128) pallete: 0 (ResourceId::11904) (ImageSampler, addr=Wrap,mip=0,cmp=Never)","Pixel:ReadOnlyResources[0:0]=GSTexImage Image (128, 128) pallete: 0 (ResourceId::11904) (ImageSampler, addr=Wrap,mip=0,cmp=Never); Vertex:ReadWriteResources[0:0]=Buffer 1876 (ResourceId::1876) (ReadWriteBuffer, addr=Wrap,mip=0,cmp=AlwaysTrue); Vertex:ReadWriteResources[1:0]=Buffer 1882 (ResourceId::1882) (ReadWriteBuffer, addr=Wrap,mip=0,cmp=AlwaysTrue); Vertex:ReadWriteResources[2:0]=Buffer 1888 (ResourceId::1888) (ReadWriteBuffer, addr=Wrap,mip=0,cmp=AlwaysTrue); Vertex:ReadWriteResources[3:0]=Buffer 1894 (ResourceId::1894) (ReadWriteBuffer, addr=Wrap,mip=0,cmp=AlwaysTrue)",0.000000,12.288000
1674,0.000000,1,vkCmdDrawIndexed(),Native Render > Render Pass [clear: Depth] > Native SECT1.g2d (m: 7 l: 0) > Material 7 > SECT1.g3d_4_0_11,Native Render,Native SECT1.g2d (m: 7 l: 0),7,SECT1.g3d_4_0_11,2070,1025-4096,1,,,,,,,(none),,0.000000,0.000000
1682,3.174400,1,vkCmdDrawIndexed(),Native Render > Render Pass [clear: Depth] > Native SECT1.g2d (m: 7 l: 0) > Material 7 > SECT1.g3d_4_0_10,Native Render,Native SECT1.g2d (m: 7 l: 0),7,SECT1.g3d_4_0_10,1608,1025-4096,1,Native Previewer GLSL Blend 256 (ResourceId::15346),"rt0:blend=on,mask=RGBA",test=on write=on func=CompareFunction.Greater,rt0=RGBA,rt0=2D Color Attachment 3466 (ResourceId::3466),2D Depth/Stencil Attachment 3470 (ResourceId::3470),"GSTexImage Image (128, 128) pallete: 0 (ResourceId::11904) (ImageSampler, addr=Wrap,mip=0,cmp=Never)","Pixel:ReadOnlyResources[0:0]=GSTexImage Image (128, 128) pallete: 0 (ResourceId::11904) (ImageSampler, addr=Wrap,mip=0,cmp=Never); Vertex:ReadWriteResources[0:0]=Buffer 1876 (ResourceId::1876) (ReadWriteBuffer, addr=Wrap,mip=0,cmp=AlwaysTrue); Vertex:ReadWriteResources[1:0]=Buffer 1882 (ResourceId::1882) (ReadWriteBuffer, addr=Wrap,mip=0,cmp=AlwaysTrue); Vertex:ReadWriteResources[2:0]=Buffer 1888 (ResourceId::1888) (ReadWriteBuffer, addr=Wrap,mip=0,cmp=AlwaysTrue); Vertex:ReadWriteResources[3:0]=Buffer 1894 (ResourceId::1894) (ReadWriteBuffer, addr=Wrap,mip=0,cmp=AlwaysTrue)",0.000000,10.240000
1690,0.000000,1,vkCmdDrawIndexed(),Native Render > Render Pass [clear: Depth] > Native SECT1.g2d (m: 7 l: 0) > Material 7 > SECT1.g3d_3_0_10,Native Render,Native SECT1.g2d (m: 7 l: 0),7,SECT1.g3d_3_0_10,585,257-1024,1,,,,,,,(none),,0.000000,0.000000
1698,0.000000,1,vkCmdDrawIndexed(),Native Render > Render Pass [clear: Depth] > Native SECT1.g2d (m: 7 l: 0) > Material 7 > SECT1.g3d_3_0_9,Native Render,Native SECT1.g2d (m: 7 l: 0),7,SECT1.g3d_3_0_9,96,49-256,1,,,,,,,(none),,0.000000,0.000000
1706,0.000000,1,vkCmdDrawIndexed(),Native Render > Render Pass [clear: Depth] > Native SECT1.g2d (m: 7 l: 0) > Material 7 > SECT1.g3d_2_0_44,Native Render,Native SECT1.g2d (m: 7 l: 0),7,SECT1.g3d_2_0_44,1701,1025-4096,1,,,,,,,(none),,0.000000,0.000000
1714,0.000000,1,vkCmdDrawIndexed(),Native Render > Render Pass [clear: Depth] > Native SECT1.g2d (m: 7 l: 0) > Material 7 > SECT1.g3d_2_0_12,Native Render,Native SECT1.g2d (m: 7 l: 0),7,SECT1.g3d_2_0_12,1782,1025-4096,1,,,,,,,(none),,0.000000,0.000000
1722,3.788800,1,vkCmdDrawIndexed(),Native Render > Render Pass [clear: Depth] > Native SECT1.g2d (m: 7 l: 0) > Material 7 > SECT1.g3d_2_0_10,Native Render,Native SECT1.g2d (m: 7 l: 0),7,SECT1.g3d_2_0_10,6177,4097+,1,Native Previewer GLSL Blend 256 (ResourceId::15346),"rt0:blend=on,mask=RGBA",test=on write=on func=CompareFunction.Greater,rt0=RGBA,rt0=2D Color Attachment 3466 (ResourceId::3466),2D Depth/Stencil Attachment 3470 (ResourceId::3470),"GSTexImage Image (128, 128) pallete: 0 (ResourceId::11904) (ImageSampler, addr=Wrap,mip=0,cmp=Never)","Pixel:ReadOnlyResources[0:0]=GSTexImage Image (128, 128) pallete: 0 (ResourceId::11904) (ImageSampler, addr=Wrap,mip=0,cmp=Never); Vertex:ReadWriteResources[0:0]=Buffer 1876 (ResourceId::1876) (ReadWriteBuffer, addr=Wrap,mip=0,cmp=AlwaysTrue); Vertex:ReadWriteResources[1:0]=Buffer 1882 (ResourceId::1882) (ReadWriteBuffer, addr=Wrap,mip=0,cmp=AlwaysTrue); Vertex:ReadWriteResources[2:0]=Buffer 1888 (ResourceId::1888) (ReadWriteBuffer, addr=Wrap,mip=0,cmp=AlwaysTrue); Vertex:ReadWriteResources[3:0]=Buffer 1894 (ResourceId::1894) (ReadWriteBuffer, addr=Wrap,mip=0,cmp=AlwaysTrue)",0.000000,12.288000
1730,0.000000,1,vkCmdDrawIndexed(),Native Render > Render Pass [clear: Depth] > Native SECT1.g2d (m: 7 l: 0) > Material 7 > SECT1.g3d_2_0_8,Native Render,Native SECT1.g2d (m: 7 l: 0),7,SECT1.g3d_2_0_8,8586,4097+,1,,,,,,,(none),,0.000000,0.000000
1738,0.000000,1,vkCmdDrawIndexed(),Native Render > Render Pass [clear: Depth] > Native SECT1.g2d (m: 7 l: 0) > Material 7 > SECT1.g3d_2_0_4,Native Render,Native SECT1.g2d (m: 7 l: 0),7,SECT1.g3d_2_0_4,1248,1025-4096,1,,,,,,,(none),,0.000000,0.000000
1746,10.342400,1,vkCmdDrawIndexed(),Native Render > Render Pass [clear: Depth] > Native SECT1.g2d (m: 7 l: 0) > Material 7 > SECT1.g3d_198,Native Render,Native SECT1.g2d (m: 7 l: 0),7,SECT1.g3d_198,5595,4097+,1,Native Previewer GLSL Blend 256 (ResourceId::15346),"rt0:blend=on,mask=RGBA",test=on write=on func=CompareFunction.Greater,rt0=RGBA,rt0=2D Color Attachment 3466 (ResourceId::3466),2D Depth/Stencil Attachment 3470 (ResourceId::3470),"GSTexImage Image (128, 128) pallete: 0 (ResourceId::11904) (ImageSampler, addr=Wrap,mip=0,cmp=Never)","Pixel:ReadOnlyResources[0:0]=GSTexImage Image (128, 128) pallete: 0 (ResourceId::11904) (ImageSampler, addr=Wrap,mip=0,cmp=Never); Vertex:ReadWriteResources[0:0]=Buffer 1876 (ResourceId::1876) (ReadWriteBuffer, addr=Wrap,mip=0,cmp=AlwaysTrue); Vertex:ReadWriteResources[1:0]=Buffer 1882 (ResourceId::1882) (ReadWriteBuffer, addr=Wrap,mip=0,cmp=AlwaysTrue); Vertex:ReadWriteResources[2:0]=Buffer 1888 (ResourceId::1888) (ReadWriteBuffer, addr=Wrap,mip=0,cmp=AlwaysTrue); Vertex:ReadWriteResources[3:0]=Buffer 1894 (ResourceId::1894) (ReadWriteBuffer, addr=Wrap,mip=0,cmp=AlwaysTrue)",0.000000,44.032000
1754,0.000000,1,vkCmdDrawIndexed(),Native Render > Render Pass [clear: Depth] > Native SECT1.g2d (m: 7 l: 0) > Material 7 > SECT1.g3d_195,Native Render,Native SECT1.g2d (m: 7 l: 0),7,SECT1.g3d_195,180,49-256,1,,,,,,,(none),,0.000000,0.000000
1762,5.222400,1,vkCmdDrawIndexed(),Native Render > Render Pass [clear: Depth] > Native SECT1.g2d (m: 7 l: 0) > Material 7 > SECT1.g3d_192,Native Render,Native SECT1.g2d (m: 7 l: 0),7,SECT1.g3d_192,2034,1025-4096,1,Native Previewer GLSL Blend 256 (ResourceId::15346),"rt0:blend=on,mask=RGBA",test=on write=on func=CompareFunction.Greater,rt0=RGBA,rt0=2D Color Attachment 3466 (ResourceId::3466),2D Depth/Stencil Attachment 3470 (ResourceId::3470),"GSTexImage Image (128, 128) pallete: 0 (ResourceId::11904) (ImageSampler, addr=Wrap,mip=0,cmp=Never)","Pixel:ReadOnlyResources[0:0]=GSTexImage Image (128, 128) pallete: 0 (ResourceId::11904) (ImageSampler, addr=Wrap,mip=0,cmp=Never); Vertex:ReadWriteResources[0:0]=Buffer 1876 (ResourceId::1876) (ReadWriteBuffer, addr=Wrap,mip=0,cmp=AlwaysTrue); Vertex:ReadWriteResources[1:0]=Buffer 1882 (ResourceId::1882) (ReadWriteBuffer, addr=Wrap,mip=0,cmp=AlwaysTrue); Vertex:ReadWriteResources[2:0]=Buffer 1888 (ResourceId::1888) (ReadWriteBuffer, addr=Wrap,mip=0,cmp=AlwaysTrue); Vertex:ReadWriteResources[3:0]=Buffer 1894 (ResourceId::1894) (ReadWriteBuffer, addr=Wrap,mip=0,cmp=AlwaysTrue)",0.000000,19.456000
1770,0.000000,1,vkCmdDrawIndexed(),Native Render > Render Pass [clear: Depth] > Native SECT1.g2d (m: 7 l: 0) > Material 7 > SECT1.g3d_185,Native Render,Native SECT1.g2d (m: 7 l: 0),7,SECT1.g3d_185,1134,1025-4096,1,,,,,,,(none),,0.000000,0.000000
1778,0.000000,1,vkCmdDrawIndexed(),Native Render > Render Pass [clear: Depth] > Native SECT1.g2d (m: 7 l: 0) > Material 7 > SECT1.g3d_173,Native Render,Native SECT1.g2d (m: 7 l: 0),7,SECT1.g3d_173,660,257-1024,1,,,,,,,(none),,0.000000,0.000000
1786,0.921600,1,vkCmdDrawIndexed(),Native Render > Render Pass [clear: Depth] > Native SECT1.g2d (m: 7 l: 0) > Material 7 > SECT1.g3d_148,Native Render,Native SECT1.g2d (m: 7 l: 0),7,SECT1.g3d_148,1092,1025-4096,1,Native Previewer GLSL Blend 256 (ResourceId::15346),"rt0:blend=on,mask=RGBA",test=on write=on func=CompareFunction.Greater,rt0=RGBA,rt0=2D Color Attachment 3466 (ResourceId::3466),2D Depth/Stencil Attachment 3470 (ResourceId::3470),"GSTexImage Image (128, 128) pallete: 0 (ResourceId::11904) (ImageSampler, addr=Wrap,mip=0,cmp=Never)","Pixel:ReadOnlyResources[0:0]=GSTexImage Image (128, 128) pallete: 0 (ResourceId::11904) (ImageSampler, addr=Wrap,mip=0,cmp=Never); Vertex:ReadWriteResources[0:0]=Buffer 1876 (ResourceId::1876) (ReadWriteBuffer, addr=Wrap,mip=0,cmp=AlwaysTrue); Vertex:ReadWriteResources[1:0]=Buffer 1882 (ResourceId::1882) (ReadWriteBuffer, addr=Wrap,mip=0,cmp=AlwaysTrue); Vertex:ReadWriteResources[2:0]=Buffer 1888 (ResourceId::1888) (ReadWriteBuffer, addr=Wrap,mip=0,cmp=AlwaysTrue); Vertex:ReadWriteResources[3:0]=Buffer 1894 (ResourceId::1894) (ReadWriteBuffer, addr=Wrap,mip=0,cmp=AlwaysTrue)",0.000000,6.144000
1794,1.126400,1,vkCmdDrawIndexed(),Native Render > Render Pass [clear: Depth] > Native SECT1.g2d (m: 7 l: 0) > Material 7 > SECT1.g3d_126,Native Render,Native SECT1.g2d (m: 7 l: 0),7,SECT1.g3d_126,156,49-256,1,Native Previewer GLSL Blend 256 (ResourceId::15346),"rt0:blend=on,mask=RGBA",test=on write=on func=CompareFunction.Greater,rt0=RGBA,rt0=2D Color Attachment 3466 (ResourceId::3466),2D Depth/Stencil Attachment 3470 (ResourceId::3470),"GSTexImage Image (128, 128) pallete: 0 (ResourceId::11904) (ImageSampler, addr=Wrap,mip=0,cmp=Never)","Pixel:ReadOnlyResources[0:0]=GSTexImage Image (128, 128) pallete: 0 (ResourceId::11904) (ImageSampler, addr=Wrap,mip=0,cmp=Never); Vertex:ReadWriteResources[0:0]=Buffer 1876 (ResourceId::1876) (ReadWriteBuffer, addr=Wrap,mip=0,cmp=AlwaysTrue); Vertex:ReadWriteResources[1:0]=Buffer 1882 (ResourceId::1882) (ReadWriteBuffer, addr=Wrap,mip=0,cmp=AlwaysTrue); Vertex:ReadWriteResources[2:0]=Buffer 1888 (ResourceId::1888) (ReadWriteBuffer, addr=Wrap,mip=0,cmp=AlwaysTrue); Vertex:ReadWriteResources[3:0]=Buffer 1894 (ResourceId::1894) (ReadWriteBuffer, addr=Wrap,mip=0,cmp=AlwaysTrue)",0.000000,10.240000
1802,0.000000,1,vkCmdDrawIndexed(),Native Render > Render Pass [clear: Depth] > Native SECT1.g2d (m: 7 l: 0) > Material 7 > SECT1.g3d_125,Native Render,Native SECT1.g2d (m: 7 l: 0),7,SECT1.g3d_125,78,49-256,1,,,,,,,(none),,0.000000,0.000000
1810,3.788800,1,vkCmdDrawIndexed(),Native Render > Render Pass [clear: Depth] > Native SECT1.g2d (m: 7 l: 0) > Material 7 > SECT1.g3d_47,Native Render,Native SECT1.g2d (m: 7 l: 0),7,SECT1.g3d_47,5505,4097+,1,Native Previewer GLSL Blend 256 (ResourceId::15346),"rt0:blend=on,mask=RGBA",test=on write=on func=CompareFunction.Greater,rt0=RGBA,rt0=2D Color Attachment 3466 (ResourceId::3466),2D Depth/Stencil Attachment 3470 (ResourceId::3470),"GSTexImage Image (128, 128) pallete: 0 (ResourceId::11904) (ImageSampler, addr=Wrap,mip=0,cmp=Never)","Pixel:ReadOnlyResources[0:0]=GSTexImage Image (128, 128) pallete: 0 (ResourceId::11904) (ImageSampler, addr=Wrap,mip=0,cmp=Never); Vertex:ReadWriteResources[0:0]=Buffer 1876 (ResourceId::1876) (ReadWriteBuffer, addr=Wrap,mip=0,cmp=AlwaysTrue); Vertex:ReadWriteResources[1:0]=Buffer 1882 (ResourceId::1882) (ReadWriteBuffer, addr=Wrap,mip=0,cmp=AlwaysTrue); Vertex:ReadWriteResources[2:0]=Buffer 1888 (ResourceId::1888) (ReadWriteBuffer, addr=Wrap,mip=0,cmp=AlwaysTrue); Vertex:ReadWriteResources[3:0]=Buffer 1894 (ResourceId::1894) (ReadWriteBuffer, addr=Wrap,mip=0,cmp=AlwaysTrue)",0.000000,13.312000
1823,1.740800,1,vkCmdDrawIndexed(),Native Render > Render Pass [clear: Depth] > Native SECT1.g2d (m: 21 l: 0) > Material 21 > SECT1.g3d_5_0_26,Native Render,Native SECT1.g2d (m: 21 l: 0),21,SECT1.g3d_5_0_26,1080,1025-4096,1,Native Previewer GLSL Blend 256 (ResourceId::15346),"rt0:blend=on,mask=RGBA",test=on write=on func=CompareFunction.Greater,rt0=RGBA,rt0=2D Color Attachment 3466 (ResourceId::3466),2D Depth/Stencil Attachment 3470 (ResourceId::3470),"GSTexImage Image (128, 32) pallete: 0 (ResourceId::12128) (ImageSampler, addr=ClampEdge,mip=0,cmp=Never)","Pixel:ReadOnlyResources[0:0]=GSTexImage Image (128, 32) pallete: 0 (ResourceId::12128) (ImageSampler, addr=ClampEdge,mip=0,cmp=Never); Vertex:ReadWriteResources[0:0]=Buffer 1876 (ResourceId::1876) (ReadWriteBuffer, addr=Wrap,mip=0,cmp=AlwaysTrue); Vertex:ReadWriteResources[1:0]=Buffer 1882 (ResourceId::1882) (ReadWriteBuffer, addr=Wrap,mip=0,cmp=AlwaysTrue); Vertex:ReadWriteResources[2:0]=Buffer 1888 (ResourceId::1888) (ReadWriteBuffer, addr=Wrap,mip=0,cmp=AlwaysTrue); Vertex:ReadWriteResources[3:0]=Buffer 1894 (ResourceId::1894) (ReadWriteBuffer, addr=Wrap,mip=0,cmp=AlwaysTrue)",0.000000,10.240000
1831,0.000000,1,vkCmdDrawIndexed(),Native Render > Render Pass [clear: Depth] > Native SECT1.g2d (m: 21 l: 0) > Material 21 > SECT1.g3d_5_0_23,Native Render,Native SECT1.g2d (m: 21 l: 0),21,SECT1.g3d_5_0_23,447,257-1024,1,,,,,,,(none),,0.000000,0.000000
1839,2.662400,1,vkCmdDrawIndexed(),Native Render > Render Pass [clear: Depth] > Native SECT1.g2d (m: 21 l: 0) > Material 21 > SECT1.g3d_5_0_22,Native Render,Native SECT1.g2d (m: 21 l: 0),21,SECT1.g3d_5_0_22,2364,1025-4096,1,Native Previewer GLSL Blend 256 (ResourceId::15346),"rt0:blend=on,mask=RGBA",test=on write=on func=CompareFunction.Greater,rt0=RGBA,rt0=2D Color Attachment 3466 (ResourceId::3466),2D Depth/Stencil Attachment 3470 (ResourceId::3470),"GSTexImage Image (128, 32) pallete: 0 (ResourceId::12128) (ImageSampler, addr=ClampEdge,mip=0,cmp=Never)","Pixel:ReadOnlyResources[0:0]=GSTexImage Image (128, 32) pallete: 0 (ResourceId::12128) (ImageSampler, addr=ClampEdge,mip=0,cmp=Never); Vertex:ReadWriteResources[0:0]=Buffer 1876 (ResourceId::1876) (ReadWriteBuffer, addr=Wrap,mip=0,cmp=AlwaysTrue); Vertex:ReadWriteResources[1:0]=Buffer 1882 (ResourceId::1882) (ReadWriteBuffer, addr=Wrap,mip=0,cmp=AlwaysTrue); Vertex:ReadWriteResources[2:0]=Buffer 1888 (ResourceId::1888) (ReadWriteBuffer, addr=Wrap,mip=0,cmp=AlwaysTrue); Vertex:ReadWriteResources[3:0]=Buffer 1894 (ResourceId::1894) (ReadWriteBuffer, addr=Wrap,mip=0,cmp=AlwaysTrue)",0.000000,10.240000
1847,0.307200,1,vkCmdDrawIndexed(),Native Render > Render Pass [clear: Depth] > Native SECT1.g2d (m: 21 l: 0) > Material 21 > SECT1.g3d_5_0_10,Native Render,Native SECT1.g2d (m: 21 l: 0),21,SECT1.g3d_5_0_10,1764,1025-4096,1,Native Previewer GLSL Blend 256 (ResourceId::15346),"rt0:blend=on,mask=RGBA",test=on write=on func=CompareFunction.Greater,rt0=RGBA,rt0=2D Color Attachment 3466 (ResourceId::3466),2D Depth/Stencil Attachment 3470 (ResourceId::3470),"GSTexImage Image (128, 32) pallete: 0 (ResourceId::12128) (ImageSampler, addr=ClampEdge,mip=0,cmp=Never)","Pixel:ReadOnlyResources[0:0]=GSTexImage Image (128, 32) pallete: 0 (ResourceId::12128) (ImageSampler, addr=ClampEdge,mip=0,cmp=Never); Vertex:ReadWriteResources[0:0]=Buffer 1876 (ResourceId::1876) (ReadWriteBuffer, addr=Wrap,mip=0,cmp=AlwaysTrue); Vertex:ReadWriteResources[1:0]=Buffer 1882 (ResourceId::1882) (ReadWriteBuffer, addr=Wrap,mip=0,cmp=AlwaysTrue); Vertex:ReadWriteResources[2:0]=Buffer 1888 (ResourceId::1888) (ReadWriteBuffer, addr=Wrap,mip=0,cmp=AlwaysTrue); Vertex:ReadWriteResources[3:0]=Buffer 1894 (ResourceId::1894) (ReadWriteBuffer, addr=Wrap,mip=0,cmp=AlwaysTrue)",0.000000,2.048000
1855,0.000000,1,vkCmdDrawIndexed(),Native Render > Render Pass [clear: Depth] > Native SECT1.g2d (m: 21 l: 0) > Material 21 > SECT1.g3d_4_0_104,Native Render,Native SECT1.g2d (m: 21 l: 0),21,SECT1.g3d_4_0_104,87,49-256,1,,,,,,,(none),,0.000000,0.000000
1863,4.198400,1,vkCmdDrawIndexed(),Native Render > Render Pass [clear: Depth] > Native SECT1.g2d (m: 21 l: 0) > Material 21 > SECT1.g3d_4_0_50,Native Render,Native SECT1.g2d (m: 21 l: 0),21,SECT1.g3d_4_0_50,2391,1025-4096,1,Native Previewer GLSL Blend 256 (ResourceId::15346),"rt0:blend=on,mask=RGBA",test=on write=on func=CompareFunction.Greater,rt0=RGBA,rt0=2D Color Attachment 3466 (ResourceId::3466),2D Depth/Stencil Attachment 3470 (ResourceId::3470),"GSTexImage Image (128, 32) pallete: 0 (ResourceId::12128) (ImageSampler, addr=ClampEdge,mip=0,cmp=Never)","Pixel:ReadOnlyResources[0:0]=GSTexImage Image (128, 32) pallete: 0 (ResourceId::12128) (ImageSampler, addr=ClampEdge,mip=0,cmp=Never); Vertex:ReadWriteResources[0:0]=Buffer 1876 (ResourceId::1876) (ReadWriteBuffer, addr=Wrap,mip=0,cmp=AlwaysTrue); Vertex:ReadWriteResources[1:0]=Buffer 1882 (ResourceId::1882) (ReadWriteBuffer, addr=Wrap,mip=0,cmp=AlwaysTrue); Vertex:ReadWriteResources[2:0]=Buffer 1888 (ResourceId::1888) (ReadWriteBuffer, addr=Wrap,mip=0,cmp=AlwaysTrue); Vertex:ReadWriteResources[3:0]=Buffer 1894 (ResourceId::1894) (ReadWriteBuffer, addr=Wrap,mip=0,cmp=AlwaysTrue)",0.000000,20.480000
1871,0.000000,1,vkCmdDrawIndexed(),Native Render > Render Pass [clear: Depth] > Native SECT1.g2d (m: 21 l: 0) > Material 21 > SECT1.g3d_4_0_2,Native Render,Native SECT1.g2d (m: 21 l: 0),21,SECT1.g3d_4_0_2,63,49-256,1,,,,,,,(none),,0.000000,0.000000
1879,0.000000,1,vkCmdDrawIndexed(),Native Render > Render Pass [clear: Depth] > Native SECT1.g2d (m: 21 l: 0) > Material 21 > SECT1.g3d_3_0_11,Native Render,Native SECT1.g2d (m: 21 l: 0),21,SECT1.g3d_3_0_11,525,257-1024,1,,,,,,,(none),,0.000000,0.000000
1887,0.000000,1,vkCmdDrawIndexed(),Native Render > Render Pass [clear: Depth] > Native SECT1.g2d (m: 21 l: 0) > Material 21 > SECT1.g3d_2_0_61,Native Render,Native SECT1.g2d (m: 21 l: 0),21,SECT1.g3d_2_0_61,195,49-256,1,,,,,,,(none),,0.000000,0.000000
1895,0.102400,1,vkCmdDrawIndexed(),Native Render > Render Pass [clear: Depth] > Native SECT1.g2d (m: 21 l: 0) > Material 21 > SECT1.g3d_2_0_55,Native Render,Native SECT1.g2d (m: 21 l: 0),21,SECT1.g3d_2_0_55,348,257-1024,1,Native Previewer GLSL Blend 256 (ResourceId::15346),"rt0:blend=on,mask=RGBA",test=on write=on func=CompareFunction.Greater,rt0=RGBA,rt0=2D Color Attachment 3466 (ResourceId::3466),2D Depth/Stencil Attachment 3470 (ResourceId::3470),"GSTexImage Image (128, 32) pallete: 0 (ResourceId::12128) (ImageSampler, addr=ClampEdge,mip=0,cmp=Never)","Pixel:ReadOnlyResources[0:0]=GSTexImage Image (128, 32) pallete: 0 (ResourceId::12128) (ImageSampler, addr=ClampEdge,mip=0,cmp=Never); Vertex:ReadWriteResources[0:0]=Buffer 1876 (ResourceId::1876) (ReadWriteBuffer, addr=Wrap,mip=0,cmp=AlwaysTrue); Vertex:ReadWriteResources[1:0]=Buffer 1882 (ResourceId::1882) (ReadWriteBuffer, addr=Wrap,mip=0,cmp=AlwaysTrue); Vertex:ReadWriteResources[2:0]=Buffer 1888 (ResourceId::1888) (ReadWriteBuffer, addr=Wrap,mip=0,cmp=AlwaysTrue); Vertex:ReadWriteResources[3:0]=Buffer 1894 (ResourceId::1894) (ReadWriteBuffer, addr=Wrap,mip=0,cmp=AlwaysTrue)",0.000000,1.024000
1903,0.000000,1,vkCmdDrawIndexed(),Native Render > Render Pass [clear: Depth] > Native SECT1.g2d (m: 21 l: 0) > Material 21 > SECT1.g3d_2_0_42,Native Render,Native SECT1.g2d (m: 21 l: 0),21,SECT1.g3d_2_0_42,582,257-1024,1,,,,,,,(none),,0.000000,0.000000
1911,0.000000,1,vkCmdDrawIndexed(),Native Render > Render Pass [clear: Depth] > Native SECT1.g2d (m: 21 l: 0) > Material 21 > SECT1.g3d_2_0_32,Native Render,Native SECT1.g2d (m: 21 l: 0),21,SECT1.g3d_2_0_32,45,13-48,1,,,,,,,(none),,0.000000,0.000000
1919,1.536000,1,vkCmdDrawIndexed(),Native Render > Render Pass [clear: Depth] > Native SECT1.g2d (m: 21 l: 0) > Material 21 > SECT1.g3d_2_0_31,Native Render,Native SECT1.g2d (m: 21 l: 0),21,SECT1.g3d_2_0_31,3612,1025-4096,1,Native Previewer GLSL Blend 256 (ResourceId::15346),"rt0:blend=on,mask=RGBA",test=on write=on func=CompareFunction.Greater,rt0=RGBA,rt0=2D Color Attachment 3466 (ResourceId::3466),2D Depth/Stencil Attachment 3470 (ResourceId::3470),"GSTexImage Image (128, 32) pallete: 0 (ResourceId::12128) (ImageSampler, addr=ClampEdge,mip=0,cmp=Never)","Pixel:ReadOnlyResources[0:0]=GSTexImage Image (128, 32) pallete: 0 (ResourceId::12128) (ImageSampler, addr=ClampEdge,mip=0,cmp=Never); Vertex:ReadWriteResources[0:0]=Buffer 1876 (ResourceId::1876) (ReadWriteBuffer, addr=Wrap,mip=0,cmp=AlwaysTrue); Vertex:ReadWriteResources[1:0]=Buffer 1882 (ResourceId::1882) (ReadWriteBuffer, addr=Wrap,mip=0,cmp=AlwaysTrue); Vertex:ReadWriteResources[2:0]=Buffer 1888 (ResourceId::1888) (ReadWriteBuffer, addr=Wrap,mip=0,cmp=AlwaysTrue); Vertex:ReadWriteResources[3:0]=Buffer 1894 (ResourceId::1894) (ReadWriteBuffer, addr=Wrap,mip=0,cmp=AlwaysTrue)",0.000000,9.216000
1927,0.000000,1,vkCmdDrawIndexed(),Native Render > Render Pass [clear: Depth] > Native SECT1.g2d (m: 21 l: 0) > Material 21 > SECT1.g3d_231,Native Render,Native SECT1.g2d (m: 21 l: 0),21,SECT1.g3d_231,42,13-48,1,,,,,,,(none),,0.000000,0.000000
1935,2.764800,1,vkCmdDrawIndexed(),Native Render > Render Pass [clear: Depth] > Native SECT1.g2d (m: 21 l: 0) > Material 21 > SECT1.g3d_202,Native Render,Native SECT1.g2d (m: 21 l: 0),21,SECT1.g3d_202,447,257-1024,1,Native Previewer GLSL Blend 256 (ResourceId::15346),"rt0:blend=on,mask=RGBA",test=on write=on func=CompareFunction.Greater,rt0=RGBA,rt0=2D Color Attachment 3466 (ResourceId::3466),2D Depth/Stencil Attachment 3470 (ResourceId::3470),"GSTexImage Image (128, 32) pallete: 0 (ResourceId::12128) (ImageSampler, addr=ClampEdge,mip=0,cmp=Never)","Pixel:ReadOnlyResources[0:0]=GSTexImage Image (128, 32) pallete: 0 (ResourceId::12128) (ImageSampler, addr=ClampEdge,mip=0,cmp=Never); Vertex:ReadWriteResources[0:0]=Buffer 1876 (ResourceId::1876) (ReadWriteBuffer, addr=Wrap,mip=0,cmp=AlwaysTrue); Vertex:ReadWriteResources[1:0]=Buffer 1882 (ResourceId::1882) (ReadWriteBuffer, addr=Wrap,mip=0,cmp=AlwaysTrue); Vertex:ReadWriteResources[2:0]=Buffer 1888 (ResourceId::1888) (ReadWriteBuffer, addr=Wrap,mip=0,cmp=AlwaysTrue); Vertex:ReadWriteResources[3:0]=Buffer 1894 (ResourceId::1894) (ReadWriteBuffer, addr=Wrap,mip=0,cmp=AlwaysTrue)",0.000000,11.264000
1943,0.000000,1,vkCmdDrawIndexed(),Native Render > Render Pass [clear: Depth] > Native SECT1.g2d (m: 21 l: 0) > Material 21 > SECT1.g3d_189,Native Render,Native SECT1.g2d (m: 21 l: 0),21,SECT1.g3d_189,708,257-1024,1,,,,,,,(none),,0.000000,0.000000
1951,0.000000,1,vkCmdDrawIndexed(),Native Render > Render Pass [clear: Depth] > Native SECT1.g2d (m: 21 l: 0) > Material 21 > SECT1.g3d_131,Native Render,Native SECT1.g2d (m: 21 l: 0),21,SECT1.g3d_131,270,257-1024,1,,,,,,,(none),,0.000000,0.000000
1959,3.686400,1,vkCmdDrawIndexed(),Native Render > Render Pass [clear: Depth] > Native SECT1.g2d (m: 21 l: 0) > Material 21 > SECT1.g3d_94,Native Render,Native SECT1.g2d (m: 21 l: 0),21,SECT1.g3d_94,966,257-1024,1,Native Previewer GLSL Blend 256 (ResourceId::15346),"rt0:blend=on,mask=RGBA",test=on write=on func=CompareFunction.Greater,rt0=RGBA,rt0=2D Color Attachment 3466 (ResourceId::3466),2D Depth/Stencil Attachment 3470 (ResourceId::3470),"GSTexImage Image (128, 32) pallete: 0 (ResourceId::12128) (ImageSampler, addr=ClampEdge,mip=0,cmp=Never)","Pixel:ReadOnlyResources[0:0]=GSTexImage Image (128, 32) pallete: 0 (ResourceId::12128) (ImageSampler, addr=ClampEdge,mip=0,cmp=Never); Vertex:ReadWriteResources[0:0]=Buffer 1876 (ResourceId::1876) (ReadWriteBuffer, addr=Wrap,mip=0,cmp=AlwaysTrue); Vertex:ReadWriteResources[1:0]=Buffer 1882 (ResourceId::1882) (ReadWriteBuffer, addr=Wrap,mip=0,cmp=AlwaysTrue); Vertex:ReadWriteResources[2:0]=Buffer 1888 (ResourceId::1888) (ReadWriteBuffer, addr=Wrap,mip=0,cmp=AlwaysTrue); Vertex:ReadWriteResources[3:0]=Buffer 1894 (ResourceId::1894) (ReadWriteBuffer, addr=Wrap,mip=0,cmp=AlwaysTrue)",0.000000,9.216000
1967,0.000000,1,vkCmdDrawIndexed(),Native Render > Render Pass [clear: Depth] > Native SECT1.g2d (m: 21 l: 0) > Material 21 > SECT1.g3d_82,Native Render,Native SECT1.g2d (m: 21 l: 0),21,SECT1.g3d_82,156,49-256,1,,,,,,,(none),,0.000000,0.000000
1975,0.000000,1,vkCmdDrawIndexed(),Native Render > Render Pass [clear: Depth] > Native SECT1.g2d (m: 21 l: 0) > Material 21 > SECT1.g3d_81,Native Render,Native SECT1.g2d (m: 21 l: 0),21,SECT1.g3d_81,288,257-1024,1,,,,,,,(none),,0.000000,0.000000
1983,0.000000,1,vkCmdDrawIndexed(),Native Render > Render Pass [clear: Depth] > Native SECT1.g2d (m: 21 l: 0) > Material 21 > SECT1.g3d_80,Native Render,Native SECT1.g2d (m: 21 l: 0),21,SECT1.g3d_80,192,49-256,1,,,,,,,(none),,0.000000,0.000000
1991,0.000000,1,vkCmdDrawIndexed(),Native Render > Render Pass [clear: Depth] > Native SECT1.g2d (m: 21 l: 0) > Material 21 > SECT1.g3d_45,Native Render,Native SECT1.g2d (m: 21 l: 0),21,SECT1.g3d_45,195,49-256,1,,,,,,,(none),,0.000000,0.000000
2004,3.174400,1,vkCmdDrawIndexed(),Native Render > Render Pass [clear: Depth] > Native SECT1.g2d (m: 1 l: 0) > Material 1 > SECT1.g3d_4_0_106,Native Render,Native SECT1.g2d (m: 1 l: 0),1,SECT1.g3d_4_0_106,144,49-256,1,Native Previewer GLSL Blend 256 (ResourceId::15346),"rt0:blend=on,mask=RGBA",test=on write=on func=CompareFunction.Greater,rt0=RGBA,rt0=2D Color Attachment 3466 (ResourceId::3466),2D Depth/Stencil Attachment 3470 (ResourceId::3470),"GSTexImage Image (128, 128) pallete: 0 (ResourceId::11808) (ImageSampler, addr=Wrap,mip=0,cmp=Never)","Pixel:ReadOnlyResources[0:0]=GSTexImage Image (128, 128) pallete: 0 (ResourceId::11808) (ImageSampler, addr=Wrap,mip=0,cmp=Never); Vertex:ReadWriteResources[0:0]=Buffer 1876 (ResourceId::1876) (ReadWriteBuffer, addr=Wrap,mip=0,cmp=AlwaysTrue); Vertex:ReadWriteResources[1:0]=Buffer 1882 (ResourceId::1882) (ReadWriteBuffer, addr=Wrap,mip=0,cmp=AlwaysTrue); Vertex:ReadWriteResources[2:0]=Buffer 1888 (ResourceId::1888) (ReadWriteBuffer, addr=Wrap,mip=0,cmp=AlwaysTrue); Vertex:ReadWriteResources[3:0]=Buffer 1894 (ResourceId::1894) (ReadWriteBuffer, addr=Wrap,mip=0,cmp=AlwaysTrue)",0.000000,16.384000
2012,0.000000,1,vkCmdDrawIndexed(),Native Render > Render Pass [clear: Depth] > Native SECT1.g2d (m: 1 l: 0) > Material 1 > SECT1.g3d_4_0_94,Native Render,Native SECT1.g2d (m: 1 l: 0),1,SECT1.g3d_4_0_94,351,257-1024,1,,,,,,,(none),,0.000000,0.000000
2020,1.126400,1,vkCmdDrawIndexed(),Native Render > Render Pass [clear: Depth] > Native SECT1.g2d (m: 1 l: 0) > Material 1 > SECT1.g3d_4_0_71,Native Render,Native SECT1.g2d (m: 1 l: 0),1,SECT1.g3d_4_0_71,66,49-256,1,Native Previewer GLSL Blend 256 (ResourceId::15346),"rt0:blend=on,mask=RGBA",test=on write=on func=CompareFunction.Greater,rt0=RGBA,rt0=2D Color Attachment 3466 (ResourceId::3466),2D Depth/Stencil Attachment 3470 (ResourceId::3470),"GSTexImage Image (128, 128) pallete: 0 (ResourceId::11808) (ImageSampler, addr=Wrap,mip=0,cmp=Never)","Pixel:ReadOnlyResources[0:0]=GSTexImage Image (128, 128) pallete: 0 (ResourceId::11808) (ImageSampler, addr=Wrap,mip=0,cmp=Never); Vertex:ReadWriteResources[0:0]=Buffer 1876 (ResourceId::1876) (ReadWriteBuffer, addr=Wrap,mip=0,cmp=AlwaysTrue); Vertex:ReadWriteResources[1:0]=Buffer 1882 (ResourceId::1882) (ReadWriteBuffer, addr=Wrap,mip=0,cmp=AlwaysTrue); Vertex:ReadWriteResources[2:0]=Buffer 1888 (ResourceId::1888) (ReadWriteBuffer, addr=Wrap,mip=0,cmp=AlwaysTrue); Vertex:ReadWriteResources[3:0]=Buffer 1894 (ResourceId::1894) (ReadWriteBuffer, addr=Wrap,mip=0,cmp=AlwaysTrue)",0.000000,11.264000
2028,0.000000,1,vkCmdDrawIndexed(),Native Render > Render Pass [clear: Depth] > Native SECT1.g2d (m: 1 l: 0) > Material 1 > SECT1.g3d_4_0_55,Native Render,Native SECT1.g2d (m: 1 l: 0),1,SECT1.g3d_4_0_55,30,13-48,1,,,,,,,(none),,0.000000,0.000000
2036,0.000000,1,vkCmdDrawIndexed(),Native Render > Render Pass [clear: Depth] > Native SECT1.g2d (m: 1 l: 0) > Material 1 > SECT1.g3d_4_0_45,Native Render,Native SECT1.g2d (m: 1 l: 0),1,SECT1.g3d_4_0_45,765,257-1024,1,,,,,,,(none),,0.000000,0.000000
2044,2.355200,1,vkCmdDrawIndexed(),Native Render > Render Pass [clear: Depth] > Native SECT1.g2d (m: 1 l: 0) > Material 1 > SECT1.g3d_4_0_21,Native Render,Native SECT1.g2d (m: 1 l: 0),1,SECT1.g3d_4_0_21,522,257-1024,1,Native Previewer GLSL Blend 256 (ResourceId::15346),"rt0:blend=on,mask=RGBA",test=on write=on func=CompareFunction.Greater,rt0=RGBA,rt0=2D Color Attachment 3466 (ResourceId::3466),2D Depth/Stencil Attachment 3470 (ResourceId::3470),"GSTexImage Image (128, 128) pallete: 0 (ResourceId::11808) (ImageSampler, addr=Wrap,mip=0,cmp=Never)","Pixel:ReadOnlyResources[0:0]=GSTexImage Image (128, 128) pallete: 0 (ResourceId::11808) (ImageSampler, addr=Wrap,mip=0,cmp=Never); Vertex:ReadWriteResources[0:0]=Buffer 1876 (ResourceId::1876) (ReadWriteBuffer, addr=Wrap,mip=0,cmp=AlwaysTrue); Vertex:ReadWriteResources[1:0]=Buffer 1882 (ResourceId::1882) (ReadWriteBuffer, addr=Wrap,mip=0,cmp=AlwaysTrue); Vertex:ReadWriteResources[2:0]=Buffer 1888 (ResourceId::1888) (ReadWriteBuffer, addr=Wrap,mip=0,cmp=AlwaysTrue); Vertex:ReadWriteResources[3:0]=Buffer 1894 (ResourceId::1894) (ReadWriteBuffer, addr=Wrap,mip=0,cmp=AlwaysTrue)",0.000000,21.504000
2052,0.000000,1,vkCmdDrawIndexed(),Native Render > Render Pass [clear: Depth] > Native SECT1.g2d (m: 1 l: 0) > Material 1 > SECT1.g3d_4_0_20,Native Render,Native SECT1.g2d (m: 1 l: 0),1,SECT1.g3d_4_0_20,945,257-1024,1,,,,,,,(none),,0.000000,0.000000
2060,0.000000,1,vkCmdDrawIndexed(),Native Render > Render Pass [clear: Depth] > Native SECT1.g2d (m: 1 l: 0) > Material 1 > SECT1.g3d_4_0_6,Native Render,Native SECT1.g2d (m: 1 l: 0),1,SECT1.g3d_4_0_6,195,49-256,1,,,,,,,(none),,0.000000,0.000000
2068,9.728000,1,vkCmdDrawIndexed(),Native Render > Render Pass [clear: Depth] > Native SECT1.g2d (m: 1 l: 0) > Material 1 > SECT1.g3d_4_0_5,Native Render,Native SECT1.g2d (m: 1 l: 0),1,SECT1.g3d_4_0_5,2775,1025-4096,1,Native Previewer GLSL Blend 256 (ResourceId::15346),"rt0:blend=on,mask=RGBA",test=on write=on func=CompareFunction.Greater,rt0=RGBA,rt0=2D Color Attachment 3466 (ResourceId::3466),2D Depth/Stencil Attachment 3470 (ResourceId::3470),"GSTexImage Image (128, 128) pallete: 0 (ResourceId::11808) (ImageSampler, addr=Wrap,mip=0,cmp=Never)","Pixel:ReadOnlyResources[0:0]=GSTexImage Image (128, 128) pallete: 0 (ResourceId::11808) (ImageSampler, addr=Wrap,mip=0,cmp=Never); Vertex:ReadWriteResources[0:0]=Buffer 1876 (ResourceId::1876) (ReadWriteBuffer, addr=Wrap,mip=0,cmp=AlwaysTrue); Vertex:ReadWriteResources[1:0]=Buffer 1882 (ResourceId::1882) (ReadWriteBuffer, addr=Wrap,mip=0,cmp=AlwaysTrue); Vertex:ReadWriteResources[2:0]=Buffer 1888 (ResourceId::1888) (ReadWriteBuffer, addr=Wrap,mip=0,cmp=AlwaysTrue); Vertex:ReadWriteResources[3:0]=Buffer 1894 (ResourceId::1894) (ReadWriteBuffer, addr=Wrap,mip=0,cmp=AlwaysTrue)",0.000000,39.936000
2076,0.000000,1,vkCmdDrawIndexed(),Native Render > Render Pass [clear: Depth] > Native SECT1.g2d (m: 1 l: 0) > Material 1 > SECT1.g3d_3_0_23,Native Render,Native SECT1.g2d (m: 1 l: 0),1,SECT1.g3d_3_0_23,198,49-256,1,,,,,,,(none),,0.000000,0.000000
2084,0.000000,1,vkCmdDrawIndexed(),Native Render > Render Pass [clear: Depth] > Native SECT1.g2d (m: 1 l: 0) > Material 1 > SECT1.g3d_3_0_19,Native Render,Native SECT1.g2d (m: 1 l: 0),1,SECT1.g3d_3_0_19,117,49-256,1,,,,,,,(none),,0.000000,0.000000
2092,1.433600,1,vkCmdDrawIndexed(),Native Render > Render Pass [clear: Depth] > Native SECT1.g2d (m: 1 l: 0) > Material 1 > SECT1.g3d_3_0_7,Native Render,Native SECT1.g2d (m: 1 l: 0),1,SECT1.g3d_3_0_7,168,49-256,1,Native Previewer GLSL Blend 256 (ResourceId::15346),"rt0:blend=on,mask=RGBA",test=on write=on func=CompareFunction.Greater,rt0=RGBA,rt0=2D Color Attachment 3466 (ResourceId::3466),2D Depth/Stencil Attachment 3470 (ResourceId::3470),"GSTexImage Image (128, 128) pallete: 0 (ResourceId::11808) (ImageSampler, addr=Wrap,mip=0,cmp=Never)","Pixel:ReadOnlyResources[0:0]=GSTexImage Image (128, 128) pallete: 0 (ResourceId::11808) (ImageSampler, addr=Wrap,mip=0,cmp=Never); Vertex:ReadWriteResources[0:0]=Buffer 1876 (ResourceId::1876) (ReadWriteBuffer, addr=Wrap,mip=0,cmp=AlwaysTrue); Vertex:ReadWriteResources[1:0]=Buffer 1882 (ResourceId::1882) (ReadWriteBuffer, addr=Wrap,mip=0,cmp=AlwaysTrue); Vertex:ReadWriteResources[2:0]=Buffer 1888 (ResourceId::1888) (ReadWriteBuffer, addr=Wrap,mip=0,cmp=AlwaysTrue); Vertex:ReadWriteResources[3:0]=Buffer 1894 (ResourceId::1894) (ReadWriteBuffer, addr=Wrap,mip=0,cmp=AlwaysTrue)",0.000000,9.216000
2100,3.788800,1,vkCmdDrawIndexed(),Native Render > Render Pass [clear: Depth] > Native SECT1.g2d (m: 1 l: 0) > Material 1 > SECT1.g3d_3_0_6,Native Render,Native SECT1.g2d (m: 1 l: 0),1,SECT1.g3d_3_0_6,132,49-256,1,Native Previewer GLSL Blend 256 (ResourceId::15346),"rt0:blend=on,mask=RGBA",test=on write=on func=CompareFunction.Greater,rt0=RGBA,rt0=2D Color Attachment 3466 (ResourceId::3466),2D Depth/Stencil Attachment 3470 (ResourceId::3470),"GSTexImage Image (128, 128) pallete: 0 (ResourceId::11808) (ImageSampler, addr=Wrap,mip=0,cmp=Never)","Pixel:ReadOnlyResources[0:0]=GSTexImage Image (128, 128) pallete: 0 (ResourceId::11808) (ImageSampler, addr=Wrap,mip=0,cmp=Never); Vertex:ReadWriteResources[0:0]=Buffer 1876 (ResourceId::1876) (ReadWriteBuffer, addr=Wrap,mip=0,cmp=AlwaysTrue); Vertex:ReadWriteResources[1:0]=Buffer 1882 (ResourceId::1882) (ReadWriteBuffer, addr=Wrap,mip=0,cmp=AlwaysTrue); Vertex:ReadWriteResources[2:0]=Buffer 1888 (ResourceId::1888) (ReadWriteBuffer, addr=Wrap,mip=0,cmp=AlwaysTrue); Vertex:ReadWriteResources[3:0]=Buffer 1894 (ResourceId::1894) (ReadWriteBuffer, addr=Wrap,mip=0,cmp=AlwaysTrue)",0.000000,7.168000
2108,0.614400,1,vkCmdDrawIndexed(),Native Render > Render Pass [clear: Depth] > Native SECT1.g2d (m: 1 l: 0) > Material 1 > SECT1.g3d_3_0_5,Native Render,Native SECT1.g2d (m: 1 l: 0),1,SECT1.g3d_3_0_5,255,49-256,1,Native Previewer GLSL Blend 256 (ResourceId::15346),"rt0:blend=on,mask=RGBA",test=on write=on func=CompareFunction.Greater,rt0=RGBA,rt0=2D Color Attachment 3466 (ResourceId::3466),2D Depth/Stencil Attachment 3470 (ResourceId::3470),"GSTexImage Image (128, 128) pallete: 0 (ResourceId::11808) (ImageSampler, addr=Wrap,mip=0,cmp=Never)","Pixel:ReadOnlyResources[0:0]=GSTexImage Image (128, 128) pallete: 0 (ResourceId::11808) (ImageSampler, addr=Wrap,mip=0,cmp=Never); Vertex:ReadWriteResources[0:0]=Buffer 1876 (ResourceId::1876) (ReadWriteBuffer, addr=Wrap,mip=0,cmp=AlwaysTrue); Vertex:ReadWriteResources[1:0]=Buffer 1882 (ResourceId::1882) (ReadWriteBuffer, addr=Wrap,mip=0,cmp=AlwaysTrue); Vertex:ReadWriteResources[2:0]=Buffer 1888 (ResourceId::1888) (ReadWriteBuffer, addr=Wrap,mip=0,cmp=AlwaysTrue); Vertex:ReadWriteResources[3:0]=Buffer 1894 (ResourceId::1894) (ReadWriteBuffer, addr=Wrap,mip=0,cmp=AlwaysTrue)",0.000000,4.096000
2116,4.915200,1,vkCmdDrawIndexed(),Native Render > Render Pass [clear: Depth] > Native SECT1.g2d (m: 1 l: 0) > Material 1 > SECT1.g3d_3_0_3,Native Render,Native SECT1.g2d (m: 1 l: 0),1,SECT1.g3d_3_0_3,156,49-256,1,Native Previewer GLSL Blend 256 (ResourceId::15346),"rt0:blend=on,mask=RGBA",test=on write=on func=CompareFunction.Greater,rt0=RGBA,rt0=2D Color Attachment 3466 (ResourceId::3466),2D Depth/Stencil Attachment 3470 (ResourceId::3470),"GSTexImage Image (128, 128) pallete: 0 (ResourceId::11808) (ImageSampler, addr=Wrap,mip=0,cmp=Never)","Pixel:ReadOnlyResources[0:0]=GSTexImage Image (128, 128) pallete: 0 (ResourceId::11808) (ImageSampler, addr=Wrap,mip=0,cmp=Never); Vertex:ReadWriteResources[0:0]=Buffer 1876 (ResourceId::1876) (ReadWriteBuffer, addr=Wrap,mip=0,cmp=AlwaysTrue); Vertex:ReadWriteResources[1:0]=Buffer 1882 (ResourceId::1882) (ReadWriteBuffer, addr=Wrap,mip=0,cmp=AlwaysTrue); Vertex:ReadWriteResources[2:0]=Buffer 1888 (ResourceId::1888) (ReadWriteBuffer, addr=Wrap,mip=0,cmp=AlwaysTrue); Vertex:ReadWriteResources[3:0]=Buffer 1894 (ResourceId::1894) (ReadWriteBuffer, addr=Wrap,mip=0,cmp=AlwaysTrue)",0.000000,25.600000
2124,1.228800,1,vkCmdDrawIndexed(),Native Render > Render Pass [clear: Depth] > Native SECT1.g2d (m: 1 l: 0) > Material 1 > SECT1.g3d_3_0_2,Native Render,Native SECT1.g2d (m: 1 l: 0),1,SECT1.g3d_3_0_2,114,49-256,1,Native Previewer GLSL Blend 256 (ResourceId::15346),"rt0:blend=on,mask=RGBA",test=on write=on func=CompareFunction.Greater,rt0=RGBA,rt0=2D Color Attachment 3466 (ResourceId::3466),2D Depth/Stencil Attachment 3470 (ResourceId::3470),"GSTexImage Image (128, 128) pallete: 0 (ResourceId::11808) (ImageSampler, addr=Wrap,mip=0,cmp=Never)","Pixel:ReadOnlyResources[0:0]=GSTexImage Image (128, 128) pallete: 0 (ResourceId::11808) (ImageSampler, addr=Wrap,mip=0,cmp=Never); Vertex:ReadWriteResources[0:0]=Buffer 1876 (ResourceId::1876) (ReadWriteBuffer, addr=Wrap,mip=0,cmp=AlwaysTrue); Vertex:ReadWriteResources[1:0]=Buffer 1882 (ResourceId::1882) (ReadWriteBuffer, addr=Wrap,mip=0,cmp=AlwaysTrue); Vertex:ReadWriteResources[2:0]=Buffer 1888 (ResourceId::1888) (ReadWriteBuffer, addr=Wrap,mip=0,cmp=AlwaysTrue); Vertex:ReadWriteResources[3:0]=Buffer 1894 (ResourceId::1894) (ReadWriteBuffer, addr=Wrap,mip=0,cmp=AlwaysTrue)",0.000000,5.120000
2132,0.000000,1,vkCmdDrawIndexed(),Native Render > Render Pass [clear: Depth] > Native SECT1.g2d (m: 1 l: 0) > Material 1 > SECT1.g3d_3_0_0,Native Render,Native SECT1.g2d (m: 1 l: 0),1,SECT1.g3d_3_0_0,138,49-256,1,,,,,,,(none),,0.000000,0.000000
2140,0.000000,1,vkCmdDrawIndexed(),Native Render > Render Pass [clear: Depth] > Native SECT1.g2d (m: 1 l: 0) > Material 1 > SECT1.g3d_2_0_76,Native Render,Native SECT1.g2d (m: 1 l: 0),1,SECT1.g3d_2_0_76,255,49-256,1,,,,,,,(none),,0.000000,0.000000
2148,0.000000,1,vkCmdDrawIndexed(),Native Render > Render Pass [clear: Depth] > Native SECT1.g2d (m: 1 l: 0) > Material 1 > SECT1.g3d_2_0_75,Native Render,Native SECT1.g2d (m: 1 l: 0),1,SECT1.g3d_2_0_75,1911,1025-4096,1,,,,,,,(none),,0.000000,0.000000
2156,0.000000,1,vkCmdDrawIndexed(),Native Render > Render Pass [clear: Depth] > Native SECT1.g2d (m: 1 l: 0) > Material 1 > SECT1.g3d_2_0_51,Native Render,Native SECT1.g2d (m: 1 l: 0),1,SECT1.g3d_2_0_51,315,257-1024,1,,,,,,,(none),,0.000000,0.000000
2164,0.000000,1,vkCmdDrawIndexed(),Native Render > Render Pass [clear: Depth] > Native SECT1.g2d (m: 1 l: 0) > Material 1 > SECT1.g3d_2_0_30,Native Render,Native SECT1.g2d (m: 1 l: 0),1,SECT1.g3d_2_0_30,96,49-256,1,,,,,,,(none),,0.000000,0.000000
2172,0.307200,1,vkCmdDrawIndexed(),Native Render > Render Pass [clear: Depth] > Native SECT1.g2d (m: 1 l: 0) > Material 1 > SECT1.g3d_2_0_28,Native Render,Native SECT1.g2d (m: 1 l: 0),1,SECT1.g3d_2_0_28,264,257-1024,1,Native Previewer GLSL Blend 256 (ResourceId::15346),"rt0:blend=on,mask=RGBA",test=on write=on func=CompareFunction.Greater,rt0=RGBA,rt0=2D Color Attachment 3466 (ResourceId::3466),2D Depth/Stencil Attachment 3470 (ResourceId::3470),"GSTexImage Image (128, 128) pallete: 0 (ResourceId::11808) (ImageSampler, addr=Wrap,mip=0,cmp=Never)","Pixel:ReadOnlyResources[0:0]=GSTexImage Image (128, 128) pallete: 0 (ResourceId::11808) (ImageSampler, addr=Wrap,mip=0,cmp=Never); Vertex:ReadWriteResources[0:0]=Buffer 1876 (ResourceId::1876) (ReadWriteBuffer, addr=Wrap,mip=0,cmp=AlwaysTrue); Vertex:ReadWriteResources[1:0]=Buffer 1882 (ResourceId::1882) (ReadWriteBuffer, addr=Wrap,mip=0,cmp=AlwaysTrue); Vertex:ReadWriteResources[2:0]=Buffer 1888 (ResourceId::1888) (ReadWriteBuffer, addr=Wrap,mip=0,cmp=AlwaysTrue); Vertex:ReadWriteResources[3:0]=Buffer 1894 (ResourceId::1894) (ReadWriteBuffer, addr=Wrap,mip=0,cmp=AlwaysTrue)",0.000000,3.072000
2180,0.000000,1,vkCmdDrawIndexed(),Native Render > Render Pass [clear: Depth] > Native SECT1.g2d (m: 1 l: 0) > Material 1 > SECT1.g3d_2_0_20,Native Render,Native SECT1.g2d (m: 1 l: 0),1,SECT1.g3d_2_0_20,1248,1025-4096,1,,,,,,,(none),,0.000000,0.000000
2188,0.000000,1,vkCmdDrawIndexed(),Native Render > Render Pass [clear: Depth] > Native SECT1.g2d (m: 1 l: 0) > Material 1 > SECT1.g3d_230,Native Render,Native SECT1.g2d (m: 1 l: 0),1,SECT1.g3d_230,36,13-48,1,,,,,,,(none),,0.000000,0.000000
2196,0.000000,1,vkCmdDrawIndexed(),Native Render > Render Pass [clear: Depth] > Native SECT1.g2d (m: 1 l: 0) > Material 1 > SECT1.g3d_222,Native Render,Native SECT1.g2d (m: 1 l: 0),1,SECT1.g3d_222,231,49-256,1,,,,,,,(none),,0.000000,0.000000
2204,0.000000,1,vkCmdDrawIndexed(),Native Render > Render Pass [clear: Depth] > Native SECT1.g2d (m: 1 l: 0) > Material 1 > SECT1.g3d_178,Native Render,Native SECT1.g2d (m: 1 l: 0),1,SECT1.g3d_178,1167,1025-4096,1,,,,,,,(none),,0.000000,0.000000
2212,0.000000,1,vkCmdDrawIndexed(),Native Render > Render Pass [clear: Depth] > Native SECT1.g2d (m: 1 l: 0) > Material 1 > SECT1.g3d_171,Native Render,Native SECT1.g2d (m: 1 l: 0),1,SECT1.g3d_171,588,257-1024,1,,,,,,,(none),,0.000000,0.000000
2220,3.276800,1,vkCmdDrawIndexed(),Native Render > Render Pass [clear: Depth] > Native SECT1.g2d (m: 1 l: 0) > Material 1 > SECT1.g3d_170,Native Render,Native SECT1.g2d (m: 1 l: 0),1,SECT1.g3d_170,612,257-1024,1,Native Previewer GLSL Blend 256 (ResourceId::15346),"rt0:blend=on,mask=RGBA",test=on write=on func=CompareFunction.Greater,rt0=RGBA,rt0=2D Color Attachment 3466 (ResourceId::3466),2D Depth/Stencil Attachment 3470 (ResourceId::3470),"GSTexImage Image (128, 128) pallete: 0 (ResourceId::11808) (ImageSampler, addr=Wrap,mip=0,cmp=Never)","Pixel:ReadOnlyResources[0:0]=GSTexImage Image (128, 128) pallete: 0 (ResourceId::11808) (ImageSampler, addr=Wrap,mip=0,cmp=Never); Vertex:ReadWriteResources[0:0]=Buffer 1876 (ResourceId::1876) (ReadWriteBuffer, addr=Wrap,mip=0,cmp=AlwaysTrue); Vertex:ReadWriteResources[1:0]=Buffer 1882 (ResourceId::1882) (ReadWriteBuffer, addr=Wrap,mip=0,cmp=AlwaysTrue); Vertex:ReadWriteResources[2:0]=Buffer 1888 (ResourceId::1888) (ReadWriteBuffer, addr=Wrap,mip=0,cmp=AlwaysTrue); Vertex:ReadWriteResources[3:0]=Buffer 1894 (ResourceId::1894) (ReadWriteBuffer, addr=Wrap,mip=0,cmp=AlwaysTrue)",0.000000,9.216000
2228,0.102400,1,vkCmdDrawIndexed(),Native Render > Render Pass [clear: Depth] > Native SECT1.g2d (m: 1 l: 0) > Material 1 > SECT1.g3d_169,Native Render,Native SECT1.g2d (m: 1 l: 0),1,SECT1.g3d_169,153,49-256,1,Native Previewer GLSL Blend 256 (ResourceId::15346),"rt0:blend=on,mask=RGBA",test=on write=on func=CompareFunction.Greater,rt0=RGBA,rt0=2D Color Attachment 3466 (ResourceId::3466),2D Depth/Stencil Attachment 3470 (ResourceId::3470),"GSTexImage Image (128, 128) pallete: 0 (ResourceId::11808) (ImageSampler, addr=Wrap,mip=0,cmp=Never)","Pixel:ReadOnlyResources[0:0]=GSTexImage Image (128, 128) pallete: 0 (ResourceId::11808) (ImageSampler, addr=Wrap,mip=0,cmp=Never); Vertex:ReadWriteResources[0:0]=Buffer 1876 (ResourceId::1876) (ReadWriteBuffer, addr=Wrap,mip=0,cmp=AlwaysTrue); Vertex:ReadWriteResources[1:0]=Buffer 1882 (ResourceId::1882) (ReadWriteBuffer, addr=Wrap,mip=0,cmp=AlwaysTrue); Vertex:ReadWriteResources[2:0]=Buffer 1888 (ResourceId::1888) (ReadWriteBuffer, addr=Wrap,mip=0,cmp=AlwaysTrue); Vertex:ReadWriteResources[3:0]=Buffer 1894 (ResourceId::1894) (ReadWriteBuffer, addr=Wrap,mip=0,cmp=AlwaysTrue)",0.000000,1.024000
2236,0.000000,1,vkCmdDrawIndexed(),Native Render > Render Pass [clear: Depth] > Native SECT1.g2d (m: 1 l: 0) > Material 1 > SECT1.g3d_158,Native Render,Native SECT1.g2d (m: 1 l: 0),1,SECT1.g3d_158,225,49-256,1,,,,,,,(none),,0.000000,0.000000
2244,0.000000,1,vkCmdDrawIndexed(),Native Render > Render Pass [clear: Depth] > Native SECT1.g2d (m: 1 l: 0) > Material 1 > SECT1.g3d_157,Native Render,Native SECT1.g2d (m: 1 l: 0),1,SECT1.g3d_157,120,49-256,1,,,,,,,(none),,0.000000,0.000000
2252,0.307200,1,vkCmdDrawIndexed(),Native Render > Render Pass [clear: Depth] > Native SECT1.g2d (m: 1 l: 0) > Material 1 > SECT1.g3d_140,Native Render,Native SECT1.g2d (m: 1 l: 0),1,SECT1.g3d_140,294,257-1024,1,Native Previewer GLSL Blend 256 (ResourceId::15346),"rt0:blend=on,mask=RGBA",test=on write=on func=CompareFunction.Greater,rt0=RGBA,rt0=2D Color Attachment 3466 (ResourceId::3466),2D Depth/Stencil Attachment 3470 (ResourceId::3470),"GSTexImage Image (128, 128) pallete: 0 (ResourceId::11808) (ImageSampler, addr=Wrap,mip=0,cmp=Never)","Pixel:ReadOnlyResources[0:0]=GSTexImage Image (128, 128) pallete: 0 (ResourceId::11808) (ImageSampler, addr=Wrap,mip=0,cmp=Never); Vertex:ReadWriteResources[0:0]=Buffer 1876 (ResourceId::1876) (ReadWriteBuffer, addr=Wrap,mip=0,cmp=AlwaysTrue); Vertex:ReadWriteResources[1:0]=Buffer 1882 (ResourceId::1882) (ReadWriteBuffer, addr=Wrap,mip=0,cmp=AlwaysTrue); Vertex:ReadWriteResources[2:0]=Buffer 1888 (ResourceId::1888) (ReadWriteBuffer, addr=Wrap,mip=0,cmp=AlwaysTrue); Vertex:ReadWriteResources[3:0]=Buffer 1894 (ResourceId::1894) (ReadWriteBuffer, addr=Wrap,mip=0,cmp=AlwaysTrue)",0.000000,2.048000
2260,8.192000,1,vkCmdDrawIndexed(),Native Render > Render Pass [clear: Depth] > Native SECT1.g2d (m: 1 l: 0) > Material 1 > SECT1.g3d_128,Native Render,Native SECT1.g2d (m: 1 l: 0),1,SECT1.g3d_128,2895,1025-4096,1,Native Previewer GLSL Blend 256 (ResourceId::15346),"rt0:blend=on,mask=RGBA",test=on write=on func=CompareFunction.Greater,rt0=RGBA,rt0=2D Color Attachment 3466 (ResourceId::3466),2D Depth/Stencil Attachment 3470 (ResourceId::3470),"GSTexImage Image (128, 128) pallete: 0 (ResourceId::11808) (ImageSampler, addr=Wrap,mip=0,cmp=Never)","Pixel:ReadOnlyResources[0:0]=GSTexImage Image (128, 128) pallete: 0 (ResourceId::11808) (ImageSampler, addr=Wrap,mip=0,cmp=Never); Vertex:ReadWriteResources[0:0]=Buffer 1876 (ResourceId::1876) (ReadWriteBuffer, addr=Wrap,mip=0,cmp=AlwaysTrue); Vertex:ReadWriteResources[1:0]=Buffer 1882 (ResourceId::1882) (ReadWriteBuffer, addr=Wrap,mip=0,cmp=AlwaysTrue); Vertex:ReadWriteResources[2:0]=Buffer 1888 (ResourceId::1888) (ReadWriteBuffer, addr=Wrap,mip=0,cmp=AlwaysTrue); Vertex:ReadWriteResources[3:0]=Buffer 1894 (ResourceId::1894) (ReadWriteBuffer, addr=Wrap,mip=0,cmp=AlwaysTrue)",1.024000,26.624000
2268,47.718400,1,vkCmdDrawIndexed(),Native Render > Render Pass [clear: Depth] > Native SECT1.g2d (m: 1 l: 0) > Material 1 > SECT1.g3d_117,Native Render,Native SECT1.g2d (m: 1 l: 0),1,SECT1.g3d_117,573,257-1024,1,Native Previewer GLSL Blend 256 (ResourceId::15346),"rt0:blend=on,mask=RGBA",test=on write=on func=CompareFunction.Greater,rt0=RGBA,rt0=2D Color Attachment 3466 (ResourceId::3466),2D Depth/Stencil Attachment 3470 (ResourceId::3470),"GSTexImage Image (128, 128) pallete: 0 (ResourceId::11808) (ImageSampler, addr=Wrap,mip=0,cmp=Never)","Pixel:ReadOnlyResources[0:0]=GSTexImage Image (128, 128) pallete: 0 (ResourceId::11808) (ImageSampler, addr=Wrap,mip=0,cmp=Never); Vertex:ReadWriteResources[0:0]=Buffer 1876 (ResourceId::1876) (ReadWriteBuffer, addr=Wrap,mip=0,cmp=AlwaysTrue); Vertex:ReadWriteResources[1:0]=Buffer 1882 (ResourceId::1882) (ReadWriteBuffer, addr=Wrap,mip=0,cmp=AlwaysTrue); Vertex:ReadWriteResources[2:0]=Buffer 1888 (ResourceId::1888) (ReadWriteBuffer, addr=Wrap,mip=0,cmp=AlwaysTrue); Vertex:ReadWriteResources[3:0]=Buffer 1894 (ResourceId::1894) (ReadWriteBuffer, addr=Wrap,mip=0,cmp=AlwaysTrue)",0.000000,435.200000
2276,46.489600,1,vkCmdDrawIndexed(),Native Render > Render Pass [clear: Depth] > Native SECT1.g2d (m: 1 l: 0) > Material 1 > SECT1.g3d_104,Native Render,Native SECT1.g2d (m: 1 l: 0),1,SECT1.g3d_104,936,257-1024,1,Native Previewer GLSL Blend 256 (ResourceId::15346),"rt0:blend=on,mask=RGBA",test=on write=on func=CompareFunction.Greater,rt0=RGBA,rt0=2D Color Attachment 3466 (ResourceId::3466),2D Depth/Stencil Attachment 3470 (ResourceId::3470),"GSTexImage Image (128, 128) pallete: 0 (ResourceId::11808) (ImageSampler, addr=Wrap,mip=0,cmp=Never)","Pixel:ReadOnlyResources[0:0]=GSTexImage Image (128, 128) pallete: 0 (ResourceId::11808) (ImageSampler, addr=Wrap,mip=0,cmp=Never); Vertex:ReadWriteResources[0:0]=Buffer 1876 (ResourceId::1876) (ReadWriteBuffer, addr=Wrap,mip=0,cmp=AlwaysTrue); Vertex:ReadWriteResources[1:0]=Buffer 1882 (ResourceId::1882) (ReadWriteBuffer, addr=Wrap,mip=0,cmp=AlwaysTrue); Vertex:ReadWriteResources[2:0]=Buffer 1888 (ResourceId::1888) (ReadWriteBuffer, addr=Wrap,mip=0,cmp=AlwaysTrue); Vertex:ReadWriteResources[3:0]=Buffer 1894 (ResourceId::1894) (ReadWriteBuffer, addr=Wrap,mip=0,cmp=AlwaysTrue)",1.024000,367.616000
2284,7.782400,1,vkCmdDrawIndexed(),Native Render > Render Pass [clear: Depth] > Native SECT1.g2d (m: 1 l: 0) > Material 1 > SECT1.g3d_100,Native Render,Native SECT1.g2d (m: 1 l: 0),1,SECT1.g3d_100,939,257-1024,1,Native Previewer GLSL Blend 256 (ResourceId::15346),"rt0:blend=on,mask=RGBA",test=on write=on func=CompareFunction.Greater,rt0=RGBA,rt0=2D Color Attachment 3466 (ResourceId::3466),2D Depth/Stencil Attachment 3470 (ResourceId::3470),"GSTexImage Image (128, 128) pallete: 0 (ResourceId::11808) (ImageSampler, addr=Wrap,mip=0,cmp=Never)","Pixel:ReadOnlyResources[0:0]=GSTexImage Image (128, 128) pallete: 0 (ResourceId::11808) (ImageSampler, addr=Wrap,mip=0,cmp=Never); Vertex:ReadWriteResources[0:0]=Buffer 1876 (ResourceId::1876) (ReadWriteBuffer, addr=Wrap,mip=0,cmp=AlwaysTrue); Vertex:ReadWriteResources[1:0]=Buffer 1882 (ResourceId::1882) (ReadWriteBuffer, addr=Wrap,mip=0,cmp=AlwaysTrue); Vertex:ReadWriteResources[2:0]=Buffer 1888 (ResourceId::1888) (ReadWriteBuffer, addr=Wrap,mip=0,cmp=AlwaysTrue); Vertex:ReadWriteResources[3:0]=Buffer 1894 (ResourceId::1894) (ReadWriteBuffer, addr=Wrap,mip=0,cmp=AlwaysTrue)",1.024000,33.792000
2292,9.830400,1,vkCmdDrawIndexed(),Native Render > Render Pass [clear: Depth] > Native SECT1.g2d (m: 1 l: 0) > Material 1 > SECT1.g3d_83,Native Render,Native SECT1.g2d (m: 1 l: 0),1,SECT1.g3d_83,315,257-1024,1,Native Previewer GLSL Blend 256 (ResourceId::15346),"rt0:blend=on,mask=RGBA",test=on write=on func=CompareFunction.Greater,rt0=RGBA,rt0=2D Color Attachment 3466 (ResourceId::3466),2D Depth/Stencil Attachment 3470 (ResourceId::3470),"GSTexImage Image (128, 128) pallete: 0 (ResourceId::11808) (ImageSampler, addr=Wrap,mip=0,cmp=Never)","Pixel:ReadOnlyResources[0:0]=GSTexImage Image (128, 128) pallete: 0 (ResourceId::11808) (ImageSampler, addr=Wrap,mip=0,cmp=Never); Vertex:ReadWriteResources[0:0]=Buffer 1876 (ResourceId::1876) (ReadWriteBuffer, addr=Wrap,mip=0,cmp=AlwaysTrue); Vertex:ReadWriteResources[1:0]=Buffer 1882 (ResourceId::1882) (ReadWriteBuffer, addr=Wrap,mip=0,cmp=AlwaysTrue); Vertex:ReadWriteResources[2:0]=Buffer 1888 (ResourceId::1888) (ReadWriteBuffer, addr=Wrap,mip=0,cmp=AlwaysTrue); Vertex:ReadWriteResources[3:0]=Buffer 1894 (ResourceId::1894) (ReadWriteBuffer, addr=Wrap,mip=0,cmp=AlwaysTrue)",1.024000,49.152000
2300,0.000000,1,vkCmdDrawIndexed(),Native Render > Render Pass [clear: Depth] > Native SECT1.g2d (m: 1 l: 0) > Material 1 > SECT1.g3d_66,Native Render,Native SECT1.g2d (m: 1 l: 0),1,SECT1.g3d_66,531,257-1024,1,,,,,,,(none),,0.000000,0.000000
2308,10.342400,1,vkCmdDrawIndexed(),Native Render > Render Pass [clear: Depth] > Native SECT1.g2d (m: 1 l: 0) > Material 1 > SECT1.g3d_42,Native Render,Native SECT1.g2d (m: 1 l: 0),1,SECT1.g3d_42,1629,1025-4096,1,Native Previewer GLSL Blend 256 (ResourceId::15346),"rt0:blend=on,mask=RGBA",test=on write=on func=CompareFunction.Greater,rt0=RGBA,rt0=2D Color Attachment 3466 (ResourceId::3466),2D Depth/Stencil Attachment 3470 (ResourceId::3470),"GSTexImage Image (128, 128) pallete: 0 (ResourceId::11808) (ImageSampler, addr=Wrap,mip=0,cmp=Never)","Pixel:ReadOnlyResources[0:0]=GSTexImage Image (128, 128) pallete: 0 (ResourceId::11808) (ImageSampler, addr=Wrap,mip=0,cmp=Never); Vertex:ReadWriteResources[0:0]=Buffer 1876 (ResourceId::1876) (ReadWriteBuffer, addr=Wrap,mip=0,cmp=AlwaysTrue); Vertex:ReadWriteResources[1:0]=Buffer 1882 (ResourceId::1882) (ReadWriteBuffer, addr=Wrap,mip=0,cmp=AlwaysTrue); Vertex:ReadWriteResources[2:0]=Buffer 1888 (ResourceId::1888) (ReadWriteBuffer, addr=Wrap,mip=0,cmp=AlwaysTrue); Vertex:ReadWriteResources[3:0]=Buffer 1894 (ResourceId::1894) (ReadWriteBuffer, addr=Wrap,mip=0,cmp=AlwaysTrue)",3.072000,26.624000
2316,1.638400,1,vkCmdDrawIndexed(),Native Render > Render Pass [clear: Depth] > Native SECT1.g2d (m: 1 l: 0) > Material 1 > SECT1.g3d_41,Native Render,Native SECT1.g2d (m: 1 l: 0),1,SECT1.g3d_41,183,49-256,1,Native Previewer GLSL Blend 256 (ResourceId::15346),"rt0:blend=on,mask=RGBA",test=on write=on func=CompareFunction.Greater,rt0=RGBA,rt0=2D Color Attachment 3466 (ResourceId::3466),2D Depth/Stencil Attachment 3470 (ResourceId::3470),"GSTexImage Image (128, 128) pallete: 0 (ResourceId::11808) (ImageSampler, addr=Wrap,mip=0,cmp=Never)","Pixel:ReadOnlyResources[0:0]=GSTexImage Image (128, 128) pallete: 0 (ResourceId::11808) (ImageSampler, addr=Wrap,mip=0,cmp=Never); Vertex:ReadWriteResources[0:0]=Buffer 1876 (ResourceId::1876) (ReadWriteBuffer, addr=Wrap,mip=0,cmp=AlwaysTrue); Vertex:ReadWriteResources[1:0]=Buffer 1882 (ResourceId::1882) (ReadWriteBuffer, addr=Wrap,mip=0,cmp=AlwaysTrue); Vertex:ReadWriteResources[2:0]=Buffer 1888 (ResourceId::1888) (ReadWriteBuffer, addr=Wrap,mip=0,cmp=AlwaysTrue); Vertex:ReadWriteResources[3:0]=Buffer 1894 (ResourceId::1894) (ReadWriteBuffer, addr=Wrap,mip=0,cmp=AlwaysTrue)",0.000000,5.120000
2324,0.000000,1,vkCmdDrawIndexed(),Native Render > Render Pass [clear: Depth] > Native SECT1.g2d (m: 1 l: 0) > Material 1 > SECT1.g3d_40,Native Render,Native SECT1.g2d (m: 1 l: 0),1,SECT1.g3d_40,399,257-1024,1,,,,,,,(none),,0.000000,0.000000
2332,0.000000,1,vkCmdDrawIndexed(),Native Render > Render Pass [clear: Depth] > Native SECT1.g2d (m: 1 l: 0) > Material 1 > SECT1.g3d_29,Native Render,Native SECT1.g2d (m: 1 l: 0),1,SECT1.g3d_29,585,257-1024,1,,,,,,,(none),,0.000000,0.000000
2340,0.000000,1,vkCmdDrawIndexed(),Native Render > Render Pass [clear: Depth] > Native SECT1.g2d (m: 1 l: 0) > Material 1 > SECT1.g3d_28,Native Render,Native SECT1.g2d (m: 1 l: 0),1,SECT1.g3d_28,1293,1025-4096,1,,,,,,,(none),,0.000000,0.000000
2348,1.024000,1,vkCmdDrawIndexed(),Native Render > Render Pass [clear: Depth] > Native SECT1.g2d (m: 1 l: 0) > Material 1 > SECT1.g3d_27,Native Render,Native SECT1.g2d (m: 1 l: 0),1,SECT1.g3d_27,294,257-1024,1,Native Previewer GLSL Blend 256 (ResourceId::15346),"rt0:blend=on,mask=RGBA",test=on write=on func=CompareFunction.Greater,rt0=RGBA,rt0=2D Color Attachment 3466 (ResourceId::3466),2D Depth/Stencil Attachment 3470 (ResourceId::3470),"GSTexImage Image (128, 128) pallete: 0 (ResourceId::11808) (ImageSampler, addr=Wrap,mip=0,cmp=Never)","Pixel:ReadOnlyResources[0:0]=GSTexImage Image (128, 128) pallete: 0 (ResourceId::11808) (ImageSampler, addr=Wrap,mip=0,cmp=Never); Vertex:ReadWriteResources[0:0]=Buffer 1876 (ResourceId::1876) (ReadWriteBuffer, addr=Wrap,mip=0,cmp=AlwaysTrue); Vertex:ReadWriteResources[1:0]=Buffer 1882 (ResourceId::1882) (ReadWriteBuffer, addr=Wrap,mip=0,cmp=AlwaysTrue); Vertex:ReadWriteResources[2:0]=Buffer 1888 (ResourceId::1888) (ReadWriteBuffer, addr=Wrap,mip=0,cmp=AlwaysTrue); Vertex:ReadWriteResources[3:0]=Buffer 1894 (ResourceId::1894) (ReadWriteBuffer, addr=Wrap,mip=0,cmp=AlwaysTrue)",0.000000,4.096000
2356,0.307200,1,vkCmdDrawIndexed(),Native Render > Render Pass [clear: Depth] > Native SECT1.g2d (m: 1 l: 0) > Material 1 > SECT1.g3d_26,Native Render,Native SECT1.g2d (m: 1 l: 0),1,SECT1.g3d_26,171,49-256,1,Native Previewer GLSL Blend 256 (ResourceId::15346),"rt0:blend=on,mask=RGBA",test=on write=on func=CompareFunction.Greater,rt0=RGBA,rt0=2D Color Attachment 3466 (ResourceId::3466),2D Depth/Stencil Attachment 3470 (ResourceId::3470),"GSTexImage Image (128, 128) pallete: 0 (ResourceId::11808) (ImageSampler, addr=Wrap,mip=0,cmp=Never)","Pixel:ReadOnlyResources[0:0]=GSTexImage Image (128, 128) pallete: 0 (ResourceId::11808) (ImageSampler, addr=Wrap,mip=0,cmp=Never); Vertex:ReadWriteResources[0:0]=Buffer 1876 (ResourceId::1876) (ReadWriteBuffer, addr=Wrap,mip=0,cmp=AlwaysTrue); Vertex:ReadWriteResources[1:0]=Buffer 1882 (ResourceId::1882) (ReadWriteBuffer, addr=Wrap,mip=0,cmp=AlwaysTrue); Vertex:ReadWriteResources[2:0]=Buffer 1888 (ResourceId::1888) (ReadWriteBuffer, addr=Wrap,mip=0,cmp=AlwaysTrue); Vertex:ReadWriteResources[3:0]=Buffer 1894 (ResourceId::1894) (ReadWriteBuffer, addr=Wrap,mip=0,cmp=AlwaysTrue)",0.000000,1.024000
2364,0.000000,1,vkCmdDrawIndexed(),Native Render > Render Pass [clear: Depth] > Native SECT1.g2d (m: 1 l: 0) > Material 1 > SECT1.g3d_25,Native Render,Native SECT1.g2d (m: 1 l: 0),1,SECT1.g3d_25,78,49-256,1,,,,,,,(none),,0.000000,0.000000
2372,3.993600,1,vkCmdDrawIndexed(),Native Render > Render Pass [clear: Depth] > Native SECT1.g2d (m: 1 l: 0) > Material 1 > SECT1.g3d_20,Native Render,Native SECT1.g2d (m: 1 l: 0),1,SECT1.g3d_20,585,257-1024,1,Native Previewer GLSL Blend 256 (ResourceId::15346),"rt0:blend=on,mask=RGBA",test=on write=on func=CompareFunction.Greater,rt0=RGBA,rt0=2D Color Attachment 3466 (ResourceId::3466),2D Depth/Stencil Attachment 3470 (ResourceId::3470),"GSTexImage Image (128, 128) pallete: 0 (ResourceId::11808) (ImageSampler, addr=Wrap,mip=0,cmp=Never)","Pixel:ReadOnlyResources[0:0]=GSTexImage Image (128, 128) pallete: 0 (ResourceId::11808) (ImageSampler, addr=Wrap,mip=0,cmp=Never); Vertex:ReadWriteResources[0:0]=Buffer 1876 (ResourceId::1876) (ReadWriteBuffer, addr=Wrap,mip=0,cmp=AlwaysTrue); Vertex:ReadWriteResources[1:0]=Buffer 1882 (ResourceId::1882) (ReadWriteBuffer, addr=Wrap,mip=0,cmp=AlwaysTrue); Vertex:ReadWriteResources[2:0]=Buffer 1888 (ResourceId::1888) (ReadWriteBuffer, addr=Wrap,mip=0,cmp=AlwaysTrue); Vertex:ReadWriteResources[3:0]=Buffer 1894 (ResourceId::1894) (ReadWriteBuffer, addr=Wrap,mip=0,cmp=AlwaysTrue)",0.000000,14.336000
2380,0.409600,1,vkCmdDrawIndexed(),Native Render > Render Pass [clear: Depth] > Native SECT1.g2d (m: 1 l: 0) > Material 1 > SECT1.g3d_5,Native Render,Native SECT1.g2d (m: 1 l: 0),1,SECT1.g3d_5,312,257-1024,1,Native Previewer GLSL Blend 256 (ResourceId::15346),"rt0:blend=on,mask=RGBA",test=on write=on func=CompareFunction.Greater,rt0=RGBA,rt0=2D Color Attachment 3466 (ResourceId::3466),2D Depth/Stencil Attachment 3470 (ResourceId::3470),"GSTexImage Image (128, 128) pallete: 0 (ResourceId::11808) (ImageSampler, addr=Wrap,mip=0,cmp=Never)","Pixel:ReadOnlyResources[0:0]=GSTexImage Image (128, 128) pallete: 0 (ResourceId::11808) (ImageSampler, addr=Wrap,mip=0,cmp=Never); Vertex:ReadWriteResources[0:0]=Buffer 1876 (ResourceId::1876) (ReadWriteBuffer, addr=Wrap,mip=0,cmp=AlwaysTrue); Vertex:ReadWriteResources[1:0]=Buffer 1882 (ResourceId::1882) (ReadWriteBuffer, addr=Wrap,mip=0,cmp=AlwaysTrue); Vertex:ReadWriteResources[2:0]=Buffer 1888 (ResourceId::1888) (ReadWriteBuffer, addr=Wrap,mip=0,cmp=AlwaysTrue); Vertex:ReadWriteResources[3:0]=Buffer 1894 (ResourceId::1894) (ReadWriteBuffer, addr=Wrap,mip=0,cmp=AlwaysTrue)",0.000000,1.024000
2388,14.950400,1,vkCmdDrawIndexed(),Native Render > Render Pass [clear: Depth] > Native SECT1.g2d (m: 1 l: 0) > Material 1 > SECT1.g3d_4,Native Render,Native SECT1.g2d (m: 1 l: 0),1,SECT1.g3d_4,927,257-1024,1,Native Previewer GLSL Blend 256 (ResourceId::15346),"rt0:blend=on,mask=RGBA",test=on write=on func=CompareFunction.Greater,rt0=RGBA,rt0=2D Color Attachment 3466 (ResourceId::3466),2D Depth/Stencil Attachment 3470 (ResourceId::3470),"GSTexImage Image (128, 128) pallete: 0 (ResourceId::11808) (ImageSampler, addr=Wrap,mip=0,cmp=Never)","Pixel:ReadOnlyResources[0:0]=GSTexImage Image (128, 128) pallete: 0 (ResourceId::11808) (ImageSampler, addr=Wrap,mip=0,cmp=Never); Vertex:ReadWriteResources[0:0]=Buffer 1876 (ResourceId::1876) (ReadWriteBuffer, addr=Wrap,mip=0,cmp=AlwaysTrue); Vertex:ReadWriteResources[1:0]=Buffer 1882 (ResourceId::1882) (ReadWriteBuffer, addr=Wrap,mip=0,cmp=AlwaysTrue); Vertex:ReadWriteResources[2:0]=Buffer 1888 (ResourceId::1888) (ReadWriteBuffer, addr=Wrap,mip=0,cmp=AlwaysTrue); Vertex:ReadWriteResources[3:0]=Buffer 1894 (ResourceId::1894) (ReadWriteBuffer, addr=Wrap,mip=0,cmp=AlwaysTrue)",4.096000,32.768000
2401,1.024000,1,vkCmdDrawIndexed(),Native Render > Render Pass [clear: Depth] > Native SECT1.g2d (m: 4 l: 0) > Material 4 > SECT1.g3d_5_0_8,Native Render,Native SECT1.g2d (m: 4 l: 0),4,SECT1.g3d_5_0_8,246,49-256,1,Native Previewer GLSL Blend 256 (ResourceId::15346),"rt0:blend=on,mask=RGBA",test=on write=on func=CompareFunction.Greater,rt0=RGBA,rt0=2D Color Attachment 3466 (ResourceId::3466),2D Depth/Stencil Attachment 3470 (ResourceId::3470),"GSTexImage Image (128, 128) pallete: 0 (ResourceId::11856) (ImageSampler, addr=Wrap,mip=0,cmp=Never)","Pixel:ReadOnlyResources[0:0]=GSTexImage Image (128, 128) pallete: 0 (ResourceId::11856) (ImageSampler, addr=Wrap,mip=0,cmp=Never); Vertex:ReadWriteResources[0:0]=Buffer 1876 (ResourceId::1876) (ReadWriteBuffer, addr=Wrap,mip=0,cmp=AlwaysTrue); Vertex:ReadWriteResources[1:0]=Buffer 1882 (ResourceId::1882) (ReadWriteBuffer, addr=Wrap,mip=0,cmp=AlwaysTrue); Vertex:ReadWriteResources[2:0]=Buffer 1888 (ResourceId::1888) (ReadWriteBuffer, addr=Wrap,mip=0,cmp=AlwaysTrue); Vertex:ReadWriteResources[3:0]=Buffer 1894 (ResourceId::1894) (ReadWriteBuffer, addr=Wrap,mip=0,cmp=AlwaysTrue)",0.000000,4.096000
2409,0.000000,1,vkCmdDrawIndexed(),Native Render > Render Pass [clear: Depth] > Native SECT1.g2d (m: 4 l: 0) > Material 4 > SECT1.g3d_4_0_109,Native Render,Native SECT1.g2d (m: 4 l: 0),4,SECT1.g3d_4_0_109,6,4-12,1,,,,,,,(none),,0.000000,0.000000
2417,0.716800,1,vkCmdDrawIndexed(),Native Render > Render Pass [clear: Depth] > Native SECT1.g2d (m: 4 l: 0) > Material 4 > SECT1.g3d_4_0_108,Native Render,Native SECT1.g2d (m: 4 l: 0),4,SECT1.g3d_4_0_108,2355,1025-4096,1,Native Previewer GLSL Blend 256 (ResourceId::15346),"rt0:blend=on,mask=RGBA",test=on write=on func=CompareFunction.Greater,rt0=RGBA,rt0=2D Color Attachment 3466 (ResourceId::3466),2D Depth/Stencil Attachment 3470 (ResourceId::3470),"GSTexImage Image (128, 128) pallete: 0 (ResourceId::11856) (ImageSampler, addr=Wrap,mip=0,cmp=Never)","Pixel:ReadOnlyResources[0:0]=GSTexImage Image (128, 128) pallete: 0 (ResourceId::11856) (ImageSampler, addr=Wrap,mip=0,cmp=Never); Vertex:ReadWriteResources[0:0]=Buffer 1876 (ResourceId::1876) (ReadWriteBuffer, addr=Wrap,mip=0,cmp=AlwaysTrue); Vertex:ReadWriteResources[1:0]=Buffer 1882 (ResourceId::1882) (ReadWriteBuffer, addr=Wrap,mip=0,cmp=AlwaysTrue); Vertex:ReadWriteResources[2:0]=Buffer 1888 (ResourceId::1888) (ReadWriteBuffer, addr=Wrap,mip=0,cmp=AlwaysTrue); Vertex:ReadWriteResources[3:0]=Buffer 1894 (ResourceId::1894) (ReadWriteBuffer, addr=Wrap,mip=0,cmp=AlwaysTrue)",0.000000,4.096000
2425,0.204800,1,vkCmdDrawIndexed(),Native Render > Render Pass [clear: Depth] > Native SECT1.g2d (m: 4 l: 0) > Material 4 > SECT1.g3d_4_0_24,Native Render,Native SECT1.g2d (m: 4 l: 0),4,SECT1.g3d_4_0_24,636,257-1024,1,Native Previewer GLSL Blend 256 (ResourceId::15346),"rt0:blend=on,mask=RGBA",test=on write=on func=CompareFunction.Greater,rt0=RGBA,rt0=2D Color Attachment 3466 (ResourceId::3466),2D Depth/Stencil Attachment 3470 (ResourceId::3470),"GSTexImage Image (128, 128) pallete: 0 (ResourceId::11856) (ImageSampler, addr=Wrap,mip=0,cmp=Never)","Pixel:ReadOnlyResources[0:0]=GSTexImage Image (128, 128) pallete: 0 (ResourceId::11856) (ImageSampler, addr=Wrap,mip=0,cmp=Never); Vertex:ReadWriteResources[0:0]=Buffer 1876 (ResourceId::1876) (ReadWriteBuffer, addr=Wrap,mip=0,cmp=AlwaysTrue); Vertex:ReadWriteResources[1:0]=Buffer 1882 (ResourceId::1882) (ReadWriteBuffer, addr=Wrap,mip=0,cmp=AlwaysTrue); Vertex:ReadWriteResources[2:0]=Buffer 1888 (ResourceId::1888) (ReadWriteBuffer, addr=Wrap,mip=0,cmp=AlwaysTrue); Vertex:ReadWriteResources[3:0]=Buffer 1894 (ResourceId::1894) (ReadWriteBuffer, addr=Wrap,mip=0,cmp=AlwaysTrue)",0.000000,1.024000
2433,0.000000,1,vkCmdDrawIndexed(),Native Render > Render Pass [clear: Depth] > Native SECT1.g2d (m: 4 l: 0) > Material 4 > SECT1.g3d_3_0_22,Native Render,Native SECT1.g2d (m: 4 l: 0),4,SECT1.g3d_3_0_22,81,49-256,1,,,,,,,(none),,0.000000,0.000000
2441,0.000000,1,vkCmdDrawIndexed(),Native Render > Render Pass [clear: Depth] > Native SECT1.g2d (m: 4 l: 0) > Material 4 > SECT1.g3d_3_0_20,Native Render,Native SECT1.g2d (m: 4 l: 0),4,SECT1.g3d_3_0_20,6,4-12,1,,,,,,,(none),,0.000000,0.000000
2449,0.000000,1,vkCmdDrawIndexed(),Native Render > Render Pass [clear: Depth] > Native SECT1.g2d (m: 4 l: 0) > Material 4 > SECT1.g3d_2_0_74,Native Render,Native SECT1.g2d (m: 4 l: 0),4,SECT1.g3d_2_0_74,480,257-1024,1,,,,,,,(none),,0.000000,0.000000
2457,0.000000,1,vkCmdDrawIndexed(),Native Render > Render Pass [clear: Depth] > Native SECT1.g2d (m: 4 l: 0) > Material 4 > SECT1.g3d_2_0_26,Native Render,Native SECT1.g2d (m: 4 l: 0),4,SECT1.g3d_2_0_26,81,49-256,1,,,,,,,(none),,0.000000,0.000000
2465,0.000000,1,vkCmdDrawIndexed(),Native Render > Render Pass [clear: Depth] > Native SECT1.g2d (m: 4 l: 0) > Material 4 > SECT1.g3d_2_0_15,Native Render,Native SECT1.g2d (m: 4 l: 0),4,SECT1.g3d_2_0_15,486,257-1024,1,,,,,,,(none),,0.000000,0.000000
2473,0.000000,1,vkCmdDrawIndexed(),Native Render > Render Pass [clear: Depth] > Native SECT1.g2d (m: 4 l: 0) > Material 4 > SECT1.g3d_205,Native Render,Native SECT1.g2d (m: 4 l: 0),4,SECT1.g3d_205,396,257-1024,1,,,,,,,(none),,0.000000,0.000000
2481,0.512000,1,vkCmdDrawIndexed(),Native Render > Render Pass [clear: Depth] > Native SECT1.g2d (m: 4 l: 0) > Material 4 > SECT1.g3d_139,Native Render,Native SECT1.g2d (m: 4 l: 0),4,SECT1.g3d_139,1032,1025-4096,1,Native Previewer GLSL Blend 256 (ResourceId::15346),"rt0:blend=on,mask=RGBA",test=on write=on func=CompareFunction.Greater,rt0=RGBA,rt0=2D Color Attachment 3466 (ResourceId::3466),2D Depth/Stencil Attachment 3470 (ResourceId::3470),"GSTexImage Image (128, 128) pallete: 0 (ResourceId::11856) (ImageSampler, addr=Wrap,mip=0,cmp=Never)","Pixel:ReadOnlyResources[0:0]=GSTexImage Image (128, 128) pallete: 0 (ResourceId::11856) (ImageSampler, addr=Wrap,mip=0,cmp=Never); Vertex:ReadWriteResources[0:0]=Buffer 1876 (ResourceId::1876) (ReadWriteBuffer, addr=Wrap,mip=0,cmp=AlwaysTrue); Vertex:ReadWriteResources[1:0]=Buffer 1882 (ResourceId::1882) (ReadWriteBuffer, addr=Wrap,mip=0,cmp=AlwaysTrue); Vertex:ReadWriteResources[2:0]=Buffer 1888 (ResourceId::1888) (ReadWriteBuffer, addr=Wrap,mip=0,cmp=AlwaysTrue); Vertex:ReadWriteResources[3:0]=Buffer 1894 (ResourceId::1894) (ReadWriteBuffer, addr=Wrap,mip=0,cmp=AlwaysTrue)",0.000000,4.096000
2489,0.000000,1,vkCmdDrawIndexed(),Native Render > Render Pass [clear: Depth] > Native SECT1.g2d (m: 4 l: 0) > Material 4 > SECT1.g3d_119,Native Render,Native SECT1.g2d (m: 4 l: 0),4,SECT1.g3d_119,105,49-256,1,,,,,,,(none),,0.000000,0.000000
2497,0.000000,1,vkCmdDrawIndexed(),Native Render > Render Pass [clear: Depth] > Native SECT1.g2d (m: 4 l: 0) > Material 4 > SECT1.g3d_39,Native Render,Native SECT1.g2d (m: 4 l: 0),4,SECT1.g3d_39,117,49-256,1,,,,,,,(none),,0.000000,0.000000
2505,0.000000,1,vkCmdDrawIndexed(),Native Render > Render Pass [clear: Depth] > Native SECT1.g2d (m: 4 l: 0) > Material 4 > SECT1.g3d_38,Native Render,Native SECT1.g2d (m: 4 l: 0),4,SECT1.g3d_38,339,257-1024,1,,,,,,,(none),,0.000000,0.000000
2513,7.884800,1,vkCmdDrawIndexed(),Native Render > Render Pass [clear: Depth] > Native SECT1.g2d (m: 4 l: 0) > Material 4 > SECT1.g3d_37,Native Render,Native SECT1.g2d (m: 4 l: 0),4,SECT1.g3d_37,276,257-1024,1,Native Previewer GLSL Blend 256 (ResourceId::15346),"rt0:blend=on,mask=RGBA",test=on write=on func=CompareFunction.Greater,rt0=RGBA,rt0=2D Color Attachment 3466 (ResourceId::3466),2D Depth/Stencil Attachment 3470 (ResourceId::3470),"GSTexImage Image (128, 128) pallete: 0 (ResourceId::11856) (ImageSampler, addr=Wrap,mip=0,cmp=Never)","Pixel:ReadOnlyResources[0:0]=GSTexImage Image (128, 128) pallete: 0 (ResourceId::11856) (ImageSampler, addr=Wrap,mip=0,cmp=Never); Vertex:ReadWriteResources[0:0]=Buffer 1876 (ResourceId::1876) (ReadWriteBuffer, addr=Wrap,mip=0,cmp=AlwaysTrue); Vertex:ReadWriteResources[1:0]=Buffer 1882 (ResourceId::1882) (ReadWriteBuffer, addr=Wrap,mip=0,cmp=AlwaysTrue); Vertex:ReadWriteResources[2:0]=Buffer 1888 (ResourceId::1888) (ReadWriteBuffer, addr=Wrap,mip=0,cmp=AlwaysTrue); Vertex:ReadWriteResources[3:0]=Buffer 1894 (ResourceId::1894) (ReadWriteBuffer, addr=Wrap,mip=0,cmp=AlwaysTrue)",3.072000,20.480000
2521,4.710400,1,vkCmdDrawIndexed(),Native Render > Render Pass [clear: Depth] > Native SECT1.g2d (m: 4 l: 0) > Material 4 > SECT1.g3d_33,Native Render,Native SECT1.g2d (m: 4 l: 0),4,SECT1.g3d_33,606,257-1024,1,Native Previewer GLSL Blend 256 (ResourceId::15346),"rt0:blend=on,mask=RGBA",test=on write=on func=CompareFunction.Greater,rt0=RGBA,rt0=2D Color Attachment 3466 (ResourceId::3466),2D Depth/Stencil Attachment 3470 (ResourceId::3470),"GSTexImage Image (128, 128) pallete: 0 (ResourceId::11856) (ImageSampler, addr=Wrap,mip=0,cmp=Never)","Pixel:ReadOnlyResources[0:0]=GSTexImage Image (128, 128) pallete: 0 (ResourceId::11856) (ImageSampler, addr=Wrap,mip=0,cmp=Never); Vertex:ReadWriteResources[0:0]=Buffer 1876 (ResourceId::1876) (ReadWriteBuffer, addr=Wrap,mip=0,cmp=AlwaysTrue); Vertex:ReadWriteResources[1:0]=Buffer 1882 (ResourceId::1882) (ReadWriteBuffer, addr=Wrap,mip=0,cmp=AlwaysTrue); Vertex:ReadWriteResources[2:0]=Buffer 1888 (ResourceId::1888) (ReadWriteBuffer, addr=Wrap,mip=0,cmp=AlwaysTrue); Vertex:ReadWriteResources[3:0]=Buffer 1894 (ResourceId::1894) (ReadWriteBuffer, addr=Wrap,mip=0,cmp=AlwaysTrue)",1.024000,12.288000
2529,0.000000,1,vkCmdDrawIndexed(),Native Render > Render Pass [clear: Depth] > Native SECT1.g2d (m: 4 l: 0) > Material 4 > SECT1.g3d_32,Native Render,Native SECT1.g2d (m: 4 l: 0),4,SECT1.g3d_32,438,257-1024,1,,,,,,,(none),,0.000000,0.000000
2537,0.000000,1,vkCmdDrawIndexed(),Native Render > Render Pass [clear: Depth] > Native SECT1.g2d (m: 4 l: 0) > Material 4 > SECT1.g3d_31,Native Render,Native SECT1.g2d (m: 4 l: 0),4,SECT1.g3d_31,1569,1025-4096,1,,,,,,,(none),,0.000000,0.000000
2545,0.409600,1,vkCmdDrawIndexed(),Native Render > Render Pass [clear: Depth] > Native SECT1.g2d (m: 4 l: 0) > Material 4 > SECT1.g3d_30,Native Render,Native SECT1.g2d (m: 4 l: 0),4,SECT1.g3d_30,1134,1025-4096,1,Native Previewer GLSL Blend 256 (ResourceId::15346),"rt0:blend=on,mask=RGBA",test=on write=on func=CompareFunction.Greater,rt0=RGBA,rt0=2D Color Attachment 3466 (ResourceId::3466),2D Depth/Stencil Attachment 3470 (ResourceId::3470),"GSTexImage Image (128, 128) pallete: 0 (ResourceId::11856) (ImageSampler, addr=Wrap,mip=0,cmp=Never)","Pixel:ReadOnlyResources[0:0]=GSTexImage Image (128, 128) pallete: 0 (ResourceId::11856) (ImageSampler, addr=Wrap,mip=0,cmp=Never); Vertex:ReadWriteResources[0:0]=Buffer 1876 (ResourceId::1876) (ReadWriteBuffer, addr=Wrap,mip=0,cmp=AlwaysTrue); Vertex:ReadWriteResources[1:0]=Buffer 1882 (ResourceId::1882) (ReadWriteBuffer, addr=Wrap,mip=0,cmp=AlwaysTrue); Vertex:ReadWriteResources[2:0]=Buffer 1888 (ResourceId::1888) (ReadWriteBuffer, addr=Wrap,mip=0,cmp=AlwaysTrue); Vertex:ReadWriteResources[3:0]=Buffer 1894 (ResourceId::1894) (ReadWriteBuffer, addr=Wrap,mip=0,cmp=AlwaysTrue)",0.000000,1.024000
2553,0.000000,1,vkCmdDrawIndexed(),Native Render > Render Pass [clear: Depth] > Native SECT1.g2d (m: 4 l: 0) > Material 4 > SECT1.g3d_13,Native Render,Native SECT1.g2d (m: 4 l: 0),4,SECT1.g3d_13,327,257-1024,1,,,,,,,(none),,0.000000,0.000000
2561,0.000000,1,vkCmdDrawIndexed(),Native Render > Render Pass [clear: Depth] > Native SECT1.g2d (m: 4 l: 0) > Material 4 > SECT1.g3d_10,Native Render,Native SECT1.g2d (m: 4 l: 0),4,SECT1.g3d_10,840,257-1024,1,,,,,,,(none),,0.000000,0.000000
2569,0.000000,1,vkCmdDrawIndexed(),Native Render > Render Pass [clear: Depth] > Native SECT1.g2d (m: 4 l: 0) > Material 4 > SECT1.g3d_9,Native Render,Native SECT1.g2d (m: 4 l: 0),4,SECT1.g3d_9,276,257-1024,1,,,,,,,(none),,0.000000,0.000000
2577,0.000000,1,vkCmdDrawIndexed(),Native Render > Render Pass [clear: Depth] > Native SECT1.g2d (m: 4 l: 0) > Material 4 > SECT1.g3d_7,Native Render,Native SECT1.g2d (m: 4 l: 0),4,SECT1.g3d_7,1188,1025-4096,1,,,,,,,(none),,0.000000,0.000000
2585,0.000000,1,vkCmdDrawIndexed(),Native Render > Render Pass [clear: Depth] > Native SECT1.g2d (m: 4 l: 0) > Material 4 > SECT1.g3d_3,Native Render,Native SECT1.g2d (m: 4 l: 0),4,SECT1.g3d_3,1155,1025-4096,1,,,,,,,(none),,0.000000,0.000000
2593,6.041600,1,vkCmdDrawIndexed(),Native Render > Render Pass [clear: Depth] > Native SECT1.g2d (m: 4 l: 0) > Material 4 > SECT1.g3d_1,Native Render,Native SECT1.g2d (m: 4 l: 0),4,SECT1.g3d_1,1449,1025-4096,1,Native Previewer GLSL Blend 256 (ResourceId::15346),"rt0:blend=on,mask=RGBA",test=on write=on func=CompareFunction.Greater,rt0=RGBA,rt0=2D Color Attachment 3466 (ResourceId::3466),2D Depth/Stencil Attachment 3470 (ResourceId::3470),"GSTexImage Image (128, 128) pallete: 0 (ResourceId::11856) (ImageSampler, addr=Wrap,mip=0,cmp=Never)","Pixel:ReadOnlyResources[0:0]=GSTexImage Image (128, 128) pallete: 0 (ResourceId::11856) (ImageSampler, addr=Wrap,mip=0,cmp=Never); Vertex:ReadWriteResources[0:0]=Buffer 1876 (ResourceId::1876) (ReadWriteBuffer, addr=Wrap,mip=0,cmp=AlwaysTrue); Vertex:ReadWriteResources[1:0]=Buffer 1882 (ResourceId::1882) (ReadWriteBuffer, addr=Wrap,mip=0,cmp=AlwaysTrue); Vertex:ReadWriteResources[2:0]=Buffer 1888 (ResourceId::1888) (ReadWriteBuffer, addr=Wrap,mip=0,cmp=AlwaysTrue); Vertex:ReadWriteResources[3:0]=Buffer 1894 (ResourceId::1894) (ReadWriteBuffer, addr=Wrap,mip=0,cmp=AlwaysTrue)",0.000000,20.480000
2606,10.342400,1,vkCmdDrawIndexed(),Native Render > Render Pass [clear: Depth] > Native SECT1.g2d (m: 3 l: 0) > Material 3 > SECT1.g3d_4_0_112,Native Render,Native SECT1.g2d (m: 3 l: 0),3,SECT1.g3d_4_0_112,552,257-1024,1,Native Previewer GLSL Blend 256 (ResourceId::15346),"rt0:blend=on,mask=RGBA",test=on write=on func=CompareFunction.Greater,rt0=RGBA,rt0=2D Color Attachment 3466 (ResourceId::3466),2D Depth/Stencil Attachment 3470 (ResourceId::3470),"GSTexImage Image (128, 128) pallete: 0 (ResourceId::11840) (ImageSampler, addr=Wrap,mip=0,cmp=Never)","Pixel:ReadOnlyResources[0:0]=GSTexImage Image (128, 128) pallete: 0 (ResourceId::11840) (ImageSampler, addr=Wrap,mip=0,cmp=Never); Vertex:ReadWriteResources[0:0]=Buffer 1876 (ResourceId::1876) (ReadWriteBuffer, addr=Wrap,mip=0,cmp=AlwaysTrue); Vertex:ReadWriteResources[1:0]=Buffer 1882 (ResourceId::1882) (ReadWriteBuffer, addr=Wrap,mip=0,cmp=AlwaysTrue); Vertex:ReadWriteResources[2:0]=Buffer 1888 (ResourceId::1888) (ReadWriteBuffer, addr=Wrap,mip=0,cmp=AlwaysTrue); Vertex:ReadWriteResources[3:0]=Buffer 1894 (ResourceId::1894) (ReadWriteBuffer, addr=Wrap,mip=0,cmp=AlwaysTrue)",0.000000,31.744000
2614,0.000000,1,vkCmdDrawIndexed(),Native Render > Render Pass [clear: Depth] > Native SECT1.g2d (m: 3 l: 0) > Material 3 > SECT1.g3d_4_0_103,Native Render,Native SECT1.g2d (m: 3 l: 0),3,SECT1.g3d_4_0_103,42,13-48,1,,,,,,,(none),,0.000000,0.000000
2622,0.000000,1,vkCmdDrawIndexed(),Native Render > Render Pass [clear: Depth] > Native SECT1.g2d (m: 3 l: 0) > Material 3 > SECT1.g3d_4_0_102,Native Render,Native SECT1.g2d (m: 3 l: 0),3,SECT1.g3d_4_0_102,249,49-256,1,,,,,,,(none),,0.000000,0.000000
2630,0.000000,1,vkCmdDrawIndexed(),Native Render > Render Pass [clear: Depth] > Native SECT1.g2d (m: 3 l: 0) > Material 3 > SECT1.g3d_4_0_101,Native Render,Native SECT1.g2d (m: 3 l: 0),3,SECT1.g3d_4_0_101,417,257-1024,1,,,,,,,(none),,0.000000,0.000000
2638,0.102400,1,vkCmdDrawIndexed(),Native Render > Render Pass [clear: Depth] > Native SECT1.g2d (m: 3 l: 0) > Material 3 > SECT1.g3d_4_0_72,Native Render,Native SECT1.g2d (m: 3 l: 0),3,SECT1.g3d_4_0_72,138,49-256,1,Native Previewer GLSL Blend 256 (ResourceId::15346),"rt0:blend=on,mask=RGBA",test=on write=on func=CompareFunction.Greater,rt0=RGBA,rt0=2D Color Attachment 3466 (ResourceId::3466),2D Depth/Stencil Attachment 3470 (ResourceId::3470),"GSTexImage Image (128, 128) pallete: 0 (ResourceId::11840) (ImageSampler, addr=Wrap,mip=0,cmp=Never)","Pixel:ReadOnlyResources[0:0]=GSTexImage Image (128, 128) pallete: 0 (ResourceId::11840) (ImageSampler, addr=Wrap,mip=0,cmp=Never); Vertex:ReadWriteResources[0:0]=Buffer 1876 (ResourceId::1876) (ReadWriteBuffer, addr=Wrap,mip=0,cmp=AlwaysTrue); Vertex:ReadWriteResources[1:0]=Buffer 1882 (ResourceId::1882) (ReadWriteBuffer, addr=Wrap,mip=0,cmp=AlwaysTrue); Vertex:ReadWriteResources[2:0]=Buffer 1888 (ResourceId::1888) (ReadWriteBuffer, addr=Wrap,mip=0,cmp=AlwaysTrue); Vertex:ReadWriteResources[3:0]=Buffer 1894 (ResourceId::1894) (ReadWriteBuffer, addr=Wrap,mip=0,cmp=AlwaysTrue)",0.000000,1.024000
2646,0.716800,1,vkCmdDrawIndexed(),Native Render > Render Pass [clear: Depth] > Native SECT1.g2d (m: 3 l: 0) > Material 3 > SECT1.g3d_4_0_68,Native Render,Native SECT1.g2d (m: 3 l: 0),3,SECT1.g3d_4_0_68,150,49-256,1,Native Previewer GLSL Blend 256 (ResourceId::15346),"rt0:blend=on,mask=RGBA",test=on write=on func=CompareFunction.Greater,rt0=RGBA,rt0=2D Color Attachment 3466 (ResourceId::3466),2D Depth/Stencil Attachment 3470 (ResourceId::3470),"GSTexImage Image (128, 128) pallete: 0 (ResourceId::11840) (ImageSampler, addr=Wrap,mip=0,cmp=Never)","Pixel:ReadOnlyResources[0:0]=GSTexImage Image (128, 128) pallete: 0 (ResourceId::11840) (ImageSampler, addr=Wrap,mip=0,cmp=Never); Vertex:ReadWriteResources[0:0]=Buffer 1876 (ResourceId::1876) (ReadWriteBuffer, addr=Wrap,mip=0,cmp=AlwaysTrue); Vertex:ReadWriteResources[1:0]=Buffer 1882 (ResourceId::1882) (ReadWriteBuffer, addr=Wrap,mip=0,cmp=AlwaysTrue); Vertex:ReadWriteResources[2:0]=Buffer 1888 (ResourceId::1888) (ReadWriteBuffer, addr=Wrap,mip=0,cmp=AlwaysTrue); Vertex:ReadWriteResources[3:0]=Buffer 1894 (ResourceId::1894) (ReadWriteBuffer, addr=Wrap,mip=0,cmp=AlwaysTrue)",0.000000,7.168000
2654,0.000000,1,vkCmdDrawIndexed(),Native Render > Render Pass [clear: Depth] > Native SECT1.g2d (m: 3 l: 0) > Material 3 > SECT1.g3d_4_0_67,Native Render,Native SECT1.g2d (m: 3 l: 0),3,SECT1.g3d_4_0_67,6,4-12,1,,,,,,,(none),,0.000000,0.000000
2662,0.921600,1,vkCmdDrawIndexed(),Native Render > Render Pass [clear: Depth] > Native SECT1.g2d (m: 3 l: 0) > Material 3 > SECT1.g3d_4_0_61,Native Render,Native SECT1.g2d (m: 3 l: 0),3,SECT1.g3d_4_0_61,342,257-1024,1,Native Previewer GLSL Blend 256 (ResourceId::15346),"rt0:blend=on,mask=RGBA",test=on write=on func=CompareFunction.Greater,rt0=RGBA,rt0=2D Color Attachment 3466 (ResourceId::3466),2D Depth/Stencil Attachment 3470 (ResourceId::3470),"GSTexImage Image (128, 128) pallete: 0 (ResourceId::11840) (ImageSampler, addr=Wrap,mip=0,cmp=Never)","Pixel:ReadOnlyResources[0:0]=GSTexImage Image (128, 128) pallete: 0 (ResourceId::11840) (ImageSampler, addr=Wrap,mip=0,cmp=Never); Vertex:ReadWriteResources[0:0]=Buffer 1876 (ResourceId::1876) (ReadWriteBuffer, addr=Wrap,mip=0,cmp=AlwaysTrue); Vertex:ReadWriteResources[1:0]=Buffer 1882 (ResourceId::1882) (ReadWriteBuffer, addr=Wrap,mip=0,cmp=AlwaysTrue); Vertex:ReadWriteResources[2:0]=Buffer 1888 (ResourceId::1888) (ReadWriteBuffer, addr=Wrap,mip=0,cmp=AlwaysTrue); Vertex:ReadWriteResources[3:0]=Buffer 1894 (ResourceId::1894) (ReadWriteBuffer, addr=Wrap,mip=0,cmp=AlwaysTrue)",0.000000,7.168000
2670,2.969600,1,vkCmdDrawIndexed(),Native Render > Render Pass [clear: Depth] > Native SECT1.g2d (m: 3 l: 0) > Material 3 > SECT1.g3d_3_0_8,Native Render,Native SECT1.g2d (m: 3 l: 0),3,SECT1.g3d_3_0_8,774,257-1024,1,Native Previewer GLSL Blend 256 (ResourceId::15346),"rt0:blend=on,mask=RGBA",test=on write=on func=CompareFunction.Greater,rt0=RGBA,rt0=2D Color Attachment 3466 (ResourceId::3466),2D Depth/Stencil Attachment 3470 (ResourceId::3470),"GSTexImage Image (128, 128) pallete: 0 (ResourceId::11840) (ImageSampler, addr=Wrap,mip=0,cmp=Never)","Pixel:ReadOnlyResources[0:0]=GSTexImage Image (128, 128) pallete: 0 (ResourceId::11840) (ImageSampler, addr=Wrap,mip=0,cmp=Never); Vertex:ReadWriteResources[0:0]=Buffer 1876 (ResourceId::1876) (ReadWriteBuffer, addr=Wrap,mip=0,cmp=AlwaysTrue); Vertex:ReadWriteResources[1:0]=Buffer 1882 (ResourceId::1882) (ReadWriteBuffer, addr=Wrap,mip=0,cmp=AlwaysTrue); Vertex:ReadWriteResources[2:0]=Buffer 1888 (ResourceId::1888) (ReadWriteBuffer, addr=Wrap,mip=0,cmp=AlwaysTrue); Vertex:ReadWriteResources[3:0]=Buffer 1894 (ResourceId::1894) (ReadWriteBuffer, addr=Wrap,mip=0,cmp=AlwaysTrue)",0.000000,10.240000
2678,0.000000,1,vkCmdDrawIndexed(),Native Render > Render Pass [clear: Depth] > Native SECT1.g2d (m: 3 l: 0) > Material 3 > SECT1.g3d_2_0_80,Native Render,Native SECT1.g2d (m: 3 l: 0),3,SECT1.g3d_2_0_80,153,49-256,1,,,,,,,(none),,0.000000,0.000000
2686,0.204800,1,vkCmdDrawIndexed(),Native Render > Render Pass [clear: Depth] > Native SECT1.g2d (m: 3 l: 0) > Material 3 > SECT1.g3d_2_0_29,Native Render,Native SECT1.g2d (m: 3 l: 0),3,SECT1.g3d_2_0_29,165,49-256,1,Native Previewer GLSL Blend 256 (ResourceId::15346),"rt0:blend=on,mask=RGBA",test=on write=on func=CompareFunction.Greater,rt0=RGBA,rt0=2D Color Attachment 3466 (ResourceId::3466),2D Depth/Stencil Attachment 3470 (ResourceId::3470),"GSTexImage Image (128, 128) pallete: 0 (ResourceId::11840) (ImageSampler, addr=Wrap,mip=0,cmp=Never)","Pixel:ReadOnlyResources[0:0]=GSTexImage Image (128, 128) pallete: 0 (ResourceId::11840) (ImageSampler, addr=Wrap,mip=0,cmp=Never); Vertex:ReadWriteResources[0:0]=Buffer 1876 (ResourceId::1876) (ReadWriteBuffer, addr=Wrap,mip=0,cmp=AlwaysTrue); Vertex:ReadWriteResources[1:0]=Buffer 1882 (ResourceId::1882) (ReadWriteBuffer, addr=Wrap,mip=0,cmp=AlwaysTrue); Vertex:ReadWriteResources[2:0]=Buffer 1888 (ResourceId::1888) (ReadWriteBuffer, addr=Wrap,mip=0,cmp=AlwaysTrue); Vertex:ReadWriteResources[3:0]=Buffer 1894 (ResourceId::1894) (ReadWriteBuffer, addr=Wrap,mip=0,cmp=AlwaysTrue)",0.000000,1.024000
2694,1.638400,1,vkCmdDrawIndexed(),Native Render > Render Pass [clear: Depth] > Native SECT1.g2d (m: 3 l: 0) > Material 3 > SECT1.g3d_2_0_23,Native Render,Native SECT1.g2d (m: 3 l: 0),3,SECT1.g3d_2_0_23,978,257-1024,1,Native Previewer GLSL Blend 256 (ResourceId::15346),"rt0:blend=on,mask=RGBA",test=on write=on func=CompareFunction.Greater,rt0=RGBA,rt0=2D Color Attachment 3466 (ResourceId::3466),2D Depth/Stencil Attachment 3470 (ResourceId::3470),"GSTexImage Image (128, 128) pallete: 0 (ResourceId::11840) (ImageSampler, addr=Wrap,mip=0,cmp=Never)","Pixel:ReadOnlyResources[0:0]=GSTexImage Image (128, 128) pallete: 0 (ResourceId::11840) (ImageSampler, addr=Wrap,mip=0,cmp=Never); Vertex:ReadWriteResources[0:0]=Buffer 1876 (ResourceId::1876) (ReadWriteBuffer, addr=Wrap,mip=0,cmp=AlwaysTrue); Vertex:ReadWriteResources[1:0]=Buffer 1882 (ResourceId::1882) (ReadWriteBuffer, addr=Wrap,mip=0,cmp=AlwaysTrue); Vertex:ReadWriteResources[2:0]=Buffer 1888 (ResourceId::1888) (ReadWriteBuffer, addr=Wrap,mip=0,cmp=AlwaysTrue); Vertex:ReadWriteResources[3:0]=Buffer 1894 (ResourceId::1894) (ReadWriteBuffer, addr=Wrap,mip=0,cmp=AlwaysTrue)",0.000000,11.264000
2702,0.000000,1,vkCmdDrawIndexed(),Native Render > Render Pass [clear: Depth] > Native SECT1.g2d (m: 3 l: 0) > Material 3 > SECT1.g3d_224,Native Render,Native SECT1.g2d (m: 3 l: 0),3,SECT1.g3d_224,429,257-1024,1,,,,,,,(none),,0.000000,0.000000
2710,0.000000,1,vkCmdDrawIndexed(),Native Render > Render Pass [clear: Depth] > Native SECT1.g2d (m: 3 l: 0) > Material 3 > SECT1.g3d_221,Native Render,Native SECT1.g2d (m: 3 l: 0),3,SECT1.g3d_221,30,13-48,1,,,,,,,(none),,0.000000,0.000000
2718,0.000000,1,vkCmdDrawIndexed(),Native Render > Render Pass [clear: Depth] > Native SECT1.g2d (m: 3 l: 0) > Material 3 > SECT1.g3d_220,Native Render,Native SECT1.g2d (m: 3 l: 0),3,SECT1.g3d_220,423,257-1024,1,,,,,,,(none),,0.000000,0.000000
2726,3.481600,1,vkCmdDrawIndexed(),Native Render > Render Pass [clear: Depth] > Native SECT1.g2d (m: 3 l: 0) > Material 3 > SECT1.g3d_138,Native Render,Native SECT1.g2d (m: 3 l: 0),3,SECT1.g3d_138,1215,1025-4096,1,Native Previewer GLSL Blend 256 (ResourceId::15346),"rt0:blend=on,mask=RGBA",test=on write=on func=CompareFunction.Greater,rt0=RGBA,rt0=2D Color Attachment 3466 (ResourceId::3466),2D Depth/Stencil Attachment 3470 (ResourceId::3470),"GSTexImage Image (128, 128) pallete: 0 (ResourceId::11840) (ImageSampler, addr=Wrap,mip=0,cmp=Never)","Pixel:ReadOnlyResources[0:0]=GSTexImage Image (128, 128) pallete: 0 (ResourceId::11840) (ImageSampler, addr=Wrap,mip=0,cmp=Never); Vertex:ReadWriteResources[0:0]=Buffer 1876 (ResourceId::1876) (ReadWriteBuffer, addr=Wrap,mip=0,cmp=AlwaysTrue); Vertex:ReadWriteResources[1:0]=Buffer 1882 (ResourceId::1882) (ReadWriteBuffer, addr=Wrap,mip=0,cmp=AlwaysTrue); Vertex:ReadWriteResources[2:0]=Buffer 1888 (ResourceId::1888) (ReadWriteBuffer, addr=Wrap,mip=0,cmp=AlwaysTrue); Vertex:ReadWriteResources[3:0]=Buffer 1894 (ResourceId::1894) (ReadWriteBuffer, addr=Wrap,mip=0,cmp=AlwaysTrue)",1.024000,9.216000
2734,0.614400,1,vkCmdDrawIndexed(),Native Render > Render Pass [clear: Depth] > Native SECT1.g2d (m: 3 l: 0) > Material 3 > SECT1.g3d_106,Native Render,Native SECT1.g2d (m: 3 l: 0),3,SECT1.g3d_106,309,257-1024,1,Native Previewer GLSL Blend 256 (ResourceId::15346),"rt0:blend=on,mask=RGBA",test=on write=on func=CompareFunction.Greater,rt0=RGBA,rt0=2D Color Attachment 3466 (ResourceId::3466),2D Depth/Stencil Attachment 3470 (ResourceId::3470),"GSTexImage Image (128, 128) pallete: 0 (ResourceId::11840) (ImageSampler, addr=Wrap,mip=0,cmp=Never)","Pixel:ReadOnlyResources[0:0]=GSTexImage Image (128, 128) pallete: 0 (ResourceId::11840) (ImageSampler, addr=Wrap,mip=0,cmp=Never); Vertex:ReadWriteResources[0:0]=Buffer 1876 (ResourceId::1876) (ReadWriteBuffer, addr=Wrap,mip=0,cmp=AlwaysTrue); Vertex:ReadWriteResources[1:0]=Buffer 1882 (ResourceId::1882) (ReadWriteBuffer, addr=Wrap,mip=0,cmp=AlwaysTrue); Vertex:ReadWriteResources[2:0]=Buffer 1888 (ResourceId::1888) (ReadWriteBuffer, addr=Wrap,mip=0,cmp=AlwaysTrue); Vertex:ReadWriteResources[3:0]=Buffer 1894 (ResourceId::1894) (ReadWriteBuffer, addr=Wrap,mip=0,cmp=AlwaysTrue)",0.000000,6.144000
2742,0.000000,1,vkCmdDrawIndexed(),Native Render > Render Pass [clear: Depth] > Native SECT1.g2d (m: 3 l: 0) > Material 3 > SECT1.g3d_105,Native Render,Native SECT1.g2d (m: 3 l: 0),3,SECT1.g3d_105,180,49-256,1,,,,,,,(none),,0.000000,0.000000
2750,0.000000,1,vkCmdDrawIndexed(),Native Render > Render Pass [clear: Depth] > Native SECT1.g2d (m: 3 l: 0) > Material 3 > SECT1.g3d_85,Native Render,Native SECT1.g2d (m: 3 l: 0),3,SECT1.g3d_85,156,49-256,1,,,,,,,(none),,0.000000,0.000000
2758,0.000000,1,vkCmdDrawIndexed(),Native Render > Render Pass [clear: Depth] > Native SECT1.g2d (m: 3 l: 0) > Material 3 > SECT1.g3d_56,Native Render,Native SECT1.g2d (m: 3 l: 0),3,SECT1.g3d_56,168,49-256,1,,,,,,,(none),,0.000000,0.000000
2766,1.126400,1,vkCmdDrawIndexed(),Native Render > Render Pass [clear: Depth] > Native SECT1.g2d (m: 3 l: 0) > Material 3 > SECT1.g3d_54,Native Render,Native SECT1.g2d (m: 3 l: 0),3,SECT1.g3d_54,174,49-256,1,Native Previewer GLSL Blend 256 (ResourceId::15346),"rt0:blend=on,mask=RGBA",test=on write=on func=CompareFunction.Greater,rt0=RGBA,rt0=2D Color Attachment 3466 (ResourceId::3466),2D Depth/Stencil Attachment 3470 (ResourceId::3470),"GSTexImage Image (128, 128) pallete: 0 (ResourceId::11840) (ImageSampler, addr=Wrap,mip=0,cmp=Never)","Pixel:ReadOnlyResources[0:0]=GSTexImage Image (128, 128) pallete: 0 (ResourceId::11840) (ImageSampler, addr=Wrap,mip=0,cmp=Never); Vertex:ReadWriteResources[0:0]=Buffer 1876 (ResourceId::1876) (ReadWriteBuffer, addr=Wrap,mip=0,cmp=AlwaysTrue); Vertex:ReadWriteResources[1:0]=Buffer 1882 (ResourceId::1882) (ReadWriteBuffer, addr=Wrap,mip=0,cmp=AlwaysTrue); Vertex:ReadWriteResources[2:0]=Buffer 1888 (ResourceId::1888) (ReadWriteBuffer, addr=Wrap,mip=0,cmp=AlwaysTrue); Vertex:ReadWriteResources[3:0]=Buffer 1894 (ResourceId::1894) (ReadWriteBuffer, addr=Wrap,mip=0,cmp=AlwaysTrue)",0.000000,5.120000
2774,0.409600,1,vkCmdDrawIndexed(),Native Render > Render Pass [clear: Depth] > Native SECT1.g2d (m: 3 l: 0) > Material 3 > SECT1.g3d_53,Native Render,Native SECT1.g2d (m: 3 l: 0),3,SECT1.g3d_53,294,257-1024,1,Native Previewer GLSL Blend 256 (ResourceId::15346),"rt0:blend=on,mask=RGBA",test=on write=on func=CompareFunction.Greater,rt0=RGBA,rt0=2D Color Attachment 3466 (ResourceId::3466),2D Depth/Stencil Attachment 3470 (ResourceId::3470),"GSTexImage Image (128, 128) pallete: 0 (ResourceId::11840) (ImageSampler, addr=Wrap,mip=0,cmp=Never)","Pixel:ReadOnlyResources[0:0]=GSTexImage Image (128, 128) pallete: 0 (ResourceId::11840) (ImageSampler, addr=Wrap,mip=0,cmp=Never); Vertex:ReadWriteResources[0:0]=Buffer 1876 (ResourceId::1876) (ReadWriteBuffer, addr=Wrap,mip=0,cmp=AlwaysTrue); Vertex:ReadWriteResources[1:0]=Buffer 1882 (ResourceId::1882) (ReadWriteBuffer, addr=Wrap,mip=0,cmp=AlwaysTrue); Vertex:ReadWriteResources[2:0]=Buffer 1888 (ResourceId::1888) (ReadWriteBuffer, addr=Wrap,mip=0,cmp=AlwaysTrue); Vertex:ReadWriteResources[3:0]=Buffer 1894 (ResourceId::1894) (ReadWriteBuffer, addr=Wrap,mip=0,cmp=AlwaysTrue)",0.000000,1.024000
2782,0.000000,1,vkCmdDrawIndexed(),Native Render > Render Pass [clear: Depth] > Native SECT1.g2d (m: 3 l: 0) > Material 3 > SECT1.g3d_51,Native Render,Native SECT1.g2d (m: 3 l: 0),3,SECT1.g3d_51,360,257-1024,1,,,,,,,(none),,0.000000,0.000000
2790,0.409600,1,vkCmdDrawIndexed(),Native Render > Render Pass [clear: Depth] > Native SECT1.g2d (m: 3 l: 0) > Material 3 > SECT1.g3d_44,Native Render,Native SECT1.g2d (m: 3 l: 0),3,SECT1.g3d_44,777,257-1024,1,Native Previewer GLSL Blend 256 (ResourceId::15346),"rt0:blend=on,mask=RGBA",test=on write=on func=CompareFunction.Greater,rt0=RGBA,rt0=2D Color Attachment 3466 (ResourceId::3466),2D Depth/Stencil Attachment 3470 (ResourceId::3470),"GSTexImage Image (128, 128) pallete: 0 (ResourceId::11840) (ImageSampler, addr=Wrap,mip=0,cmp=Never)","Pixel:ReadOnlyResources[0:0]=GSTexImage Image (128, 128) pallete: 0 (ResourceId::11840) (ImageSampler, addr=Wrap,mip=0,cmp=Never); Vertex:ReadWriteResources[0:0]=Buffer 1876 (ResourceId::1876) (ReadWriteBuffer, addr=Wrap,mip=0,cmp=AlwaysTrue); Vertex:ReadWriteResources[1:0]=Buffer 1882 (ResourceId::1882) (ReadWriteBuffer, addr=Wrap,mip=0,cmp=AlwaysTrue); Vertex:ReadWriteResources[2:0]=Buffer 1888 (ResourceId::1888) (ReadWriteBuffer, addr=Wrap,mip=0,cmp=AlwaysTrue); Vertex:ReadWriteResources[3:0]=Buffer 1894 (ResourceId::1894) (ReadWriteBuffer, addr=Wrap,mip=0,cmp=AlwaysTrue)",0.000000,1.024000
2798,0.000000,1,vkCmdDrawIndexed(),Native Render > Render Pass [clear: Depth] > Native SECT1.g2d (m: 3 l: 0) > Material 3 > SECT1.g3d_36,Native Render,Native SECT1.g2d (m: 3 l: 0),3,SECT1.g3d_36,168,49-256,1,,,,,,,(none),,0.000000,0.000000
2806,0.307200,1,vkCmdDrawIndexed(),Native Render > Render Pass [clear: Depth] > Native SECT1.g2d (m: 3 l: 0) > Material 3 > SECT1.g3d_35,Native Render,Native SECT1.g2d (m: 3 l: 0),3,SECT1.g3d_35,174,49-256,1,Native Previewer GLSL Blend 256 (ResourceId::15346),"rt0:blend=on,mask=RGBA",test=on write=on func=CompareFunction.Greater,rt0=RGBA,rt0=2D Color Attachment 3466 (ResourceId::3466),2D Depth/Stencil Attachment 3470 (ResourceId::3470),"GSTexImage Image (128, 128) pallete: 0 (ResourceId::11840) (ImageSampler, addr=Wrap,mip=0,cmp=Never)","Pixel:ReadOnlyResources[0:0]=GSTexImage Image (128, 128) pallete: 0 (ResourceId::11840) (ImageSampler, addr=Wrap,mip=0,cmp=Never); Vertex:ReadWriteResources[0:0]=Buffer 1876 (ResourceId::1876) (ReadWriteBuffer, addr=Wrap,mip=0,cmp=AlwaysTrue); Vertex:ReadWriteResources[1:0]=Buffer 1882 (ResourceId::1882) (ReadWriteBuffer, addr=Wrap,mip=0,cmp=AlwaysTrue); Vertex:ReadWriteResources[2:0]=Buffer 1888 (ResourceId::1888) (ReadWriteBuffer, addr=Wrap,mip=0,cmp=AlwaysTrue); Vertex:ReadWriteResources[3:0]=Buffer 1894 (ResourceId::1894) (ReadWriteBuffer, addr=Wrap,mip=0,cmp=AlwaysTrue)",0.000000,3.072000
2814,0.000000,1,vkCmdDrawIndexed(),Native Render > Render Pass [clear: Depth] > Native SECT1.g2d (m: 3 l: 0) > Material 3 > SECT1.g3d_34,Native Render,Native SECT1.g2d (m: 3 l: 0),3,SECT1.g3d_34,198,49-256,1,,,,,,,(none),,0.000000,0.000000
2822,0.102400,1,vkCmdDrawIndexed(),Native Render > Render Pass [clear: Depth] > Native SECT1.g2d (m: 3 l: 0) > Material 3 > SECT1.g3d_12,Native Render,Native SECT1.g2d (m: 3 l: 0),3,SECT1.g3d_12,249,49-256,1,Native Previewer GLSL Blend 256 (ResourceId::15346),"rt0:blend=on,mask=RGBA",test=on write=on func=CompareFunction.Greater,rt0=RGBA,rt0=2D Color Attachment 3466 (ResourceId::3466),2D Depth/Stencil Attachment 3470 (ResourceId::3470),"GSTexImage Image (128, 128) pallete: 0 (ResourceId::11840) (ImageSampler, addr=Wrap,mip=0,cmp=Never)","Pixel:ReadOnlyResources[0:0]=GSTexImage Image (128, 128) pallete: 0 (ResourceId::11840) (ImageSampler, addr=Wrap,mip=0,cmp=Never); Vertex:ReadWriteResources[0:0]=Buffer 1876 (ResourceId::1876) (ReadWriteBuffer, addr=Wrap,mip=0,cmp=AlwaysTrue); Vertex:ReadWriteResources[1:0]=Buffer 1882 (ResourceId::1882) (ReadWriteBuffer, addr=Wrap,mip=0,cmp=AlwaysTrue); Vertex:ReadWriteResources[2:0]=Buffer 1888 (ResourceId::1888) (ReadWriteBuffer, addr=Wrap,mip=0,cmp=AlwaysTrue); Vertex:ReadWriteResources[3:0]=Buffer 1894 (ResourceId::1894) (ReadWriteBuffer, addr=Wrap,mip=0,cmp=AlwaysTrue)",0.000000,1.024000
2830,0.000000,1,vkCmdDrawIndexed(),Native Render > Render Pass [clear: Depth] > Native SECT1.g2d (m: 3 l: 0) > Material 3 > SECT1.g3d_11,Native Render,Native SECT1.g2d (m: 3 l: 0),3,SECT1.g3d_11,252,49-256,1,,,,,,,(none),,0.000000,0.000000
2838,4.710400,1,vkCmdDrawIndexed(),Native Render > Render Pass [clear: Depth] > Native SECT1.g2d (m: 3 l: 0) > Material 3 > SECT1.g3d_0,Native Render,Native SECT1.g2d (m: 3 l: 0),3,SECT1.g3d_0,744,257-1024,1,Native Previewer GLSL Blend 256 (ResourceId::15346),"rt0:blend=on,mask=RGBA",test=on write=on func=CompareFunction.Greater,rt0=RGBA,rt0=2D Color Attachment 3466 (ResourceId::3466),2D Depth/Stencil Attachment 3470 (ResourceId::3470),"GSTexImage Image (128, 128) pallete: 0 (ResourceId::11840) (ImageSampler, addr=Wrap,mip=0,cmp=Never)","Pixel:ReadOnlyResources[0:0]=GSTexImage Image (128, 128) pallete: 0 (ResourceId::11840) (ImageSampler, addr=Wrap,mip=0,cmp=Never); Vertex:ReadWriteResources[0:0]=Buffer 1876 (ResourceId::1876) (ReadWriteBuffer, addr=Wrap,mip=0,cmp=AlwaysTrue); Vertex:ReadWriteResources[1:0]=Buffer 1882 (ResourceId::1882) (ReadWriteBuffer, addr=Wrap,mip=0,cmp=AlwaysTrue); Vertex:ReadWriteResources[2:0]=Buffer 1888 (ResourceId::1888) (ReadWriteBuffer, addr=Wrap,mip=0,cmp=AlwaysTrue); Vertex:ReadWriteResources[3:0]=Buffer 1894 (ResourceId::1894) (ReadWriteBuffer, addr=Wrap,mip=0,cmp=AlwaysTrue)",0.000000,21.504000
2851,0.000000,1,vkCmdDrawIndexed(),Native Render > Render Pass [clear: Depth] > Native SECT11.g2d (m: 12 l: 0) > Material 12 > SECT11.g3d_24,Native Render,Native SECT11.g2d (m: 12 l: 0),12,SECT11.g3d_24,393,257-1024,1,,,,,,,(none),,0.000000,0.000000
2864,0.000000,1,vkCmdDrawIndexed(),Native Render > Render Pass [clear: Depth] > Native SECT11.g2d (m: 7 l: 0) > Material 7 > SECT11.g3d_23,Native Render,Native SECT11.g2d (m: 7 l: 0),7,SECT11.g3d_23,60,49-256,1,,,,,,,(none),,0.000000,0.000000
2877,0.000000,1,vkCmdDrawIndexed(),Native Render > Render Pass [clear: Depth] > Native SECT11.g2d (m: 11 l: 0) > Material 11 > SECT11.g3d_30,Native Render,Native SECT11.g2d (m: 11 l: 0),11,SECT11.g3d_30,144,49-256,1,,,,,,,(none),,0.000000,0.000000
2885,0.000000,1,vkCmdDrawIndexed(),Native Render > Render Pass [clear: Depth] > Native SECT11.g2d (m: 11 l: 0) > Material 11 > SECT11.g3d_22,Native Render,Native SECT11.g2d (m: 11 l: 0),11,SECT11.g3d_22,1074,1025-4096,1,,,,,,,(none),,0.000000,0.000000
2898,0.000000,1,vkCmdDrawIndexed(),Native Render > Render Pass [clear: Depth] > Native SECT11.g2d (m: 10 l: 0) > Material 10 > SECT11.g3d_20,Native Render,Native SECT11.g2d (m: 10 l: 0),10,SECT11.g3d_20,219,49-256,1,,,,,,,(none),,0.000000,0.000000
2911,0.000000,1,vkCmdDrawIndexed(),Native Render > Render Pass [clear: Depth] > Native SECT11.g2d (m: 6 l: 0) > Material 6 > SECT11.g3d_28,Native Render,Native SECT11.g2d (m: 6 l: 0),6,SECT11.g3d_28,546,257-1024,1,,,,,,,(none),,0.000000,0.000000
2919,0.000000,1,vkCmdDrawIndexed(),Native Render > Render Pass [clear: Depth] > Native SECT11.g2d (m: 6 l: 0) > Material 6 > SECT11.g3d_19,Native Render,Native SECT11.g2d (m: 6 l: 0),6,SECT11.g3d_19,2328,1025-4096,1,,,,,,,(none),,0.000000,0.000000
2932,0.204800,1,vkCmdDrawIndexed(),Native Render > Render Pass [clear: Depth] > Native SECT11.g2d (m: 8 l: 0) > Material 8 > SECT11.g3d_29,Native Render,Native SECT11.g2d (m: 8 l: 0),8,SECT11.g3d_29,384,257-1024,1,Native Previewer GLSL Blend 256 (ResourceId::15346),"rt0:blend=on,mask=RGBA",test=on write=on func=CompareFunction.Greater,rt0=RGBA,rt0=2D Color Attachment 3466 (ResourceId::3466),2D Depth/Stencil Attachment 3470 (ResourceId::3470),"GSTexImage Image (128, 128) pallete: 0 (ResourceId::13008) (ImageSampler, addr=Wrap,mip=0,cmp=Never)","Pixel:ReadOnlyResources[0:0]=GSTexImage Image (128, 128) pallete: 0 (ResourceId::13008) (ImageSampler, addr=Wrap,mip=0,cmp=Never); Vertex:ReadWriteResources[0:0]=Buffer 1876 (ResourceId::1876) (ReadWriteBuffer, addr=Wrap,mip=0,cmp=AlwaysTrue); Vertex:ReadWriteResources[1:0]=Buffer 1882 (ResourceId::1882) (ReadWriteBuffer, addr=Wrap,mip=0,cmp=AlwaysTrue); Vertex:ReadWriteResources[2:0]=Buffer 1888 (ResourceId::1888) (ReadWriteBuffer, addr=Wrap,mip=0,cmp=AlwaysTrue); Vertex:ReadWriteResources[3:0]=Buffer 1894 (ResourceId::1894) (ReadWriteBuffer, addr=Wrap,mip=0,cmp=AlwaysTrue)",0.000000,1.024000
2940,0.000000,1,vkCmdDrawIndexed(),Native Render > Render Pass [clear: Depth] > Native SECT11.g2d (m: 8 l: 0) > Material 8 > SECT11.g3d_10,Native Render,Native SECT11.g2d (m: 8 l: 0),8,SECT11.g3d_10,612,257-1024,1,,,,,,,(none),,0.000000,0.000000
2953,0.000000,1,vkCmdDrawIndexed(),Native Render > Render Pass [clear: Depth] > Native SECT11.g2d (m: 0 l: 0) > Material 0 > SECT11.g3d_6,Native Render,Native SECT11.g2d (m: 0 l: 0),0,SECT11.g3d_6,1527,1025-4096,1,,,,,,,(none),,0.000000,0.000000
2961,0.000000,1,vkCmdDrawIndexed(),Native Render > Render Pass [clear: Depth] > Native SECT11.g2d (m: 0 l: 0) > Material 0 > SECT11.g3d_5,Native Render,Native SECT11.g2d (m: 0 l: 0),0,SECT11.g3d_5,1284,1025-4096,1,,,,,,,(none),,0.000000,0.000000
2974,0.000000,1,vkCmdDrawIndexed(),Native Render > Render Pass [clear: Depth] > Native SECT11.g2d (m: 3 l: 0) > Material 3 > SECT11.g3d_11,Native Render,Native SECT11.g2d (m: 3 l: 0),3,SECT11.g3d_11,2274,1025-4096,1,,,,,,,(none),,0.000000,0.000000
2982,0.000000,1,vkCmdDrawIndexed(),Native Render > Render Pass [clear: Depth] > Native SECT11.g2d (m: 3 l: 0) > Material 3 > SECT11.g3d_2,Native Render,Native SECT11.g2d (m: 3 l: 0),3,SECT11.g3d_2,639,257-1024,1,,,,,,,(none),,0.000000,0.000000
2995,0.000000,1,vkCmdDrawIndexed(),Native Render > Render Pass [clear: Depth] > Native SECT11.g2d (m: 1 l: 0) > Material 1 > SECT11.g3d_1,Native Render,Native SECT11.g2d (m: 1 l: 0),1,SECT11.g3d_1,1392,1025-4096,1,,,,,,,(none),,0.000000,0.000000
3008,0.000000,1,vkCmdDrawIndexed(),Native Render > Render Pass [clear: Depth] > Native SECT11.g2d (m: 2 l: 0) > Material 2 > SECT11.g3d_4,Native Render,Native SECT11.g2d (m: 2 l: 0),2,SECT11.g3d_4,528,257-1024,1,,,,,,,(none),,0.000000,0.000000
3016,0.000000,1,vkCmdDrawIndexed(),Native Render > Render Pass [clear: Depth] > Native SECT11.g2d (m: 2 l: 0) > Material 2 > SECT11.g3d_0,Native Render,Native SECT11.g2d (m: 2 l: 0),2,SECT11.g3d_0,801,257-1024,1,,,,,,,(none),,0.000000,0.000000
3029,0.000000,1,vkCmdDrawIndexed(),Native Render > Render Pass [clear: Depth] > Native SECT10.g2d (m: 5 l: 0) > Material 5 > SECT10.g3d_0_0_10,Native Render,Native SECT10.g2d (m: 5 l: 0),5,SECT10.g3d_0_0_10,633,257-1024,1,,,,,,,(none),,0.000000,0.000000
3042,0.000000,1,vkCmdDrawIndexed(),Native Render > Render Pass [clear: Depth] > Native SECT10.g2d (m: 4 l: 0) > Material 4 > SECT10.g3d_0_0_9,Native Render,Native SECT10.g2d (m: 4 l: 0),4,SECT10.g3d_0_0_9,393,257-1024,1,,,,,,,(none),,0.000000,0.000000
3055,0.000000,1,vkCmdDrawIndexed(),Native Render > Render Pass [clear: Depth] > Native SECT10.g2d (m: 3 l: 0) > Material 3 > SECT10.g3d_0_0_7,Native Render,Native SECT10.g2d (m: 3 l: 0),3,SECT10.g3d_0_0_7,606,257-1024,1,,,,,,,(none),,0.000000,0.000000
3063,0.102400,1,vkCmdDrawIndexed(),Native Render > Render Pass [clear: Depth] > Native SECT10.g2d (m: 3 l: 0) > Material 3 > SECT10.g3d_0_0_5,Native Render,Native SECT10.g2d (m: 3 l: 0),3,SECT10.g3d_0_0_5,405,257-1024,1,Native Previewer GLSL Blend 256 (ResourceId::15346),"rt0:blend=on,mask=RGBA",test=on write=on func=CompareFunction.Greater,rt0=RGBA,rt0=2D Color Attachment 3466 (ResourceId::3466),2D Depth/Stencil Attachment 3470 (ResourceId::3470),"GSTexImage Image (128, 128) pallete: 0 (ResourceId::12800) (ImageSampler, addr=Wrap,mip=0,cmp=Never)","Pixel:ReadOnlyResources[0:0]=GSTexImage Image (128, 128) pallete: 0 (ResourceId::12800) (ImageSampler, addr=Wrap,mip=0,cmp=Never); Vertex:ReadWriteResources[0:0]=Buffer 1876 (ResourceId::1876) (ReadWriteBuffer, addr=Wrap,mip=0,cmp=AlwaysTrue); Vertex:ReadWriteResources[1:0]=Buffer 1882 (ResourceId::1882) (ReadWriteBuffer, addr=Wrap,mip=0,cmp=AlwaysTrue); Vertex:ReadWriteResources[2:0]=Buffer 1888 (ResourceId::1888) (ReadWriteBuffer, addr=Wrap,mip=0,cmp=AlwaysTrue); Vertex:ReadWriteResources[3:0]=Buffer 1894 (ResourceId::1894) (ReadWriteBuffer, addr=Wrap,mip=0,cmp=AlwaysTrue)",0.000000,1.024000
3076,0.000000,1,vkCmdDrawIndexed(),Native Render > Render Pass [clear: Depth] > Native SECT10.g2d (m: 2 l: 0) > Material 2 > SECT10.g3d_0_0_8,Native Render,Native SECT10.g2d (m: 2 l: 0),2,SECT10.g3d_0_0_8,261,257-1024,1,,,,,,,(none),,0.000000,0.000000
3084,0.000000,1,vkCmdDrawIndexed(),Native Render > Render Pass [clear: Depth] > Native SECT10.g2d (m: 2 l: 0) > Material 2 > SECT10.g3d_0_0_6,Native Render,Native SECT10.g2d (m: 2 l: 0),2,SECT10.g3d_0_0_6,606,257-1024,1,,,,,,,(none),,0.000000,0.000000
3092,0.000000,1,vkCmdDrawIndexed(),Native Render > Render Pass [clear: Depth] > Native SECT10.g2d (m: 2 l: 0) > Material 2 > SECT10.g3d_0_0_4,Native Render,Native SECT10.g2d (m: 2 l: 0),2,SECT10.g3d_0_0_4,3723,1025-4096,1,,,,,,,(none),,0.000000,0.000000
3105,0.000000,1,vkCmdDrawIndexed(),Native Render > Render Pass [clear: Depth] > Native SECT10.g2d (m: 1 l: 0) > Material 1 > SECT10.g3d_0_0_3,Native Render,Native SECT10.g2d (m: 1 l: 0),1,SECT10.g3d_0_0_3,240,49-256,1,,,,,,,(none),,0.000000,0.000000
3113,0.102400,1,vkCmdDrawIndexed(),Native Render > Render Pass [clear: Depth] > Native SECT10.g2d (m: 1 l: 0) > Material 1 > SECT10.g3d_0_0_1,Native Render,Native SECT10.g2d (m: 1 l: 0),1,SECT10.g3d_0_0_1,174,49-256,1,Native Previewer GLSL Blend 256 (ResourceId::15346),"rt0:blend=on,mask=RGBA",test=on write=on func=CompareFunction.Greater,rt0=RGBA,rt0=2D Color Attachment 3466 (ResourceId::3466),2D Depth/Stencil Attachment 3470 (ResourceId::3470),"GSTexImage Image (128, 128) pallete: 0 (ResourceId::12768) (ImageSampler, addr=ClampEdge,mip=0,cmp=Never)","Pixel:ReadOnlyResources[0:0]=GSTexImage Image (128, 128) pallete: 0 (ResourceId::12768) (ImageSampler, addr=ClampEdge,mip=0,cmp=Never); Vertex:ReadWriteResources[0:0]=Buffer 1876 (ResourceId::1876) (ReadWriteBuffer, addr=Wrap,mip=0,cmp=AlwaysTrue); Vertex:ReadWriteResources[1:0]=Buffer 1882 (ResourceId::1882) (ReadWriteBuffer, addr=Wrap,mip=0,cmp=AlwaysTrue); Vertex:ReadWriteResources[2:0]=Buffer 1888 (ResourceId::1888) (ReadWriteBuffer, addr=Wrap,mip=0,cmp=AlwaysTrue); Vertex:ReadWriteResources[3:0]=Buffer 1894 (ResourceId::1894) (ReadWriteBuffer, addr=Wrap,mip=0,cmp=AlwaysTrue)",0.000000,1.024000
3126,0.000000,1,vkCmdDrawIndexed(),Native Render > Render Pass [clear: Depth] > Native SECT10.g2d (m: 0 l: 0) > Material 0 > SECT10.g3d_0_0_2,Native Render,Native SECT10.g2d (m: 0 l: 0),0,SECT10.g3d_0_0_2,1332,1025-4096,1,,,,,,,(none),,0.000000,0.000000
3134,0.000000,1,vkCmdDrawIndexed(),Native Render > Render Pass [clear: Depth] > Native SECT10.g2d (m: 0 l: 0) > Material 0 > SECT10.g3d_0_0_0,Native Render,Native SECT10.g2d (m: 0 l: 0),0,SECT10.g3d_0_0_0,3156,1025-4096,1,,,,,,,(none),,0.000000,0.000000
3147,1.536000,1,vkCmdDrawIndexed(),Native Render > Render Pass [clear: Depth] > Native ACTORSCOMMONMATERIAL.G2D (m: 53 l: 0) > Material 53 > BRIDGE01_Scene01_Bridge01.g3d_0_0_0,Native Render,Native ACTORSCOMMONMATERIAL.G2D (m: 53 l: 0),53,BRIDGE01_Scene01_Bridge01.g3d_0_0_0,657,257-1024,1,Native Previewer GLSL Blend 256 (ResourceId::15346),"rt0:blend=on,mask=RGBA",test=on write=on func=CompareFunction.Greater,rt0=RGBA,rt0=2D Color Attachment 3466 (ResourceId::3466),2D Depth/Stencil Attachment 3470 (ResourceId::3470),"GSTexImage Image (128, 128) pallete: 0 (ResourceId::8672) (ImageSampler, addr=Wrap,mip=0,cmp=Never)","Pixel:ReadOnlyResources[0:0]=GSTexImage Image (128, 128) pallete: 0 (ResourceId::8672) (ImageSampler, addr=Wrap,mip=0,cmp=Never); Vertex:ReadWriteResources[0:0]=Buffer 1876 (ResourceId::1876) (ReadWriteBuffer, addr=Wrap,mip=0,cmp=AlwaysTrue); Vertex:ReadWriteResources[1:0]=Buffer 1882 (ResourceId::1882) (ReadWriteBuffer, addr=Wrap,mip=0,cmp=AlwaysTrue); Vertex:ReadWriteResources[2:0]=Buffer 1888 (ResourceId::1888) (ReadWriteBuffer, addr=Wrap,mip=0,cmp=AlwaysTrue); Vertex:ReadWriteResources[3:0]=Buffer 1894 (ResourceId::1894) (ReadWriteBuffer, addr=Wrap,mip=0,cmp=AlwaysTrue)",0.000000,14.336000
3160,0.000000,1,vkCmdDrawIndexed(),Native Render > Render Pass [clear: Depth] > Native ACTORSCOMMONMATERIAL.G2D (m: 48 l: 0) > Material 48 > LVL07_BIG_GATE_Scene01_Big_Gate.g3d_0_0_2,Native Render,Native ACTORSCOMMONMATERIAL.G2D (m: 48 l: 0),48,LVL07_BIG_GATE_Scene01_Big_Gate.g3d_0_0_2,90,49-256,1,,,,,,,(none),,0.000000,0.000000
3173,0.000000,1,vkCmdDrawIndexed(),Native Render > Render Pass [clear: Depth] > Native ACTORSCOMMONMATERIAL.G2D (m: 57 l: 0) > Material 57 > LVL07_BIG_GATE_Scene01_Big_Gate.g3d_0_0_1,Native Render,Native ACTORSCOMMONMATERIAL.G2D (m: 57 l: 0),57,LVL07_BIG_GATE_Scene01_Big_Gate.g3d_0_0_1,1311,1025-4096,1,,,,,,,(none),,0.000000,0.000000
3186,0.819200,1,vkCmdDrawIndexed(),Native Render > Render Pass [clear: Depth] > Native ACTORSCOMMONMATERIAL.G2D (m: 54 l: 0) > Material 54 > LVL07_BIG_GATE_Scene01_Big_Gate.g3d_0_0_0,Native Render,Native ACTORSCOMMONMATERIAL.G2D (m: 54 l: 0),54,LVL07_BIG_GATE_Scene01_Big_Gate.g3d_0_0_0,861,257-1024,1,Native Previewer GLSL Blend 256 (ResourceId::15346),"rt0:blend=on,mask=RGBA",test=on write=on func=CompareFunction.Greater,rt0=RGBA,rt0=2D Color Attachment 3466 (ResourceId::3466),2D Depth/Stencil Attachment 3470 (ResourceId::3470),"GSTexImage Image (128, 128) pallete: 0 (ResourceId::8688) (ImageSampler, addr=Wrap,mip=0,cmp=Never)","Pixel:ReadOnlyResources[0:0]=GSTexImage Image (128, 128) pallete: 0 (ResourceId::8688) (ImageSampler, addr=Wrap,mip=0,cmp=Never); Vertex:ReadWriteResources[0:0]=Buffer 1876 (ResourceId::1876) (ReadWriteBuffer, addr=Wrap,mip=0,cmp=AlwaysTrue); Vertex:ReadWriteResources[1:0]=Buffer 1882 (ResourceId::1882) (ReadWriteBuffer, addr=Wrap,mip=0,cmp=AlwaysTrue); Vertex:ReadWriteResources[2:0]=Buffer 1888 (ResourceId::1888) (ReadWriteBuffer, addr=Wrap,mip=0,cmp=AlwaysTrue); Vertex:ReadWriteResources[3:0]=Buffer 1894 (ResourceId::1894) (ReadWriteBuffer, addr=Wrap,mip=0,cmp=AlwaysTrue)",0.000000,6.144000
3199,0.307200,1,vkCmdDrawIndexed(),Native Render > Render Pass [clear: Depth] > Native ACTORSCOMMONMATERIAL.G2D (m: 58 l: 0) > Material 58 > FENCE_RANCH_Scene01_Fence_Ranch.g3d_0_0_0,Native Render,Native ACTORSCOMMONMATERIAL.G2D (m: 58 l: 0),58,FENCE_RANCH_Scene01_Fence_Ranch.g3d_0_0_0,432,257-1024,1,Native Previewer GLSL Blend 256 (ResourceId::15346),"rt0:blend=on,mask=RGBA",test=on write=on func=CompareFunction.Greater,rt0=RGBA,rt0=2D Color Attachment 3466 (ResourceId::3466),2D Depth/Stencil Attachment 3470 (ResourceId::3470),"GSTexImage Image (128, 64) pallete: 0 (ResourceId::8752) (ImageSampler, addr=ClampEdge,mip=0,cmp=Never)","Pixel:ReadOnlyResources[0:0]=GSTexImage Image (128, 64) pallete: 0 (ResourceId::8752) (ImageSampler, addr=ClampEdge,mip=0,cmp=Never); Vertex:ReadWriteResources[0:0]=Buffer 1876 (ResourceId::1876) (ReadWriteBuffer, addr=Wrap,mip=0,cmp=AlwaysTrue); Vertex:ReadWriteResources[1:0]=Buffer 1882 (ResourceId::1882) (ReadWriteBuffer, addr=Wrap,mip=0,cmp=AlwaysTrue); Vertex:ReadWriteResources[2:0]=Buffer 1888 (ResourceId::1888) (ReadWriteBuffer, addr=Wrap,mip=0,cmp=AlwaysTrue); Vertex:ReadWriteResources[3:0]=Buffer 1894 (ResourceId::1894) (ReadWriteBuffer, addr=Wrap,mip=0,cmp=AlwaysTrue)",0.000000,2.048000
3207,0.204800,1,vkCmdDrawIndexed(),Native Render > Render Pass [clear: Depth] > Native ACTORSCOMMONMATERIAL.G2D (m: 58 l: 0) > Material 58 > FENCE_RANCH_Scene01_Fence_Ranch.g3d_0_0_0,Native Render,Native ACTORSCOMMONMATERIAL.G2D (m: 58 l: 0),58,FENCE_RANCH_Scene01_Fence_Ranch.g3d_0_0_0,432,257-1024,1,Native Previewer GLSL Blend 256 (ResourceId::15346),"rt0:blend=on,mask=RGBA",test=on write=on func=CompareFunction.Greater,rt0=RGBA,rt0=2D Color Attachment 3466 (ResourceId::3466),2D Depth/Stencil Attachment 3470 (ResourceId::3470),"GSTexImage Image (128, 64) pallete: 0 (ResourceId::8752) (ImageSampler, addr=ClampEdge,mip=0,cmp=Never)","Pixel:ReadOnlyResources[0:0]=GSTexImage Image (128, 64) pallete: 0 (ResourceId::8752) (ImageSampler, addr=ClampEdge,mip=0,cmp=Never); Vertex:ReadWriteResources[0:0]=Buffer 1876 (ResourceId::1876) (ReadWriteBuffer, addr=Wrap,mip=0,cmp=AlwaysTrue); Vertex:ReadWriteResources[1:0]=Buffer 1882 (ResourceId::1882) (ReadWriteBuffer, addr=Wrap,mip=0,cmp=AlwaysTrue); Vertex:ReadWriteResources[2:0]=Buffer 1888 (ResourceId::1888) (ReadWriteBuffer, addr=Wrap,mip=0,cmp=AlwaysTrue); Vertex:ReadWriteResources[3:0]=Buffer 1894 (ResourceId::1894) (ReadWriteBuffer, addr=Wrap,mip=0,cmp=AlwaysTrue)",0.000000,1.024000
3215,0.000000,1,vkCmdDrawIndexed(),Native Render > Render Pass [clear: Depth] > Native ACTORSCOMMONMATERIAL.G2D (m: 58 l: 0) > Material 58 > FENCE_RANCH_Scene01_Fence_Ranch.g3d_0_0_0,Native Render,Native ACTORSCOMMONMATERIAL.G2D (m: 58 l: 0),58,FENCE_RANCH_Scene01_Fence_Ranch.g3d_0_0_0,432,257-1024,1,,,,,,,(none),,0.000000,0.000000
3223,0.000000,1,vkCmdDrawIndexed(),Native Render > Render Pass [clear: Depth] > Native ACTORSCOMMONMATERIAL.G2D (m: 58 l: 0) > Material 58 > FENCE_RANCH_Scene01_Fence_Ranch.g3d_0_0_0,Native Render,Native ACTORSCOMMONMATERIAL.G2D (m: 58 l: 0),58,FENCE_RANCH_Scene01_Fence_Ranch.g3d_0_0_0,432,257-1024,1,,,,,,,(none),,0.000000,0.000000
3231,0.000000,1,vkCmdDrawIndexed(),Native Render > Render Pass [clear: Depth] > Native ACTORSCOMMONMATERIAL.G2D (m: 58 l: 0) > Material 58 > FENCE_RANCH_Scene01_Fence_Ranch.g3d_0_0_0,Native Render,Native ACTORSCOMMONMATERIAL.G2D (m: 58 l: 0),58,FENCE_RANCH_Scene01_Fence_Ranch.g3d_0_0_0,432,257-1024,1,,,,,,,(none),,0.000000,0.000000
3239,0.102400,1,vkCmdDrawIndexed(),Native Render > Render Pass [clear: Depth] > Native ACTORSCOMMONMATERIAL.G2D (m: 58 l: 0) > Material 58 > FENCE_RANCH_Scene01_Fence_Ranch.g3d_0_0_0,Native Render,Native ACTORSCOMMONMATERIAL.G2D (m: 58 l: 0),58,FENCE_RANCH_Scene01_Fence_Ranch.g3d_0_0_0,432,257-1024,1,Native Previewer GLSL Blend 256 (ResourceId::15346),"rt0:blend=on,mask=RGBA",test=on write=on func=CompareFunction.Greater,rt0=RGBA,rt0=2D Color Attachment 3466 (ResourceId::3466),2D Depth/Stencil Attachment 3470 (ResourceId::3470),"GSTexImage Image (128, 64) pallete: 0 (ResourceId::8752) (ImageSampler, addr=ClampEdge,mip=0,cmp=Never)","Pixel:ReadOnlyResources[0:0]=GSTexImage Image (128, 64) pallete: 0 (ResourceId::8752) (ImageSampler, addr=ClampEdge,mip=0,cmp=Never); Vertex:ReadWriteResources[0:0]=Buffer 1876 (ResourceId::1876) (ReadWriteBuffer, addr=Wrap,mip=0,cmp=AlwaysTrue); Vertex:ReadWriteResources[1:0]=Buffer 1882 (ResourceId::1882) (ReadWriteBuffer, addr=Wrap,mip=0,cmp=AlwaysTrue); Vertex:ReadWriteResources[2:0]=Buffer 1888 (ResourceId::1888) (ReadWriteBuffer, addr=Wrap,mip=0,cmp=AlwaysTrue); Vertex:ReadWriteResources[3:0]=Buffer 1894 (ResourceId::1894) (ReadWriteBuffer, addr=Wrap,mip=0,cmp=AlwaysTrue)",0.000000,1.024000
3247,0.102400,1,vkCmdDrawIndexed(),Native Render > Render Pass [clear: Depth] > Native ACTORSCOMMONMATERIAL.G2D (m: 58 l: 0) > Material 58 > FENCE_RANCH_Scene01_Fence_Ranch.g3d_0_0_0,Native Render,Native ACTORSCOMMONMATERIAL.G2D (m: 58 l: 0),58,FENCE_RANCH_Scene01_Fence_Ranch.g3d_0_0_0,432,257-1024,1,Native Previewer GLSL Blend 256 (ResourceId::15346),"rt0:blend=on,mask=RGBA",test=on write=on func=CompareFunction.Greater,rt0=RGBA,rt0=2D Color Attachment 3466 (ResourceId::3466),2D Depth/Stencil Attachment 3470 (ResourceId::3470),"GSTexImage Image (128, 64) pallete: 0 (ResourceId::8752) (ImageSampler, addr=ClampEdge,mip=0,cmp=Never)","Pixel:ReadOnlyResources[0:0]=GSTexImage Image (128, 64) pallete: 0 (ResourceId::8752) (ImageSampler, addr=ClampEdge,mip=0,cmp=Never); Vertex:ReadWriteResources[0:0]=Buffer 1876 (ResourceId::1876) (ReadWriteBuffer, addr=Wrap,mip=0,cmp=AlwaysTrue); Vertex:ReadWriteResources[1:0]=Buffer 1882 (ResourceId::1882) (ReadWriteBuffer, addr=Wrap,mip=0,cmp=AlwaysTrue); Vertex:ReadWriteResources[2:0]=Buffer 1888 (ResourceId::1888) (ReadWriteBuffer, addr=Wrap,mip=0,cmp=AlwaysTrue); Vertex:ReadWriteResources[3:0]=Buffer 1894 (ResourceId::1894) (ReadWriteBuffer, addr=Wrap,mip=0,cmp=AlwaysTrue)",0.000000,1.024000
3255,0.000000,1,vkCmdDrawIndexed(),Native Render > Render Pass [clear: Depth] > Native ACTORSCOMMONMATERIAL.G2D (m: 58 l: 0) > Material 58 > FENCE_RANCH_Scene01_Fence_Ranch.g3d_0_0_0,Native Render,Native ACTORSCOMMONMATERIAL.G2D (m: 58 l: 0),58,FENCE_RANCH_Scene01_Fence_Ranch.g3d_0_0_0,432,257-1024,1,,,,,,,(none),,0.000000,0.000000
3263,0.000000,1,vkCmdDrawIndexed(),Native Render > Render Pass [clear: Depth] > Native ACTORSCOMMONMATERIAL.G2D (m: 58 l: 0) > Material 58 > FENCE_RANCH_Scene01_Fence_Ranch.g3d_0_0_0,Native Render,Native ACTORSCOMMONMATERIAL.G2D (m: 58 l: 0),58,FENCE_RANCH_Scene01_Fence_Ranch.g3d_0_0_0,432,257-1024,1,,,,,,,(none),,0.000000,0.000000
3271,0.102400,1,vkCmdDrawIndexed(),Native Render > Render Pass [clear: Depth] > Native ACTORSCOMMONMATERIAL.G2D (m: 58 l: 0) > Material 58 > FENCE_RANCH_Scene01_Fence_Ranch.g3d_0_0_0,Native Render,Native ACTORSCOMMONMATERIAL.G2D (m: 58 l: 0),58,FENCE_RANCH_Scene01_Fence_Ranch.g3d_0_0_0,432,257-1024,1,Native Previewer GLSL Blend 256 (ResourceId::15346),"rt0:blend=on,mask=RGBA",test=on write=on func=CompareFunction.Greater,rt0=RGBA,rt0=2D Color Attachment 3466 (ResourceId::3466),2D Depth/Stencil Attachment 3470 (ResourceId::3470),"GSTexImage Image (128, 64) pallete: 0 (ResourceId::8752) (ImageSampler, addr=ClampEdge,mip=0,cmp=Never)","Pixel:ReadOnlyResources[0:0]=GSTexImage Image (128, 64) pallete: 0 (ResourceId::8752) (ImageSampler, addr=ClampEdge,mip=0,cmp=Never); Vertex:ReadWriteResources[0:0]=Buffer 1876 (ResourceId::1876) (ReadWriteBuffer, addr=Wrap,mip=0,cmp=AlwaysTrue); Vertex:ReadWriteResources[1:0]=Buffer 1882 (ResourceId::1882) (ReadWriteBuffer, addr=Wrap,mip=0,cmp=AlwaysTrue); Vertex:ReadWriteResources[2:0]=Buffer 1888 (ResourceId::1888) (ReadWriteBuffer, addr=Wrap,mip=0,cmp=AlwaysTrue); Vertex:ReadWriteResources[3:0]=Buffer 1894 (ResourceId::1894) (ReadWriteBuffer, addr=Wrap,mip=0,cmp=AlwaysTrue)",0.000000,1.024000
3283,0.000000,1,vkCmdDrawIndexed(),Native Render > Render Pass [clear: Depth] > Native AIRCANON_Scene Root_AirCanon.g2d (m: 0 l: 0) > AIRCANON_Scene Root_AirCanon.g3d_0_0_1,Native Render,Native AIRCANON_Scene Root_AirCanon.g2d (m: 0 l: 0),0,AIRCANON_Scene Root_AirCanon.g3d_0_0_1,207,49-256,1,,,,,,,(none),,0.000000,0.000000
3291,0.000000,1,vkCmdDrawIndexed(),Native Render > Render Pass [clear: Depth] > Native AIRCANON_Scene Root_AirCanon.g2d (m: 0 l: 0) > AIRCANON_Scene Root_AirCanon.g3d_0_0_0,Native Render,Native AIRCANON_Scene Root_AirCanon.g2d (m: 0 l: 0),0,AIRCANON_Scene Root_AirCanon.g3d_0_0_0,2856,1025-4096,1,,,,,,,(none),,0.000000,0.000000
3302,2.457600,1,vkCmdDrawIndexed(),Native Render > Render Pass [clear: Depth] > Native PARTSLAB_Scene01_PartSlab.g2d (m: 0 l: 0) > PARTSLAB_Scene01_PartSlab.g3d_0_0_0,Native Render,Native PARTSLAB_Scene01_PartSlab.g2d (m: 0 l: 0),0,PARTSLAB_Scene01_PartSlab.g3d_0_0_0,195,49-256,1,Native Previewer GLSL Blend 256 (ResourceId::15346),"rt0:blend=on,mask=RGBA",test=on write=on func=CompareFunction.Greater,rt0=RGBA,rt0=2D Color Attachment 3466 (ResourceId::3466),2D Depth/Stencil Attachment 3470 (ResourceId::3470),"GSTexImage Image (64, 64) pallete: 0 (ResourceId::7552) (ImageSampler, addr=ClampEdge,mip=0,cmp=Never)","Pixel:ReadOnlyResources[0:0]=GSTexImage Image (64, 64) pallete: 0 (ResourceId::7552) (ImageSampler, addr=ClampEdge,mip=0,cmp=Never); Vertex:ReadWriteResources[0:0]=Buffer 1876 (ResourceId::1876) (ReadWriteBuffer, addr=Wrap,mip=0,cmp=AlwaysTrue); Vertex:ReadWriteResources[1:0]=Buffer 1882 (ResourceId::1882) (ReadWriteBuffer, addr=Wrap,mip=0,cmp=AlwaysTrue); Vertex:ReadWriteResources[2:0]=Buffer 1888 (ResourceId::1888) (ReadWriteBuffer, addr=Wrap,mip=0,cmp=AlwaysTrue); Vertex:ReadWriteResources[3:0]=Buffer 1894 (ResourceId::1894) (ReadWriteBuffer, addr=Wrap,mip=0,cmp=AlwaysTrue)",0.000000,8.192000
3310,1.945600,1,vkCmdDrawIndexed(),Native Render > Render Pass [clear: Depth] > Native PARTSLAB_Scene01_PartSlab.g2d (m: 0 l: 0) > PARTSLAB_Scene01_PartSlab.g3d_0_0_0,Native Render,Native PARTSLAB_Scene01_PartSlab.g2d (m: 0 l: 0),0,PARTSLAB_Scene01_PartSlab.g3d_0_0_0,195,49-256,1,Native Previewer GLSL Blend 256 (ResourceId::15346),"rt0:blend=on,mask=RGBA",test=on write=on func=CompareFunction.Greater,rt0=RGBA,rt0=2D Color Attachment 3466 (ResourceId::3466),2D Depth/Stencil Attachment 3470 (ResourceId::3470),"GSTexImage Image (64, 64) pallete: 0 (ResourceId::7552) (ImageSampler, addr=ClampEdge,mip=0,cmp=Never)","Pixel:ReadOnlyResources[0:0]=GSTexImage Image (64, 64) pallete: 0 (ResourceId::7552) (ImageSampler, addr=ClampEdge,mip=0,cmp=Never); Vertex:ReadWriteResources[0:0]=Buffer 1876 (ResourceId::1876) (ReadWriteBuffer, addr=Wrap,mip=0,cmp=AlwaysTrue); Vertex:ReadWriteResources[1:0]=Buffer 1882 (ResourceId::1882) (ReadWriteBuffer, addr=Wrap,mip=0,cmp=AlwaysTrue); Vertex:ReadWriteResources[2:0]=Buffer 1888 (ResourceId::1888) (ReadWriteBuffer, addr=Wrap,mip=0,cmp=AlwaysTrue); Vertex:ReadWriteResources[3:0]=Buffer 1894 (ResourceId::1894) (ReadWriteBuffer, addr=Wrap,mip=0,cmp=AlwaysTrue)",0.000000,11.264000
3318,0.000000,1,vkCmdDrawIndexed(),Native Render > Render Pass [clear: Depth] > Native PARTSLAB_Scene01_PartSlab.g2d (m: 0 l: 0) > PARTSLAB_Scene01_PartSlab.g3d_0_0_0,Native Render,Native PARTSLAB_Scene01_PartSlab.g2d (m: 0 l: 0),0,PARTSLAB_Scene01_PartSlab.g3d_0_0_0,195,49-256,1,,,,,,,(none),,0.000000,0.000000
3326,0.102400,1,vkCmdDrawIndexed(),Native Render > Render Pass [clear: Depth] > Native PARTSLAB_Scene01_PartSlab.g2d (m: 0 l: 0) > PARTSLAB_Scene01_PartSlab.g3d_0_0_0,Native Render,Native PARTSLAB_Scene01_PartSlab.g2d (m: 0 l: 0),0,PARTSLAB_Scene01_PartSlab.g3d_0_0_0,195,49-256,1,Native Previewer GLSL Blend 256 (ResourceId::15346),"rt0:blend=on,mask=RGBA",test=on write=on func=CompareFunction.Greater,rt0=RGBA,rt0=2D Color Attachment 3466 (ResourceId::3466),2D Depth/Stencil Attachment 3470 (ResourceId::3470),"GSTexImage Image (64, 64) pallete: 0 (ResourceId::7552) (ImageSampler, addr=ClampEdge,mip=0,cmp=Never)","Pixel:ReadOnlyResources[0:0]=GSTexImage Image (64, 64) pallete: 0 (ResourceId::7552) (ImageSampler, addr=ClampEdge,mip=0,cmp=Never); Vertex:ReadWriteResources[0:0]=Buffer 1876 (ResourceId::1876) (ReadWriteBuffer, addr=Wrap,mip=0,cmp=AlwaysTrue); Vertex:ReadWriteResources[1:0]=Buffer 1882 (ResourceId::1882) (ReadWriteBuffer, addr=Wrap,mip=0,cmp=AlwaysTrue); Vertex:ReadWriteResources[2:0]=Buffer 1888 (ResourceId::1888) (ReadWriteBuffer, addr=Wrap,mip=0,cmp=AlwaysTrue); Vertex:ReadWriteResources[3:0]=Buffer 1894 (ResourceId::1894) (ReadWriteBuffer, addr=Wrap,mip=0,cmp=AlwaysTrue)",0.000000,1.024000
3338,0.000000,1,vkCmdDrawIndexed(),Native Render > Render Pass [clear: Depth] > Native TELEPORTER_LVL_DOOR_Scene01_Cap.g2d (m: 1 l: 0) > Material 1 > TELEPORTER_LVL_DOOR_Scene01_Cap.g3d_0_0_1,Native Render,Native TELEPORTER_LVL_DOOR_Scene01_Cap.g2d (m: 1 l: 0),1,TELEPORTER_LVL_DOOR_Scene01_Cap.g3d_0_0_1,1827,1025-4096,1,,,,,,,(none),,0.000000,0.000000
3351,0.000000,1,vkCmdDrawIndexed(),Native Render > Render Pass [clear: Depth] > Native TELEPORTER_LVL_DOOR_Scene01_Cap.g2d (m: 0 l: 0) > Material 0 > TELEPORTER_LVL_DOOR_Scene01_Cap.g3d_0_0_0,Native Render,Native TELEPORTER_LVL_DOOR_Scene01_Cap.g2d (m: 0 l: 0),0,TELEPORTER_LVL_DOOR_Scene01_Cap.g3d_0_0_0,345,257-1024,1,,,,,,,(none),,0.000000,0.000000
3364,0.614400,1,vkCmdDrawIndexed(),Native Render > Render Pass [clear: Depth] > Native FENCE_PICK_Scene01_Fence_Pick.g2d (m: 1 l: 0) > Material 1 > FENCE_PICK_Scene01_Fence_Pick.g3d_0_0_1,Native Render,Native FENCE_PICK_Scene01_Fence_Pick.g2d (m: 1 l: 0),1,FENCE_PICK_Scene01_Fence_Pick.g3d_0_0_1,165,49-256,1,Native Previewer GLSL Blend 256 (ResourceId::15346),"rt0:blend=on,mask=RGBA",test=on write=on func=CompareFunction.Greater,rt0=RGBA,rt0=2D Color Attachment 3466 (ResourceId::3466),2D Depth/Stencil Attachment 3470 (ResourceId::3470),"GSTexImage Image (128, 32) pallete: 0 (ResourceId::11568) (ImageSampler, addr=ClampEdge,mip=0,cmp=Never)","Pixel:ReadOnlyResources[0:0]=GSTexImage Image (128, 32) pallete: 0 (ResourceId::11568) (ImageSampler, addr=ClampEdge,mip=0,cmp=Never); Vertex:ReadWriteResources[0:0]=Buffer 1876 (ResourceId::1876) (ReadWriteBuffer, addr=Wrap,mip=0,cmp=AlwaysTrue); Vertex:ReadWriteResources[1:0]=Buffer 1882 (ResourceId::1882) (ReadWriteBuffer, addr=Wrap,mip=0,cmp=AlwaysTrue); Vertex:ReadWriteResources[2:0]=Buffer 1888 (ResourceId::1888) (ReadWriteBuffer, addr=Wrap,mip=0,cmp=AlwaysTrue); Vertex:ReadWriteResources[3:0]=Buffer 1894 (ResourceId::1894) (ReadWriteBuffer, addr=Wrap,mip=0,cmp=AlwaysTrue)",0.000000,5.120000
3372,0.000000,1,vkCmdDrawIndexed(),Native Render > Render Pass [clear: Depth] > Native FENCE_PICK_Scene01_Fence_Pick.g2d (m: 1 l: 0) > Material 1 > FENCE_PICK_Scene01_Fence_Pick.g3d_0_0_1,Native Render,Native FENCE_PICK_Scene01_Fence_Pick.g2d (m: 1 l: 0),1,FENCE_PICK_Scene01_Fence_Pick.g3d_0_0_1,165,49-256,1,,,,,,,(none),,0.000000,0.000000
3380,0.102400,1,vkCmdDrawIndexed(),Native Render > Render Pass [clear: Depth] > Native FENCE_PICK_Scene01_Fence_Pick.g2d (m: 1 l: 0) > Material 1 > FENCE_PICK_Scene01_Fence_Pick.g3d_0_0_1,Native Render,Native FENCE_PICK_Scene01_Fence_Pick.g2d (m: 1 l: 0),1,FENCE_PICK_Scene01_Fence_Pick.g3d_0_0_1,165,49-256,1,Native Previewer GLSL Blend 256 (ResourceId::15346),"rt0:blend=on,mask=RGBA",test=on write=on func=CompareFunction.Greater,rt0=RGBA,rt0=2D Color Attachment 3466 (ResourceId::3466),2D Depth/Stencil Attachment 3470 (ResourceId::3470),"GSTexImage Image (128, 32) pallete: 0 (ResourceId::11568) (ImageSampler, addr=ClampEdge,mip=0,cmp=Never)","Pixel:ReadOnlyResources[0:0]=GSTexImage Image (128, 32) pallete: 0 (ResourceId::11568) (ImageSampler, addr=ClampEdge,mip=0,cmp=Never); Vertex:ReadWriteResources[0:0]=Buffer 1876 (ResourceId::1876) (ReadWriteBuffer, addr=Wrap,mip=0,cmp=AlwaysTrue); Vertex:ReadWriteResources[1:0]=Buffer 1882 (ResourceId::1882) (ReadWriteBuffer, addr=Wrap,mip=0,cmp=AlwaysTrue); Vertex:ReadWriteResources[2:0]=Buffer 1888 (ResourceId::1888) (ReadWriteBuffer, addr=Wrap,mip=0,cmp=AlwaysTrue); Vertex:ReadWriteResources[3:0]=Buffer 1894 (ResourceId::1894) (ReadWriteBuffer, addr=Wrap,mip=0,cmp=AlwaysTrue)",0.000000,1.024000
3388,0.000000,1,vkCmdDrawIndexed(),Native Render > Render Pass [clear: Depth] > Native FENCE_PICK_Scene01_Fence_Pick.g2d (m: 1 l: 0) > Material 1 > FENCE_PICK_Scene01_Fence_Pick.g3d_0_0_1,Native Render,Native FENCE_PICK_Scene01_Fence_Pick.g2d (m: 1 l: 0),1,FENCE_PICK_Scene01_Fence_Pick.g3d_0_0_1,165,49-256,1,,,,,,,(none),,0.000000,0.000000
3396,0.000000,1,vkCmdDrawIndexed(),Native Render > Render Pass [clear: Depth] > Native FENCE_PICK_Scene01_Fence_Pick.g2d (m: 1 l: 0) > Material 1 > FENCE_PICK_Scene01_Fence_Pick.g3d_0_0_1,Native Render,Native FENCE_PICK_Scene01_Fence_Pick.g2d (m: 1 l: 0),1,FENCE_PICK_Scene01_Fence_Pick.g3d_0_0_1,165,49-256,1,,,,,,,(none),,0.000000,0.000000
3409,0.614400,1,vkCmdDrawIndexed(),Native Render > Render Pass [clear: Depth] > Native KIM_Scene01_L.O.D..g2d (m: 15 l: 0) > Material 15 > KIM_Scene01_L.O.D..g3d_0_1_10,Native Render,Native KIM_Scene01_L.O.D..g2d (m: 15 l: 0),15,KIM_Scene01_L.O.D..g3d_0_1_10,72,49-256,1,Native Previewer GLSL Blend 256 (ResourceId::15346),"rt0:blend=on,mask=RGBA",test=on write=on func=CompareFunction.Greater,rt0=RGBA,rt0=2D Color Attachment 3466 (ResourceId::3466),2D Depth/Stencil Attachment 3470 (ResourceId::3470),"GSTexImage Image (64, 64) pallete: 0 (ResourceId::10992) (ImageSampler, addr=ClampEdge,mip=0,cmp=Never)","Pixel:ReadOnlyResources[0:0]=GSTexImage Image (64, 64) pallete: 0 (ResourceId::10992) (ImageSampler, addr=ClampEdge,mip=0,cmp=Never); Vertex:ReadWriteResources[0:0]=Buffer 1876 (ResourceId::1876) (ReadWriteBuffer, addr=Wrap,mip=0,cmp=AlwaysTrue); Vertex:ReadWriteResources[1:0]=Buffer 1882 (ResourceId::1882) (ReadWriteBuffer, addr=Wrap,mip=0,cmp=AlwaysTrue); Vertex:ReadWriteResources[2:0]=Buffer 1888 (ResourceId::1888) (ReadWriteBuffer, addr=Wrap,mip=0,cmp=AlwaysTrue); Vertex:ReadWriteResources[3:0]=Buffer 1894 (ResourceId::1894) (ReadWriteBuffer, addr=Wrap,mip=0,cmp=AlwaysTrue)",0.000000,5.120000
3422,0.000000,1,vkCmdDrawIndexed(),Native Render > Render Pass [clear: Depth] > Native ACTORSCOMMONMATERIAL.G2D (m: 7 l: 0) > Material 7 > KIM_Scene01_L.O.D..g3d_0_1_5,Native Render,Native ACTORSCOMMONMATERIAL.G2D (m: 7 l: 0),7,KIM_Scene01_L.O.D..g3d_0_1_5,165,49-256,1,,,,,,,(none),,0.000000,0.000000
3435,0.921600,1,vkCmdDrawIndexed(),Native Render > Render Pass [clear: Depth] > Native ACTORSCOMMONMATERIAL.G2D (m: 26 l: 0) > Material 26 > KIM_Scene01_L.O.D..g3d_0_1_1,Native Render,Native ACTORSCOMMONMATERIAL.G2D (m: 26 l: 0),26,KIM_Scene01_L.O.D..g3d_0_1_1,645,257-1024,1,Native Previewer GLSL Blend 256 (ResourceId::15346),"rt0:blend=on,mask=RGBA",test=on write=on func=CompareFunction.Greater,rt0=RGBA,rt0=2D Color Attachment 3466 (ResourceId::3466),2D Depth/Stencil Attachment 3470 (ResourceId::3470),"GSTexImage Image (64, 64) pallete: 0 (ResourceId::8208) (ImageSampler, addr=ClampEdge,mip=0,cmp=Never)","Pixel:ReadOnlyResources[0:0]=GSTexImage Image (64, 64) pallete: 0 (ResourceId::8208) (ImageSampler, addr=ClampEdge,mip=0,cmp=Never); Vertex:ReadWriteResources[0:0]=Buffer 1876 (ResourceId::1876) (ReadWriteBuffer, addr=Wrap,mip=0,cmp=AlwaysTrue); Vertex:ReadWriteResources[1:0]=Buffer 1882 (ResourceId::1882) (ReadWriteBuffer, addr=Wrap,mip=0,cmp=AlwaysTrue); Vertex:ReadWriteResources[2:0]=Buffer 1888 (ResourceId::1888) (ReadWriteBuffer, addr=Wrap,mip=0,cmp=AlwaysTrue); Vertex:ReadWriteResources[3:0]=Buffer 1894 (ResourceId::1894) (ReadWriteBuffer, addr=Wrap,mip=0,cmp=AlwaysTrue)",0.000000,3.072000
3448,0.102400,1,vkCmdDrawIndexed(),Native Render > Render Pass [clear: Depth] > Native SECT1.g2d (m: 50 l: 0) > Material 50 > SECT1.g3d_4_0_59,Native Render,Native SECT1.g2d (m: 50 l: 0),50,SECT1.g3d_4_0_59,12,4-12,1,Native Previewer GLSL Blend 256 (ResourceId::15346),"rt0:blend=on,mask=RGBA",test=on write=on func=CompareFunction.Greater,rt0=RGBA,rt0=2D Color Attachment 3466 (ResourceId::3466),2D Depth/Stencil Attachment 3470 (ResourceId::3470),"GSTexImage Image (8, 8) pallete: 0 (ResourceId::12592) (ImageSampler, addr=ClampEdge,mip=0,cmp=Never)","Pixel:ReadOnlyResources[0:0]=GSTexImage Image (8, 8) pallete: 0 (ResourceId::12592) (ImageSampler, addr=ClampEdge,mip=0,cmp=Never); Vertex:ReadWriteResources[0:0]=Buffer 1876 (ResourceId::1876) (ReadWriteBuffer, addr=Wrap,mip=0,cmp=AlwaysTrue); Vertex:ReadWriteResources[1:0]=Buffer 1882 (ResourceId::1882) (ReadWriteBuffer, addr=Wrap,mip=0,cmp=AlwaysTrue); Vertex:ReadWriteResources[2:0]=Buffer 1888 (ResourceId::1888) (ReadWriteBuffer, addr=Wrap,mip=0,cmp=AlwaysTrue); Vertex:ReadWriteResources[3:0]=Buffer 1894 (ResourceId::1894) (ReadWriteBuffer, addr=Wrap,mip=0,cmp=AlwaysTrue)",0.000000,1.024000
3456,0.000000,1,vkCmdDrawIndexed(),Native Render > Render Pass [clear: Depth] > Native SECT1.g2d (m: 50 l: 0) > Material 50 > SECT1.g3d_2_0_84,Native Render,Native SECT1.g2d (m: 50 l: 0),50,SECT1.g3d_2_0_84,12,4-12,1,,,,,,,(none),,0.000000,0.000000
3469,4.198400,1,vkCmdDrawIndexed(),Native Render > Render Pass [clear: Depth] > Native SECT1.g2d (m: 9 l: 0) > Material 9 > SECT1.g3d_1_0_0,Native Render,Native SECT1.g2d (m: 9 l: 0),9,SECT1.g3d_1_0_0,396,257-1024,1,Native Previewer GLSL Blend 256 (ResourceId::15346),"rt0:blend=on,mask=RGBA",test=on write=on func=CompareFunction.Greater,rt0=RGBA,rt0=2D Color Attachment 3466 (ResourceId::3466),2D Depth/Stencil Attachment 3470 (ResourceId::3470),"GSTexImage Image (128, 64) pallete: 0 (ResourceId::11936) (ImageSampler, addr=ClampEdge,mip=0,cmp=Never)","Pixel:ReadOnlyResources[0:0]=GSTexImage Image (128, 64) pallete: 0 (ResourceId::11936) (ImageSampler, addr=ClampEdge,mip=0,cmp=Never); Vertex:ReadWriteResources[0:0]=Buffer 1876 (ResourceId::1876) (ReadWriteBuffer, addr=Wrap,mip=0,cmp=AlwaysTrue); Vertex:ReadWriteResources[1:0]=Buffer 1882 (ResourceId::1882) (ReadWriteBuffer, addr=Wrap,mip=0,cmp=AlwaysTrue); Vertex:ReadWriteResources[2:0]=Buffer 1888 (ResourceId::1888) (ReadWriteBuffer, addr=Wrap,mip=0,cmp=AlwaysTrue); Vertex:ReadWriteResources[3:0]=Buffer 1894 (ResourceId::1894) (ReadWriteBuffer, addr=Wrap,mip=0,cmp=AlwaysTrue)",0.000000,20.480000
3477,0.921600,1,vkCmdDrawIndexed(),Native Render > Render Pass [clear: Depth] > Native SECT1.g2d (m: 9 l: 0) > Material 9 > SECT1.g3d_0_0_0,Native Render,Native SECT1.g2d (m: 9 l: 0),9,SECT1.g3d_0_0_0,1266,1025-4096,1,Native Previewer GLSL Blend 256 (ResourceId::15346),"rt0:blend=on,mask=RGBA",test=on write=on func=CompareFunction.Greater,rt0=RGBA,rt0=2D Color Attachment 3466 (ResourceId::3466),2D Depth/Stencil Attachment 3470 (ResourceId::3470),"GSTexImage Image (128, 64) pallete: 0 (ResourceId::11936) (ImageSampler, addr=ClampEdge,mip=0,cmp=Never)","Pixel:ReadOnlyResources[0:0]=GSTexImage Image (128, 64) pallete: 0 (ResourceId::11936) (ImageSampler, addr=ClampEdge,mip=0,cmp=Never); Vertex:ReadWriteResources[0:0]=Buffer 1876 (ResourceId::1876) (ReadWriteBuffer, addr=Wrap,mip=0,cmp=AlwaysTrue); Vertex:ReadWriteResources[1:0]=Buffer 1882 (ResourceId::1882) (ReadWriteBuffer, addr=Wrap,mip=0,cmp=AlwaysTrue); Vertex:ReadWriteResources[2:0]=Buffer 1888 (ResourceId::1888) (ReadWriteBuffer, addr=Wrap,mip=0,cmp=AlwaysTrue); Vertex:ReadWriteResources[3:0]=Buffer 1894 (ResourceId::1894) (ReadWriteBuffer, addr=Wrap,mip=0,cmp=AlwaysTrue)",0.000000,4.096000
3490,0.000000,1,vkCmdDrawIndexed(),Native Render > Render Pass [clear: Depth] > Native SECT1.g2d (m: 37 l: 0) > Material 37 > SECT1.g3d_217,Native Render,Native SECT1.g2d (m: 37 l: 0),37,SECT1.g3d_217,309,257-1024,1,,,,,,,(none),,0.000000,0.000000
3503,0.716800,1,vkCmdDrawIndexed(),Native Render > Render Pass [clear: Depth] > Native SECT1.g2d (m: 36 l: 0) > Material 36 > SECT1.g3d_4_0_69,Native Render,Native SECT1.g2d (m: 36 l: 0),36,SECT1.g3d_4_0_69,231,49-256,1,Native Previewer GLSL Blend 256 (ResourceId::15346),"rt0:blend=on,mask=RGBA",test=on write=on func=CompareFunction.Greater,rt0=RGBA,rt0=2D Color Attachment 3466 (ResourceId::3466),2D Depth/Stencil Attachment 3470 (ResourceId::3470),"GSTexImage Image (128, 128) pallete: 0 (ResourceId::12368) (ImageSampler, addr=ClampEdge,mip=0,cmp=Never)","Pixel:ReadOnlyResources[0:0]=GSTexImage Image (128, 128) pallete: 0 (ResourceId::12368) (ImageSampler, addr=ClampEdge,mip=0,cmp=Never); Vertex:ReadWriteResources[0:0]=Buffer 1876 (ResourceId::1876) (ReadWriteBuffer, addr=Wrap,mip=0,cmp=AlwaysTrue); Vertex:ReadWriteResources[1:0]=Buffer 1882 (ResourceId::1882) (ReadWriteBuffer, addr=Wrap,mip=0,cmp=AlwaysTrue); Vertex:ReadWriteResources[2:0]=Buffer 1888 (ResourceId::1888) (ReadWriteBuffer, addr=Wrap,mip=0,cmp=AlwaysTrue); Vertex:ReadWriteResources[3:0]=Buffer 1894 (ResourceId::1894) (ReadWriteBuffer, addr=Wrap,mip=0,cmp=AlwaysTrue)",0.000000,6.144000
3511,0.000000,1,vkCmdDrawIndexed(),Native Render > Render Pass [clear: Depth] > Native SECT1.g2d (m: 36 l: 0) > Material 36 > SECT1.g3d_216,Native Render,Native SECT1.g2d (m: 36 l: 0),36,SECT1.g3d_216,228,49-256,1,,,,,,,(none),,0.000000,0.000000
3519,0.000000,1,vkCmdDrawIndexed(),Native Render > Render Pass [clear: Depth] > Native SECT1.g2d (m: 36 l: 0) > Material 36 > SECT1.g3d_214,Native Render,Native SECT1.g2d (m: 36 l: 0),36,SECT1.g3d_214,453,257-1024,1,,,,,,,(none),,0.000000,0.000000
3527,0.000000,1,vkCmdDrawIndexed(),Native Render > Render Pass [clear: Depth] > Native SECT1.g2d (m: 36 l: 0) > Material 36 > SECT1.g3d_121,Native Render,Native SECT1.g2d (m: 36 l: 0),36,SECT1.g3d_121,228,49-256,1,,,,,,,(none),,0.000000,0.000000
3540,0.000000,1,vkCmdDrawIndexed(),Native Render > Render Pass [clear: Depth] > Native SECT1.g2d (m: 20 l: 0) > Material 20 > SECT1.g3d_5_0_27,Native Render,Native SECT1.g2d (m: 20 l: 0),20,SECT1.g3d_5_0_27,84,49-256,1,,,,,,,(none),,0.000000,0.000000
3548,0.000000,1,vkCmdDrawIndexed(),Native Render > Render Pass [clear: Depth] > Native SECT1.g2d (m: 20 l: 0) > Material 20 > SECT1.g3d_5_0_25,Native Render,Native SECT1.g2d (m: 20 l: 0),20,SECT1.g3d_5_0_25,342,257-1024,1,,,,,,,(none),,0.000000,0.000000
3556,0.819200,1,vkCmdDrawIndexed(),Native Render > Render Pass [clear: Depth] > Native SECT1.g2d (m: 20 l: 0) > Material 20 > SECT1.g3d_5_0_24,Native Render,Native SECT1.g2d (m: 20 l: 0),20,SECT1.g3d_5_0_24,252,49-256,1,Native Previewer GLSL Blend 256 (ResourceId::15346),"rt0:blend=on,mask=RGBA",test=on write=on func=CompareFunction.Greater,rt0=RGBA,rt0=2D Color Attachment 3466 (ResourceId::3466),2D Depth/Stencil Attachment 3470 (ResourceId::3470),"GSTexImage Image (64, 32) pallete: 0 (ResourceId::12112) (ImageSampler, addr=Wrap,mip=0,cmp=Never)","Pixel:ReadOnlyResources[0:0]=GSTexImage Image (64, 32) pallete: 0 (ResourceId::12112) (ImageSampler, addr=Wrap,mip=0,cmp=Never); Vertex:ReadWriteResources[0:0]=Buffer 1876 (ResourceId::1876) (ReadWriteBuffer, addr=Wrap,mip=0,cmp=AlwaysTrue); Vertex:ReadWriteResources[1:0]=Buffer 1882 (ResourceId::1882) (ReadWriteBuffer, addr=Wrap,mip=0,cmp=AlwaysTrue); Vertex:ReadWriteResources[2:0]=Buffer 1888 (ResourceId::1888) (ReadWriteBuffer, addr=Wrap,mip=0,cmp=AlwaysTrue); Vertex:ReadWriteResources[3:0]=Buffer 1894 (ResourceId::1894) (ReadWriteBuffer, addr=Wrap,mip=0,cmp=AlwaysTrue)",0.000000,8.192000
3564,0.000000,1,vkCmdDrawIndexed(),Native Render > Render Pass [clear: Depth] > Native SECT1.g2d (m: 20 l: 0) > Material 20 > SECT1.g3d_5_0_21,Native Render,Native SECT1.g2d (m: 20 l: 0),20,SECT1.g3d_5_0_21,642,257-1024,1,,,,,,,(none),,0.000000,0.000000
3572,0.000000,1,vkCmdDrawIndexed(),Native Render > Render Pass [clear: Depth] > Native SECT1.g2d (m: 20 l: 0) > Material 20 > SECT1.g3d_4_0_70,Native Render,Native SECT1.g2d (m: 20 l: 0),20,SECT1.g3d_4_0_70,222,49-256,1,,,,,,,(none),,0.000000,0.000000
3580,0.000000,1,vkCmdDrawIndexed(),Native Render > Render Pass [clear: Depth] > Native SECT1.g2d (m: 20 l: 0) > Material 20 > SECT1.g3d_4_0_51,Native Render,Native SECT1.g2d (m: 20 l: 0),20,SECT1.g3d_4_0_51,1071,1025-4096,1,,,,,,,(none),,0.000000,0.000000
3588,0.000000,1,vkCmdDrawIndexed(),Native Render > Render Pass [clear: Depth] > Native SECT1.g2d (m: 20 l: 0) > Material 20 > SECT1.g3d_4_0_13,Native Render,Native SECT1.g2d (m: 20 l: 0),20,SECT1.g3d_4_0_13,198,49-256,1,,,,,,,(none),,0.000000,0.000000
3596,0.000000,1,vkCmdDrawIndexed(),Native Render > Render Pass [clear: Depth] > Native SECT1.g2d (m: 20 l: 0) > Material 20 > SECT1.g3d_2_0_73,Native Render,Native SECT1.g2d (m: 20 l: 0),20,SECT1.g3d_2_0_73,42,13-48,1,,,,,,,(none),,0.000000,0.000000
3604,0.000000,1,vkCmdDrawIndexed(),Native Render > Render Pass [clear: Depth] > Native SECT1.g2d (m: 20 l: 0) > Material 20 > SECT1.g3d_2_0_54,Native Render,Native SECT1.g2d (m: 20 l: 0),20,SECT1.g3d_2_0_54,1038,1025-4096,1,,,,,,,(none),,0.000000,0.000000
3612,0.000000,1,vkCmdDrawIndexed(),Native Render > Render Pass [clear: Depth] > Native SECT1.g2d (m: 20 l: 0) > Material 20 > SECT1.g3d_2_0_46,Native Render,Native SECT1.g2d (m: 20 l: 0),20,SECT1.g3d_2_0_46,1038,1025-4096,1,,,,,,,(none),,0.000000,0.000000
3620,0.000000,1,vkCmdDrawIndexed(),Native Render > Render Pass [clear: Depth] > Native SECT1.g2d (m: 20 l: 0) > Material 20 > SECT1.g3d_2_0_11,Native Render,Native SECT1.g2d (m: 20 l: 0),20,SECT1.g3d_2_0_11,1032,1025-4096,1,,,,,,,(none),,0.000000,0.000000
3628,0.000000,1,vkCmdDrawIndexed(),Native Render > Render Pass [clear: Depth] > Native SECT1.g2d (m: 20 l: 0) > Material 20 > SECT1.g3d_2_0_9,Native Render,Native SECT1.g2d (m: 20 l: 0),20,SECT1.g3d_2_0_9,1512,1025-4096,1,,,,,,,(none),,0.000000,0.000000
3636,0.102400,1,vkCmdDrawIndexed(),Native Render > Render Pass [clear: Depth] > Native SECT1.g2d (m: 20 l: 0) > Material 20 > SECT1.g3d_219,Native Render,Native SECT1.g2d (m: 20 l: 0),20,SECT1.g3d_219,570,257-1024,1,Native Previewer GLSL Blend 256 (ResourceId::15346),"rt0:blend=on,mask=RGBA",test=on write=on func=CompareFunction.Greater,rt0=RGBA,rt0=2D Color Attachment 3466 (ResourceId::3466),2D Depth/Stencil Attachment 3470 (ResourceId::3470),"GSTexImage Image (64, 32) pallete: 0 (ResourceId::12112) (ImageSampler, addr=Wrap,mip=0,cmp=Never)","Pixel:ReadOnlyResources[0:0]=GSTexImage Image (64, 32) pallete: 0 (ResourceId::12112) (ImageSampler, addr=Wrap,mip=0,cmp=Never); Vertex:ReadWriteResources[0:0]=Buffer 1876 (ResourceId::1876) (ReadWriteBuffer, addr=Wrap,mip=0,cmp=AlwaysTrue); Vertex:ReadWriteResources[1:0]=Buffer 1882 (ResourceId::1882) (ReadWriteBuffer, addr=Wrap,mip=0,cmp=AlwaysTrue); Vertex:ReadWriteResources[2:0]=Buffer 1888 (ResourceId::1888) (ReadWriteBuffer, addr=Wrap,mip=0,cmp=AlwaysTrue); Vertex:ReadWriteResources[3:0]=Buffer 1894 (ResourceId::1894) (ReadWriteBuffer, addr=Wrap,mip=0,cmp=AlwaysTrue)",0.000000,1.024000
3644,0.614400,1,vkCmdDrawIndexed(),Native Render > Render Pass [clear: Depth] > Native SECT1.g2d (m: 20 l: 0) > Material 20 > SECT1.g3d_199,Native Render,Native SECT1.g2d (m: 20 l: 0),20,SECT1.g3d_199,1119,1025-4096,1,Native Previewer GLSL Blend 256 (ResourceId::15346),"rt0:blend=on,mask=RGBA",test=on write=on func=CompareFunction.Greater,rt0=RGBA,rt0=2D Color Attachment 3466 (ResourceId::3466),2D Depth/Stencil Attachment 3470 (ResourceId::3470),"GSTexImage Image (64, 32) pallete: 0 (ResourceId::12112) (ImageSampler, addr=Wrap,mip=0,cmp=Never)","Pixel:ReadOnlyResources[0:0]=GSTexImage Image (64, 32) pallete: 0 (ResourceId::12112) (ImageSampler, addr=Wrap,mip=0,cmp=Never); Vertex:ReadWriteResources[0:0]=Buffer 1876 (ResourceId::1876) (ReadWriteBuffer, addr=Wrap,mip=0,cmp=AlwaysTrue); Vertex:ReadWriteResources[1:0]=Buffer 1882 (ResourceId::1882) (ReadWriteBuffer, addr=Wrap,mip=0,cmp=AlwaysTrue); Vertex:ReadWriteResources[2:0]=Buffer 1888 (ResourceId::1888) (ReadWriteBuffer, addr=Wrap,mip=0,cmp=AlwaysTrue); Vertex:ReadWriteResources[3:0]=Buffer 1894 (ResourceId::1894) (ReadWriteBuffer, addr=Wrap,mip=0,cmp=AlwaysTrue)",0.000000,4.096000
3652,0.307200,1,vkCmdDrawIndexed(),Native Render > Render Pass [clear: Depth] > Native SECT1.g2d (m: 20 l: 0) > Material 20 > SECT1.g3d_187,Native Render,Native SECT1.g2d (m: 20 l: 0),20,SECT1.g3d_187,231,49-256,1,Native Previewer GLSL Blend 256 (ResourceId::15346),"rt0:blend=on,mask=RGBA",test=on write=on func=CompareFunction.Greater,rt0=RGBA,rt0=2D Color Attachment 3466 (ResourceId::3466),2D Depth/Stencil Attachment 3470 (ResourceId::3470),"GSTexImage Image (64, 32) pallete: 0 (ResourceId::12112) (ImageSampler, addr=Wrap,mip=0,cmp=Never)","Pixel:ReadOnlyResources[0:0]=GSTexImage Image (64, 32) pallete: 0 (ResourceId::12112) (ImageSampler, addr=Wrap,mip=0,cmp=Never); Vertex:ReadWriteResources[0:0]=Buffer 1876 (ResourceId::1876) (ReadWriteBuffer, addr=Wrap,mip=0,cmp=AlwaysTrue); Vertex:ReadWriteResources[1:0]=Buffer 1882 (ResourceId::1882) (ReadWriteBuffer, addr=Wrap,mip=0,cmp=AlwaysTrue); Vertex:ReadWriteResources[2:0]=Buffer 1888 (ResourceId::1888) (ReadWriteBuffer, addr=Wrap,mip=0,cmp=AlwaysTrue); Vertex:ReadWriteResources[3:0]=Buffer 1894 (ResourceId::1894) (ReadWriteBuffer, addr=Wrap,mip=0,cmp=AlwaysTrue)",0.000000,3.072000
3660,0.000000,1,vkCmdDrawIndexed(),Native Render > Render Pass [clear: Depth] > Native SECT1.g2d (m: 20 l: 0) > Material 20 > SECT1.g3d_186,Native Render,Native SECT1.g2d (m: 20 l: 0),20,SECT1.g3d_186,144,49-256,1,,,,,,,(none),,0.000000,0.000000
3668,0.000000,1,vkCmdDrawIndexed(),Native Render > Render Pass [clear: Depth] > Native SECT1.g2d (m: 20 l: 0) > Material 20 > SECT1.g3d_147,Native Render,Native SECT1.g2d (m: 20 l: 0),20,SECT1.g3d_147,42,13-48,1,,,,,,,(none),,0.000000,0.000000
3676,0.409600,1,vkCmdDrawIndexed(),Native Render > Render Pass [clear: Depth] > Native SECT1.g2d (m: 20 l: 0) > Material 20 > SECT1.g3d_143,Native Render,Native SECT1.g2d (m: 20 l: 0),20,SECT1.g3d_143,528,257-1024,1,Native Previewer GLSL Blend 256 (ResourceId::15346),"rt0:blend=on,mask=RGBA",test=on write=on func=CompareFunction.Greater,rt0=RGBA,rt0=2D Color Attachment 3466 (ResourceId::3466),2D Depth/Stencil Attachment 3470 (ResourceId::3470),"GSTexImage Image (64, 32) pallete: 0 (ResourceId::12112) (ImageSampler, addr=Wrap,mip=0,cmp=Never)","Pixel:ReadOnlyResources[0:0]=GSTexImage Image (64, 32) pallete: 0 (ResourceId::12112) (ImageSampler, addr=Wrap,mip=0,cmp=Never); Vertex:ReadWriteResources[0:0]=Buffer 1876 (ResourceId::1876) (ReadWriteBuffer, addr=Wrap,mip=0,cmp=AlwaysTrue); Vertex:ReadWriteResources[1:0]=Buffer 1882 (ResourceId::1882) (ReadWriteBuffer, addr=Wrap,mip=0,cmp=AlwaysTrue); Vertex:ReadWriteResources[2:0]=Buffer 1888 (ResourceId::1888) (ReadWriteBuffer, addr=Wrap,mip=0,cmp=AlwaysTrue); Vertex:ReadWriteResources[3:0]=Buffer 1894 (ResourceId::1894) (ReadWriteBuffer, addr=Wrap,mip=0,cmp=AlwaysTrue)",0.000000,4.096000
3684,0.000000,1,vkCmdDrawIndexed(),Native Render > Render Pass [clear: Depth] > Native SECT1.g2d (m: 20 l: 0) > Material 20 > SECT1.g3d_141,Native Render,Native SECT1.g2d (m: 20 l: 0),20,SECT1.g3d_141,222,49-256,1,,,,,,,(none),,0.000000,0.000000
3692,0.409600,1,vkCmdDrawIndexed(),Native Render > Render Pass [clear: Depth] > Native SECT1.g2d (m: 20 l: 0) > Material 20 > SECT1.g3d_110,Native Render,Native SECT1.g2d (m: 20 l: 0),20,SECT1.g3d_110,1356,1025-4096,1,Native Previewer GLSL Blend 256 (ResourceId::15346),"rt0:blend=on,mask=RGBA",test=on write=on func=CompareFunction.Greater,rt0=RGBA,rt0=2D Color Attachment 3466 (ResourceId::3466),2D Depth/Stencil Attachment 3470 (ResourceId::3470),"GSTexImage Image (64, 32) pallete: 0 (ResourceId::12112) (ImageSampler, addr=Wrap,mip=0,cmp=Never)","Pixel:ReadOnlyResources[0:0]=GSTexImage Image (64, 32) pallete: 0 (ResourceId::12112) (ImageSampler, addr=Wrap,mip=0,cmp=Never); Vertex:ReadWriteResources[0:0]=Buffer 1876 (ResourceId::1876) (ReadWriteBuffer, addr=Wrap,mip=0,cmp=AlwaysTrue); Vertex:ReadWriteResources[1:0]=Buffer 1882 (ResourceId::1882) (ReadWriteBuffer, addr=Wrap,mip=0,cmp=AlwaysTrue); Vertex:ReadWriteResources[2:0]=Buffer 1888 (ResourceId::1888) (ReadWriteBuffer, addr=Wrap,mip=0,cmp=AlwaysTrue); Vertex:ReadWriteResources[3:0]=Buffer 1894 (ResourceId::1894) (ReadWriteBuffer, addr=Wrap,mip=0,cmp=AlwaysTrue)",0.000000,2.048000
3705,3.993600,1,vkCmdDrawIndexed(),Native Render > Render Pass [clear: Depth] > Native BACKGROUND_Scene01_background.g2d (m: 1 l: 0) > Material 1 > BACKGROUND_Scene01_background.g3d_1_0_150,Native Render,Native BACKGROUND_Scene01_background.g2d (m: 1 l: 0),1,BACKGROUND_Scene01_background.g3d_1_0_150,264,257-1024,1,Native Previewer GLSL Blend 256 (ResourceId::15346),"rt0:blend=on,mask=RGBA",test=on write=on func=CompareFunction.Greater,rt0=RGBA,rt0=2D Color Attachment 3466 (ResourceId::3466),2D Depth/Stencil Attachment 3470 (ResourceId::3470),"GSTexImage Image (8, 8) pallete: 0 (ResourceId::7744) (ImageSampler, addr=Wrap,mip=0,cmp=Never)","Pixel:ReadOnlyResources[0:0]=GSTexImage Image (8, 8) pallete: 0 (ResourceId::7744) (ImageSampler, addr=Wrap,mip=0,cmp=Never); Vertex:ReadWriteResources[0:0]=Buffer 1876 (ResourceId::1876) (ReadWriteBuffer, addr=Wrap,mip=0,cmp=AlwaysTrue); Vertex:ReadWriteResources[1:0]=Buffer 1882 (ResourceId::1882) (ReadWriteBuffer, addr=Wrap,mip=0,cmp=AlwaysTrue); Vertex:ReadWriteResources[2:0]=Buffer 1888 (ResourceId::1888) (ReadWriteBuffer, addr=Wrap,mip=0,cmp=AlwaysTrue); Vertex:ReadWriteResources[3:0]=Buffer 1894 (ResourceId::1894) (ReadWriteBuffer, addr=Wrap,mip=0,cmp=AlwaysTrue)",0.000000,12.288000
3713,1.228800,1,vkCmdDrawIndexed(),Native Render > Render Pass [clear: Depth] > Native BACKGROUND_Scene01_background.g2d (m: 1 l: 0) > Material 1 > BACKGROUND_Scene01_background.g3d_1_0_149,Native Render,Native BACKGROUND_Scene01_background.g2d (m: 1 l: 0),1,BACKGROUND_Scene01_background.g3d_1_0_149,204,49-256,1,Native Previewer GLSL Blend 256 (ResourceId::15346),"rt0:blend=on,mask=RGBA",test=on write=on func=CompareFunction.Greater,rt0=RGBA,rt0=2D Color Attachment 3466 (ResourceId::3466),2D Depth/Stencil Attachment 3470 (ResourceId::3470),"GSTexImage Image (8, 8) pallete: 0 (ResourceId::7744) (ImageSampler, addr=Wrap,mip=0,cmp=Never)","Pixel:ReadOnlyResources[0:0]=GSTexImage Image (8, 8) pallete: 0 (ResourceId::7744) (ImageSampler, addr=Wrap,mip=0,cmp=Never); Vertex:ReadWriteResources[0:0]=Buffer 1876 (ResourceId::1876) (ReadWriteBuffer, addr=Wrap,mip=0,cmp=AlwaysTrue); Vertex:ReadWriteResources[1:0]=Buffer 1882 (ResourceId::1882) (ReadWriteBuffer, addr=Wrap,mip=0,cmp=AlwaysTrue); Vertex:ReadWriteResources[2:0]=Buffer 1888 (ResourceId::1888) (ReadWriteBuffer, addr=Wrap,mip=0,cmp=AlwaysTrue); Vertex:ReadWriteResources[3:0]=Buffer 1894 (ResourceId::1894) (ReadWriteBuffer, addr=Wrap,mip=0,cmp=AlwaysTrue)",0.000000,4.096000
3721,0.512000,1,vkCmdDrawIndexed(),Native Render > Render Pass [clear: Depth] > Native BACKGROUND_Scene01_background.g2d (m: 1 l: 0) > Material 1 > BACKGROUND_Scene01_background.g3d_1_0_148,Native Render,Native BACKGROUND_Scene01_background.g2d (m: 1 l: 0),1,BACKGROUND_Scene01_background.g3d_1_0_148,264,257-1024,1,Native Previewer GLSL Blend 256 (ResourceId::15346),"rt0:blend=on,mask=RGBA",test=on write=on func=CompareFunction.Greater,rt0=RGBA,rt0=2D Color Attachment 3466 (ResourceId::3466),2D Depth/Stencil Attachment 3470 (ResourceId::3470),"GSTexImage Image (8, 8) pallete: 0 (ResourceId::7744) (ImageSampler, addr=Wrap,mip=0,cmp=Never)","Pixel:ReadOnlyResources[0:0]=GSTexImage Image (8, 8) pallete: 0 (ResourceId::7744) (ImageSampler, addr=Wrap,mip=0,cmp=Never); Vertex:ReadWriteResources[0:0]=Buffer 1876 (ResourceId::1876) (ReadWriteBuffer, addr=Wrap,mip=0,cmp=AlwaysTrue); Vertex:ReadWriteResources[1:0]=Buffer 1882 (ResourceId::1882) (ReadWriteBuffer, addr=Wrap,mip=0,cmp=AlwaysTrue); Vertex:ReadWriteResources[2:0]=Buffer 1888 (ResourceId::1888) (ReadWriteBuffer, addr=Wrap,mip=0,cmp=AlwaysTrue); Vertex:ReadWriteResources[3:0]=Buffer 1894 (ResourceId::1894) (ReadWriteBuffer, addr=Wrap,mip=0,cmp=AlwaysTrue)",0.000000,4.096000
3729,2.457600,1,vkCmdDrawIndexed(),Native Render > Render Pass [clear: Depth] > Native BACKGROUND_Scene01_background.g2d (m: 1 l: 0) > Material 1 > BACKGROUND_Scene01_background.g3d_1_0_27,Native Render,Native BACKGROUND_Scene01_background.g2d (m: 1 l: 0),1,BACKGROUND_Scene01_background.g3d_1_0_27,51,49-256,1,Native Previewer GLSL Blend 256 (ResourceId::15346),"rt0:blend=on,mask=RGBA",test=on write=on func=CompareFunction.Greater,rt0=RGBA,rt0=2D Color Attachment 3466 (ResourceId::3466),2D Depth/Stencil Attachment 3470 (ResourceId::3470),"GSTexImage Image (8, 8) pallete: 0 (ResourceId::7744) (ImageSampler, addr=Wrap,mip=0,cmp=Never)","Pixel:ReadOnlyResources[0:0]=GSTexImage Image (8, 8) pallete: 0 (ResourceId::7744) (ImageSampler, addr=Wrap,mip=0,cmp=Never); Vertex:ReadWriteResources[0:0]=Buffer 1876 (ResourceId::1876) (ReadWriteBuffer, addr=Wrap,mip=0,cmp=AlwaysTrue); Vertex:ReadWriteResources[1:0]=Buffer 1882 (ResourceId::1882) (ReadWriteBuffer, addr=Wrap,mip=0,cmp=AlwaysTrue); Vertex:ReadWriteResources[2:0]=Buffer 1888 (ResourceId::1888) (ReadWriteBuffer, addr=Wrap,mip=0,cmp=AlwaysTrue); Vertex:ReadWriteResources[3:0]=Buffer 1894 (ResourceId::1894) (ReadWriteBuffer, addr=Wrap,mip=0,cmp=AlwaysTrue)",0.000000,8.192000
3737,0.000000,1,vkCmdDrawIndexed(),Native Render > Render Pass [clear: Depth] > Native BACKGROUND_Scene01_background.g2d (m: 1 l: 0) > Material 1 > BACKGROUND_Scene01_background.g3d_1_0_1,Native Render,Native BACKGROUND_Scene01_background.g2d (m: 1 l: 0),1,BACKGROUND_Scene01_background.g3d_1_0_1,60,49-256,1,,,,,,,(none),,0.000000,0.000000
3750,0.000000,1,vkCmdDrawIndexed(),Native Render > Render Pass [clear: Depth] > Native BACKGROUND_Scene01_background.g2d (m: 0 l: 0) > Material 0 > BACKGROUND_Scene01_background.g3d_1_0_109,Native Render,Native BACKGROUND_Scene01_background.g2d (m: 0 l: 0),0,BACKGROUND_Scene01_background.g3d_1_0_109,18,13-48,1,,,,,,,(none),,0.000000,0.000000
3758,0.819200,1,vkCmdDrawIndexed(),Native Render > Render Pass [clear: Depth] > Native BACKGROUND_Scene01_background.g2d (m: 0 l: 0) > Material 0 > BACKGROUND_Scene01_background.g3d_1_0_108,Native Render,Native BACKGROUND_Scene01_background.g2d (m: 0 l: 0),0,BACKGROUND_Scene01_background.g3d_1_0_108,18,13-48,1,Native Previewer GLSL Blend 256 (ResourceId::15346),"rt0:blend=on,mask=RGBA",test=on write=on func=CompareFunction.Greater,rt0=RGBA,rt0=2D Color Attachment 3466 (ResourceId::3466),2D Depth/Stencil Attachment 3470 (ResourceId::3470),"GSTexImage Image (256, 128) pallete: 0 (ResourceId::7728) (ImageSampler, addr=Wrap,mip=0,cmp=Never)","Pixel:ReadOnlyResources[0:0]=GSTexImage Image (256, 128) pallete: 0 (ResourceId::7728) (ImageSampler, addr=Wrap,mip=0,cmp=Never); Vertex:ReadWriteResources[0:0]=Buffer 1876 (ResourceId::1876) (ReadWriteBuffer, addr=Wrap,mip=0,cmp=AlwaysTrue); Vertex:ReadWriteResources[1:0]=Buffer 1882 (ResourceId::1882) (ReadWriteBuffer, addr=Wrap,mip=0,cmp=AlwaysTrue); Vertex:ReadWriteResources[2:0]=Buffer 1888 (ResourceId::1888) (ReadWriteBuffer, addr=Wrap,mip=0,cmp=AlwaysTrue); Vertex:ReadWriteResources[3:0]=Buffer 1894 (ResourceId::1894) (ReadWriteBuffer, addr=Wrap,mip=0,cmp=AlwaysTrue)",0.000000,6.144000
3766,1.024000,1,vkCmdDrawIndexed(),Native Render > Render Pass [clear: Depth] > Native BACKGROUND_Scene01_background.g2d (m: 0 l: 0) > Material 0 > BACKGROUND_Scene01_background.g3d_1_0_107,Native Render,Native BACKGROUND_Scene01_background.g2d (m: 0 l: 0),0,BACKGROUND_Scene01_background.g3d_1_0_107,18,13-48,1,Native Previewer GLSL Blend 256 (ResourceId::15346),"rt0:blend=on,mask=RGBA",test=on write=on func=CompareFunction.Greater,rt0=RGBA,rt0=2D Color Attachment 3466 (ResourceId::3466),2D Depth/Stencil Attachment 3470 (ResourceId::3470),"GSTexImage Image (256, 128) pallete: 0 (ResourceId::7728) (ImageSampler, addr=Wrap,mip=0,cmp=Never)","Pixel:ReadOnlyResources[0:0]=GSTexImage Image (256, 128) pallete: 0 (ResourceId::7728) (ImageSampler, addr=Wrap,mip=0,cmp=Never); Vertex:ReadWriteResources[0:0]=Buffer 1876 (ResourceId::1876) (ReadWriteBuffer, addr=Wrap,mip=0,cmp=AlwaysTrue); Vertex:ReadWriteResources[1:0]=Buffer 1882 (ResourceId::1882) (ReadWriteBuffer, addr=Wrap,mip=0,cmp=AlwaysTrue); Vertex:ReadWriteResources[2:0]=Buffer 1888 (ResourceId::1888) (ReadWriteBuffer, addr=Wrap,mip=0,cmp=AlwaysTrue); Vertex:ReadWriteResources[3:0]=Buffer 1894 (ResourceId::1894) (ReadWriteBuffer, addr=Wrap,mip=0,cmp=AlwaysTrue)",0.000000,7.168000
3774,0.409600,1,vkCmdDrawIndexed(),Native Render > Render Pass [clear: Depth] > Native BACKGROUND_Scene01_background.g2d (m: 0 l: 0) > Material 0 > BACKGROUND_Scene01_background.g3d_1_0_106,Native Render,Native BACKGROUND_Scene01_background.g2d (m: 0 l: 0),0,BACKGROUND_Scene01_background.g3d_1_0_106,18,13-48,1,Native Previewer GLSL Blend 256 (ResourceId::15346),"rt0:blend=on,mask=RGBA",test=on write=on func=CompareFunction.Greater,rt0=RGBA,rt0=2D Color Attachment 3466 (ResourceId::3466),2D Depth/Stencil Attachment 3470 (ResourceId::3470),"GSTexImage Image (256, 128) pallete: 0 (ResourceId::7728) (ImageSampler, addr=Wrap,mip=0,cmp=Never)","Pixel:ReadOnlyResources[0:0]=GSTexImage Image (256, 128) pallete: 0 (ResourceId::7728) (ImageSampler, addr=Wrap,mip=0,cmp=Never); Vertex:ReadWriteResources[0:0]=Buffer 1876 (ResourceId::1876) (ReadWriteBuffer, addr=Wrap,mip=0,cmp=AlwaysTrue); Vertex:ReadWriteResources[1:0]=Buffer 1882 (ResourceId::1882) (ReadWriteBuffer, addr=Wrap,mip=0,cmp=AlwaysTrue); Vertex:ReadWriteResources[2:0]=Buffer 1888 (ResourceId::1888) (ReadWriteBuffer, addr=Wrap,mip=0,cmp=AlwaysTrue); Vertex:ReadWriteResources[3:0]=Buffer 1894 (ResourceId::1894) (ReadWriteBuffer, addr=Wrap,mip=0,cmp=AlwaysTrue)",0.000000,2.048000
3782,0.512000,1,vkCmdDrawIndexed(),Native Render > Render Pass [clear: Depth] > Native BACKGROUND_Scene01_background.g2d (m: 0 l: 0) > Material 0 > BACKGROUND_Scene01_background.g3d_1_0_105,Native Render,Native BACKGROUND_Scene01_background.g2d (m: 0 l: 0),0,BACKGROUND_Scene01_background.g3d_1_0_105,18,13-48,1,Native Previewer GLSL Blend 256 (ResourceId::15346),"rt0:blend=on,mask=RGBA",test=on write=on func=CompareFunction.Greater,rt0=RGBA,rt0=2D Color Attachment 3466 (ResourceId::3466),2D Depth/Stencil Attachment 3470 (ResourceId::3470),"GSTexImage Image (256, 128) pallete: 0 (ResourceId::7728) (ImageSampler, addr=Wrap,mip=0,cmp=Never)","Pixel:ReadOnlyResources[0:0]=GSTexImage Image (256, 128) pallete: 0 (ResourceId::7728) (ImageSampler, addr=Wrap,mip=0,cmp=Never); Vertex:ReadWriteResources[0:0]=Buffer 1876 (ResourceId::1876) (ReadWriteBuffer, addr=Wrap,mip=0,cmp=AlwaysTrue); Vertex:ReadWriteResources[1:0]=Buffer 1882 (ResourceId::1882) (ReadWriteBuffer, addr=Wrap,mip=0,cmp=AlwaysTrue); Vertex:ReadWriteResources[2:0]=Buffer 1888 (ResourceId::1888) (ReadWriteBuffer, addr=Wrap,mip=0,cmp=AlwaysTrue); Vertex:ReadWriteResources[3:0]=Buffer 1894 (ResourceId::1894) (ReadWriteBuffer, addr=Wrap,mip=0,cmp=AlwaysTrue)",0.000000,2.048000
3790,0.614400,1,vkCmdDrawIndexed(),Native Render > Render Pass [clear: Depth] > Native BACKGROUND_Scene01_background.g2d (m: 0 l: 0) > Material 0 > BACKGROUND_Scene01_background.g3d_1_0_104,Native Render,Native BACKGROUND_Scene01_background.g2d (m: 0 l: 0),0,BACKGROUND_Scene01_background.g3d_1_0_104,18,13-48,1,Native Previewer GLSL Blend 256 (ResourceId::15346),"rt0:blend=on,mask=RGBA",test=on write=on func=CompareFunction.Greater,rt0=RGBA,rt0=2D Color Attachment 3466 (ResourceId::3466),2D Depth/Stencil Attachment 3470 (ResourceId::3470),"GSTexImage Image (256, 128) pallete: 0 (ResourceId::7728) (ImageSampler, addr=Wrap,mip=0,cmp=Never)","Pixel:ReadOnlyResources[0:0]=GSTexImage Image (256, 128) pallete: 0 (ResourceId::7728) (ImageSampler, addr=Wrap,mip=0,cmp=Never); Vertex:ReadWriteResources[0:0]=Buffer 1876 (ResourceId::1876) (ReadWriteBuffer, addr=Wrap,mip=0,cmp=AlwaysTrue); Vertex:ReadWriteResources[1:0]=Buffer 1882 (ResourceId::1882) (ReadWriteBuffer, addr=Wrap,mip=0,cmp=AlwaysTrue); Vertex:ReadWriteResources[2:0]=Buffer 1888 (ResourceId::1888) (ReadWriteBuffer, addr=Wrap,mip=0,cmp=AlwaysTrue); Vertex:ReadWriteResources[3:0]=Buffer 1894 (ResourceId::1894) (ReadWriteBuffer, addr=Wrap,mip=0,cmp=AlwaysTrue)",0.000000,3.072000
3798,0.819200,1,vkCmdDrawIndexed(),Native Render > Render Pass [clear: Depth] > Native BACKGROUND_Scene01_background.g2d (m: 0 l: 0) > Material 0 > BACKGROUND_Scene01_background.g3d_1_0_103,Native Render,Native BACKGROUND_Scene01_background.g2d (m: 0 l: 0),0,BACKGROUND_Scene01_background.g3d_1_0_103,18,13-48,1,Native Previewer GLSL Blend 256 (ResourceId::15346),"rt0:blend=on,mask=RGBA",test=on write=on func=CompareFunction.Greater,rt0=RGBA,rt0=2D Color Attachment 3466 (ResourceId::3466),2D Depth/Stencil Attachment 3470 (ResourceId::3470),"GSTexImage Image (256, 128) pallete: 0 (ResourceId::7728) (ImageSampler, addr=Wrap,mip=0,cmp=Never)","Pixel:ReadOnlyResources[0:0]=GSTexImage Image (256, 128) pallete: 0 (ResourceId::7728) (ImageSampler, addr=Wrap,mip=0,cmp=Never); Vertex:ReadWriteResources[0:0]=Buffer 1876 (ResourceId::1876) (ReadWriteBuffer, addr=Wrap,mip=0,cmp=AlwaysTrue); Vertex:ReadWriteResources[1:0]=Buffer 1882 (ResourceId::1882) (ReadWriteBuffer, addr=Wrap,mip=0,cmp=AlwaysTrue); Vertex:ReadWriteResources[2:0]=Buffer 1888 (ResourceId::1888) (ReadWriteBuffer, addr=Wrap,mip=0,cmp=AlwaysTrue); Vertex:ReadWriteResources[3:0]=Buffer 1894 (ResourceId::1894) (ReadWriteBuffer, addr=Wrap,mip=0,cmp=AlwaysTrue)",0.000000,7.168000
3806,0.000000,1,vkCmdDrawIndexed(),Native Render > Render Pass [clear: Depth] > Native BACKGROUND_Scene01_background.g2d (m: 0 l: 0) > Material 0 > BACKGROUND_Scene01_background.g3d_1_0_102,Native Render,Native BACKGROUND_Scene01_background.g2d (m: 0 l: 0),0,BACKGROUND_Scene01_background.g3d_1_0_102,18,13-48,1,,,,,,,(none),,0.000000,0.000000
3814,0.000000,1,vkCmdDrawIndexed(),Native Render > Render Pass [clear: Depth] > Native BACKGROUND_Scene01_background.g2d (m: 0 l: 0) > Material 0 > BACKGROUND_Scene01_background.g3d_1_0_23,Native Render,Native BACKGROUND_Scene01_background.g2d (m: 0 l: 0),0,BACKGROUND_Scene01_background.g3d_1_0_23,6,4-12,1,,,,,,,(none),,0.000000,0.000000
3822,0.204800,1,vkCmdDrawIndexed(),Native Render > Render Pass [clear: Depth] > Native BACKGROUND_Scene01_background.g2d (m: 0 l: 0) > Material 0 > BACKGROUND_Scene01_background.g3d_1_0_22,Native Render,Native BACKGROUND_Scene01_background.g2d (m: 0 l: 0),0,BACKGROUND_Scene01_background.g3d_1_0_22,6,4-12,1,Native Previewer GLSL Blend 256 (ResourceId::15346),"rt0:blend=on,mask=RGBA",test=on write=on func=CompareFunction.Greater,rt0=RGBA,rt0=2D Color Attachment 3466 (ResourceId::3466),2D Depth/Stencil Attachment 3470 (ResourceId::3470),"GSTexImage Image (256, 128) pallete: 0 (ResourceId::7728) (ImageSampler, addr=Wrap,mip=0,cmp=Never)","Pixel:ReadOnlyResources[0:0]=GSTexImage Image (256, 128) pallete: 0 (ResourceId::7728) (ImageSampler, addr=Wrap,mip=0,cmp=Never); Vertex:ReadWriteResources[0:0]=Buffer 1876 (ResourceId::1876) (ReadWriteBuffer, addr=Wrap,mip=0,cmp=AlwaysTrue); Vertex:ReadWriteResources[1:0]=Buffer 1882 (ResourceId::1882) (ReadWriteBuffer, addr=Wrap,mip=0,cmp=AlwaysTrue); Vertex:ReadWriteResources[2:0]=Buffer 1888 (ResourceId::1888) (ReadWriteBuffer, addr=Wrap,mip=0,cmp=AlwaysTrue); Vertex:ReadWriteResources[3:0]=Buffer 1894 (ResourceId::1894) (ReadWriteBuffer, addr=Wrap,mip=0,cmp=AlwaysTrue)",0.000000,2.048000
3830,0.819200,1,vkCmdDrawIndexed(),Native Render > Render Pass [clear: Depth] > Native BACKGROUND_Scene01_background.g2d (m: 0 l: 0) > Material 0 > BACKGROUND_Scene01_background.g3d_1_0_21,Native Render,Native BACKGROUND_Scene01_background.g2d (m: 0 l: 0),0,BACKGROUND_Scene01_background.g3d_1_0_21,6,4-12,1,Native Previewer GLSL Blend 256 (ResourceId::15346),"rt0:blend=on,mask=RGBA",test=on write=on func=CompareFunction.Greater,rt0=RGBA,rt0=2D Color Attachment 3466 (ResourceId::3466),2D Depth/Stencil Attachment 3470 (ResourceId::3470),"GSTexImage Image (256, 128) pallete: 0 (ResourceId::7728) (ImageSampler, addr=Wrap,mip=0,cmp=Never)","Pixel:ReadOnlyResources[0:0]=GSTexImage Image (256, 128) pallete: 0 (ResourceId::7728) (ImageSampler, addr=Wrap,mip=0,cmp=Never); Vertex:ReadWriteResources[0:0]=Buffer 1876 (ResourceId::1876) (ReadWriteBuffer, addr=Wrap,mip=0,cmp=AlwaysTrue); Vertex:ReadWriteResources[1:0]=Buffer 1882 (ResourceId::1882) (ReadWriteBuffer, addr=Wrap,mip=0,cmp=AlwaysTrue); Vertex:ReadWriteResources[2:0]=Buffer 1888 (ResourceId::1888) (ReadWriteBuffer, addr=Wrap,mip=0,cmp=AlwaysTrue); Vertex:ReadWriteResources[3:0]=Buffer 1894 (ResourceId::1894) (ReadWriteBuffer, addr=Wrap,mip=0,cmp=AlwaysTrue)",0.000000,3.072000
3838,0.204800,1,vkCmdDrawIndexed(),Native Render > Render Pass [clear: Depth] > Native BACKGROUND_Scene01_background.g2d (m: 0 l: 0) > Material 0 > BACKGROUND_Scene01_background.g3d_1_0_20,Native Render,Native BACKGROUND_Scene01_background.g2d (m: 0 l: 0),0,BACKGROUND_Scene01_background.g3d_1_0_20,6,4-12,1,Native Previewer GLSL Blend 256 (ResourceId::15346),"rt0:blend=on,mask=RGBA",test=on write=on func=CompareFunction.Greater,rt0=RGBA,rt0=2D Color Attachment 3466 (ResourceId::3466),2D Depth/Stencil Attachment 3470 (ResourceId::3470),"GSTexImage Image (256, 128) pallete: 0 (ResourceId::7728) (ImageSampler, addr=Wrap,mip=0,cmp=Never)","Pixel:ReadOnlyResources[0:0]=GSTexImage Image (256, 128) pallete: 0 (ResourceId::7728) (ImageSampler, addr=Wrap,mip=0,cmp=Never); Vertex:ReadWriteResources[0:0]=Buffer 1876 (ResourceId::1876) (ReadWriteBuffer, addr=Wrap,mip=0,cmp=AlwaysTrue); Vertex:ReadWriteResources[1:0]=Buffer 1882 (ResourceId::1882) (ReadWriteBuffer, addr=Wrap,mip=0,cmp=AlwaysTrue); Vertex:ReadWriteResources[2:0]=Buffer 1888 (ResourceId::1888) (ReadWriteBuffer, addr=Wrap,mip=0,cmp=AlwaysTrue); Vertex:ReadWriteResources[3:0]=Buffer 1894 (ResourceId::1894) (ReadWriteBuffer, addr=Wrap,mip=0,cmp=AlwaysTrue)",0.000000,1.024000
3846,0.409600,1,vkCmdDrawIndexed(),Native Render > Render Pass [clear: Depth] > Native BACKGROUND_Scene01_background.g2d (m: 0 l: 0) > Material 0 > BACKGROUND_Scene01_background.g3d_1_0_19,Native Render,Native BACKGROUND_Scene01_background.g2d (m: 0 l: 0),0,BACKGROUND_Scene01_background.g3d_1_0_19,6,4-12,1,Native Previewer GLSL Blend 256 (ResourceId::15346),"rt0:blend=on,mask=RGBA",test=on write=on func=CompareFunction.Greater,rt0=RGBA,rt0=2D Color Attachment 3466 (ResourceId::3466),2D Depth/Stencil Attachment 3470 (ResourceId::3470),"GSTexImage Image (256, 128) pallete: 0 (ResourceId::7728) (ImageSampler, addr=Wrap,mip=0,cmp=Never)","Pixel:ReadOnlyResources[0:0]=GSTexImage Image (256, 128) pallete: 0 (ResourceId::7728) (ImageSampler, addr=Wrap,mip=0,cmp=Never); Vertex:ReadWriteResources[0:0]=Buffer 1876 (ResourceId::1876) (ReadWriteBuffer, addr=Wrap,mip=0,cmp=AlwaysTrue); Vertex:ReadWriteResources[1:0]=Buffer 1882 (ResourceId::1882) (ReadWriteBuffer, addr=Wrap,mip=0,cmp=AlwaysTrue); Vertex:ReadWriteResources[2:0]=Buffer 1888 (ResourceId::1888) (ReadWriteBuffer, addr=Wrap,mip=0,cmp=AlwaysTrue); Vertex:ReadWriteResources[3:0]=Buffer 1894 (ResourceId::1894) (ReadWriteBuffer, addr=Wrap,mip=0,cmp=AlwaysTrue)",0.000000,2.048000
3854,0.409600,1,vkCmdDrawIndexed(),Native Render > Render Pass [clear: Depth] > Native BACKGROUND_Scene01_background.g2d (m: 0 l: 0) > Material 0 > BACKGROUND_Scene01_background.g3d_1_0_18,Native Render,Native BACKGROUND_Scene01_background.g2d (m: 0 l: 0),0,BACKGROUND_Scene01_background.g3d_1_0_18,6,4-12,1,Native Previewer GLSL Blend 256 (ResourceId::15346),"rt0:blend=on,mask=RGBA",test=on write=on func=CompareFunction.Greater,rt0=RGBA,rt0=2D Color Attachment 3466 (ResourceId::3466),2D Depth/Stencil Attachment 3470 (ResourceId::3470),"GSTexImage Image (256, 128) pallete: 0 (ResourceId::7728) (ImageSampler, addr=Wrap,mip=0,cmp=Never)","Pixel:ReadOnlyResources[0:0]=GSTexImage Image (256, 128) pallete: 0 (ResourceId::7728) (ImageSampler, addr=Wrap,mip=0,cmp=Never); Vertex:ReadWriteResources[0:0]=Buffer 1876 (ResourceId::1876) (ReadWriteBuffer, addr=Wrap,mip=0,cmp=AlwaysTrue); Vertex:ReadWriteResources[1:0]=Buffer 1882 (ResourceId::1882) (ReadWriteBuffer, addr=Wrap,mip=0,cmp=AlwaysTrue); Vertex:ReadWriteResources[2:0]=Buffer 1888 (ResourceId::1888) (ReadWriteBuffer, addr=Wrap,mip=0,cmp=AlwaysTrue); Vertex:ReadWriteResources[3:0]=Buffer 1894 (ResourceId::1894) (ReadWriteBuffer, addr=Wrap,mip=0,cmp=AlwaysTrue)",0.000000,1.024000
3862,0.102400,1,vkCmdDrawIndexed(),Native Render > Render Pass [clear: Depth] > Native BACKGROUND_Scene01_background.g2d (m: 0 l: 0) > Material 0 > BACKGROUND_Scene01_background.g3d_1_0_17,Native Render,Native BACKGROUND_Scene01_background.g2d (m: 0 l: 0),0,BACKGROUND_Scene01_background.g3d_1_0_17,6,4-12,1,Native Previewer GLSL Blend 256 (ResourceId::15346),"rt0:blend=on,mask=RGBA",test=on write=on func=CompareFunction.Greater,rt0=RGBA,rt0=2D Color Attachment 3466 (ResourceId::3466),2D Depth/Stencil Attachment 3470 (ResourceId::3470),"GSTexImage Image (256, 128) pallete: 0 (ResourceId::7728) (ImageSampler, addr=Wrap,mip=0,cmp=Never)","Pixel:ReadOnlyResources[0:0]=GSTexImage Image (256, 128) pallete: 0 (ResourceId::7728) (ImageSampler, addr=Wrap,mip=0,cmp=Never); Vertex:ReadWriteResources[0:0]=Buffer 1876 (ResourceId::1876) (ReadWriteBuffer, addr=Wrap,mip=0,cmp=AlwaysTrue); Vertex:ReadWriteResources[1:0]=Buffer 1882 (ResourceId::1882) (ReadWriteBuffer, addr=Wrap,mip=0,cmp=AlwaysTrue); Vertex:ReadWriteResources[2:0]=Buffer 1888 (ResourceId::1888) (ReadWriteBuffer, addr=Wrap,mip=0,cmp=AlwaysTrue); Vertex:ReadWriteResources[3:0]=Buffer 1894 (ResourceId::1894) (ReadWriteBuffer, addr=Wrap,mip=0,cmp=AlwaysTrue)",0.000000,1.024000
3870,0.000000,1,vkCmdDrawIndexed(),Native Render > Render Pass [clear: Depth] > Native BACKGROUND_Scene01_background.g2d (m: 0 l: 0) > Material 0 > BACKGROUND_Scene01_background.g3d_1_0_16,Native Render,Native BACKGROUND_Scene01_background.g2d (m: 0 l: 0),0,BACKGROUND_Scene01_background.g3d_1_0_16,6,4-12,1,,,,,,,(none),,0.000000,0.000000
3878,0.000000,1,vkCmdDrawIndexed(),Native Render > Render Pass [clear: Depth] > Native BACKGROUND_Scene01_background.g2d (m: 0 l: 0) > Material 0 > BACKGROUND_Scene01_background.g3d_1_0_0,Native Render,Native BACKGROUND_Scene01_background.g2d (m: 0 l: 0),0,BACKGROUND_Scene01_background.g3d_1_0_0,144,49-256,1,,,,,,,(none),,0.000000,0.000000
3891,2.048000,1,vkCmdDrawIndexed(),Native Render > Render Pass [clear: Depth] > Native AMBRE_Scene01_Ambre.g2d (m: 0 l: 0) > Layer 0 > AMBRE_Scene01_Ambre.g3d_0_0_0,Native Render,Native AMBRE_Scene01_Ambre.g2d (m: 0 l: 0),0,AMBRE_Scene01_Ambre.g3d_0_0_0,573,257-1024,1,Native Previewer GLSL Blend 256 (ResourceId::15346),"rt0:blend=on,mask=RGBA",test=on write=on func=CompareFunction.Greater,rt0=RGBA,rt0=2D Color Attachment 3466 (ResourceId::3466),2D Depth/Stencil Attachment 3470 (ResourceId::3470),"GSTexImage Image (64, 64) pallete: 0 (ResourceId::10672) (ImageSampler, addr=Wrap,mip=0,cmp=Never)","Pixel:ReadOnlyResources[0:0]=GSTexImage Image (64, 64) pallete: 0 (ResourceId::10672) (ImageSampler, addr=Wrap,mip=0,cmp=Never); Vertex:ReadWriteResources[0:0]=Buffer 1876 (ResourceId::1876) (ReadWriteBuffer, addr=Wrap,mip=0,cmp=AlwaysTrue); Vertex:ReadWriteResources[1:0]=Buffer 1882 (ResourceId::1882) (ReadWriteBuffer, addr=Wrap,mip=0,cmp=AlwaysTrue); Vertex:ReadWriteResources[2:0]=Buffer 1888 (ResourceId::1888) (ReadWriteBuffer, addr=Wrap,mip=0,cmp=AlwaysTrue); Vertex:ReadWriteResources[3:0]=Buffer 1894 (ResourceId::1894) (ReadWriteBuffer, addr=Wrap,mip=0,cmp=AlwaysTrue)",1.024000,6.144000
3904,1.433600,1,vkCmdDrawIndexed(),Native Render > Render Pass [clear: Depth] > Native AMBRE_Scene01_Ambre.g2d (m: 0 l: 1) > Layer 1 > AMBRE_Scene01_Ambre.g3d_0_0_0_layer_1,Native Render,Native AMBRE_Scene01_Ambre.g2d (m: 0 l: 1),0,AMBRE_Scene01_Ambre.g3d_0_0_0_layer_1,573,257-1024,1,Native Previewer GLSL Blend 256 (ResourceId::15346),"rt0:blend=on,mask=RGBA",test=on write=on func=CompareFunction.Greater,rt0=RGBA,rt0=2D Color Attachment 3466 (ResourceId::3466),2D Depth/Stencil Attachment 3470 (ResourceId::3470),"GSTexImage Image (8, 8) pallete: 0 (ResourceId::10688) (ImageSampler, addr=Wrap,mip=0,cmp=Never)","Pixel:ReadOnlyResources[0:0]=GSTexImage Image (8, 8) pallete: 0 (ResourceId::10688) (ImageSampler, addr=Wrap,mip=0,cmp=Never); Vertex:ReadWriteResources[0:0]=Buffer 1876 (ResourceId::1876) (ReadWriteBuffer, addr=Wrap,mip=0,cmp=AlwaysTrue); Vertex:ReadWriteResources[1:0]=Buffer 1882 (ResourceId::1882) (ReadWriteBuffer, addr=Wrap,mip=0,cmp=AlwaysTrue); Vertex:ReadWriteResources[2:0]=Buffer 1888 (ResourceId::1888) (ReadWriteBuffer, addr=Wrap,mip=0,cmp=AlwaysTrue); Vertex:ReadWriteResources[3:0]=Buffer 1894 (ResourceId::1894) (ReadWriteBuffer, addr=Wrap,mip=0,cmp=AlwaysTrue)",0.000000,6.144000
3916,0.000000,1,vkCmdDrawIndexed(),Native Render > Render Pass [clear: Depth] > Native SNIPER_Scene01_Sniper.g2d (m: 0 l: 0) > SNIPER_Scene01_Sniper.g3d_0_0_0,Native Render,Native SNIPER_Scene01_Sniper.g2d (m: 0 l: 0),0,SNIPER_Scene01_Sniper.g3d_0_0_0,975,257-1024,1,,,,,,,(none),,0.000000,0.000000
3928,1.331200,1,vkCmdDrawIndexed(),Native Render > Render Pass [clear: Depth] > Native ACTORSCOMMONMATERIAL.G2D (m: 42 l: 0) > Material 42 > EXPROCKS_STATIC.G3D_0_0_0,Native Render,Native ACTORSCOMMONMATERIAL.G2D (m: 42 l: 0),42,EXPROCKS_STATIC.G3D_0_0_0,1026,1025-4096,1,Native Previewer GLSL Blend 256 (ResourceId::15346),"rt0:blend=on,mask=RGBA",test=on write=on func=CompareFunction.Greater,rt0=RGBA,rt0=2D Color Attachment 3466 (ResourceId::3466),2D Depth/Stencil Attachment 3470 (ResourceId::3470),"GSTexImage Image (128, 128) pallete: 0 (ResourceId::8496) (ImageSampler, addr=Wrap,mip=0,cmp=Never)","Pixel:ReadOnlyResources[0:0]=GSTexImage Image (128, 128) pallete: 0 (ResourceId::8496) (ImageSampler, addr=Wrap,mip=0,cmp=Never); Vertex:ReadWriteResources[0:0]=Buffer 1876 (ResourceId::1876) (ReadWriteBuffer, addr=Wrap,mip=0,cmp=AlwaysTrue); Vertex:ReadWriteResources[1:0]=Buffer 1882 (ResourceId::1882) (ReadWriteBuffer, addr=Wrap,mip=0,cmp=AlwaysTrue); Vertex:ReadWriteResources[2:0]=Buffer 1888 (ResourceId::1888) (ReadWriteBuffer, addr=Wrap,mip=0,cmp=AlwaysTrue); Vertex:ReadWriteResources[3:0]=Buffer 1894 (ResourceId::1894) (ReadWriteBuffer, addr=Wrap,mip=0,cmp=AlwaysTrue)",0.000000,4.096000
3936,0.819200,1,vkCmdDrawIndexed(),Native Render > Render Pass [clear: Depth] > Native ACTORSCOMMONMATERIAL.G2D (m: 42 l: 0) > Material 42 > EXPROCKS_STATIC.G3D_0_0_0,Native Render,Native ACTORSCOMMONMATERIAL.G2D (m: 42 l: 0),42,EXPROCKS_STATIC.G3D_0_0_0,1026,1025-4096,1,Native Previewer GLSL Blend 256 (ResourceId::15346),"rt0:blend=on,mask=RGBA",test=on write=on func=CompareFunction.Greater,rt0=RGBA,rt0=2D Color Attachment 3466 (ResourceId::3466),2D Depth/Stencil Attachment 3470 (ResourceId::3470),"GSTexImage Image (128, 128) pallete: 0 (ResourceId::8496) (ImageSampler, addr=Wrap,mip=0,cmp=Never)","Pixel:ReadOnlyResources[0:0]=GSTexImage Image (128, 128) pallete: 0 (ResourceId::8496) (ImageSampler, addr=Wrap,mip=0,cmp=Never); Vertex:ReadWriteResources[0:0]=Buffer 1876 (ResourceId::1876) (ReadWriteBuffer, addr=Wrap,mip=0,cmp=AlwaysTrue); Vertex:ReadWriteResources[1:0]=Buffer 1882 (ResourceId::1882) (ReadWriteBuffer, addr=Wrap,mip=0,cmp=AlwaysTrue); Vertex:ReadWriteResources[2:0]=Buffer 1888 (ResourceId::1888) (ReadWriteBuffer, addr=Wrap,mip=0,cmp=AlwaysTrue); Vertex:ReadWriteResources[3:0]=Buffer 1894 (ResourceId::1894) (ReadWriteBuffer, addr=Wrap,mip=0,cmp=AlwaysTrue)",0.000000,4.096000
3948,0.102400,1,vkCmdDrawIndexed(),Native Render > Render Pass [clear: Depth] > Native IRIS_Scene01_Pale.g2d (m: 0 l: 0) > IRIS_Scene01_Pale.g3d_0_0_0,Native Render,Native IRIS_Scene01_Pale.g2d (m: 0 l: 0),0,IRIS_Scene01_Pale.g3d_0_0_0,120,49-256,1,Native Previewer GLSL Blend 256 (ResourceId::15346),"rt0:blend=on,mask=RGBA",test=on write=on func=CompareFunction.Greater,rt0=RGBA,rt0=2D Color Attachment 3466 (ResourceId::3466),2D Depth/Stencil Attachment 3470 (ResourceId::3470),"GSTexImage Image (64, 64) pallete: 0 (ResourceId::10736) (ImageSampler, addr=ClampEdge,mip=0,cmp=Never)","Pixel:ReadOnlyResources[0:0]=GSTexImage Image (64, 64) pallete: 0 (ResourceId::10736) (ImageSampler, addr=ClampEdge,mip=0,cmp=Never); Vertex:ReadWriteResources[0:0]=Buffer 1876 (ResourceId::1876) (ReadWriteBuffer, addr=Wrap,mip=0,cmp=AlwaysTrue); Vertex:ReadWriteResources[1:0]=Buffer 1882 (ResourceId::1882) (ReadWriteBuffer, addr=Wrap,mip=0,cmp=AlwaysTrue); Vertex:ReadWriteResources[2:0]=Buffer 1888 (ResourceId::1888) (ReadWriteBuffer, addr=Wrap,mip=0,cmp=AlwaysTrue); Vertex:ReadWriteResources[3:0]=Buffer 1894 (ResourceId::1894) (ReadWriteBuffer, addr=Wrap,mip=0,cmp=AlwaysTrue)",0.000000,1.024000
3956,2.764800,1,vkCmdDrawIndexed(),Native Render > Render Pass [clear: Depth] > Native IRIS_Scene01_Pale.g2d (m: 0 l: 0) > IRIS_Scene01_Pale.g3d_0_0_0,Native Render,Native IRIS_Scene01_Pale.g2d (m: 0 l: 0),0,IRIS_Scene01_Pale.g3d_0_0_0,120,49-256,1,Native Previewer GLSL Blend 256 (ResourceId::15346),"rt0:blend=on,mask=RGBA",test=on write=on func=CompareFunction.Greater,rt0=RGBA,rt0=2D Color Attachment 3466 (ResourceId::3466),2D Depth/Stencil Attachment 3470 (ResourceId::3470),"GSTexImage Image (64, 64) pallete: 0 (ResourceId::10736) (ImageSampler, addr=ClampEdge,mip=0,cmp=Never)","Pixel:ReadOnlyResources[0:0]=GSTexImage Image (64, 64) pallete: 0 (ResourceId::10736) (ImageSampler, addr=ClampEdge,mip=0,cmp=Never); Vertex:ReadWriteResources[0:0]=Buffer 1876 (ResourceId::1876) (ReadWriteBuffer, addr=Wrap,mip=0,cmp=AlwaysTrue); Vertex:ReadWriteResources[1:0]=Buffer 1882 (ResourceId::1882) (ReadWriteBuffer, addr=Wrap,mip=0,cmp=AlwaysTrue); Vertex:ReadWriteResources[2:0]=Buffer 1888 (ResourceId::1888) (ReadWriteBuffer, addr=Wrap,mip=0,cmp=AlwaysTrue); Vertex:ReadWriteResources[3:0]=Buffer 1894 (ResourceId::1894) (ReadWriteBuffer, addr=Wrap,mip=0,cmp=AlwaysTrue)",0.000000,14.336000
3964,0.000000,1,vkCmdDrawIndexed(),Native Render > Render Pass [clear: Depth] > Native IRIS_Scene01_Pale.g2d (m: 0 l: 0) > IRIS_Scene01_Pale.g3d_0_0_0,Native Render,Native IRIS_Scene01_Pale.g2d (m: 0 l: 0),0,IRIS_Scene01_Pale.g3d_0_0_0,120,49-256,1,,,,,,,(none),,0.000000,0.000000
3975,0.000000,1,vkCmdDrawIndexed(),Native Render > Render Pass [clear: Depth] > Native AMORTOS_Scene01_L.O.D..g2d (m: 0 l: 0) > AMORTOS_Scene01_L.O.D..g3d_0_1_0,Native Render,Native AMORTOS_Scene01_L.O.D..g2d (m: 0 l: 0),0,AMORTOS_Scene01_L.O.D..g3d_0_1_0,663,257-1024,1,,,,,,,(none),,0.000000,0.000000
3987,0.819200,1,vkCmdDrawIndexed(),Native Render > Render Pass [clear: Depth] > Native FENCE_PICK_Scene01_Fence_Pick.g2d (m: 0 l: 0) > Material 0 > FENCE_PICK_Scene01_Fence_Pick.g3d_0_0_0,Native Render,Native FENCE_PICK_Scene01_Fence_Pick.g2d (m: 0 l: 0),0,FENCE_PICK_Scene01_Fence_Pick.g3d_0_0_0,108,49-256,1,Native Previewer GLSL Blend 256 (ResourceId::15346),"rt0:blend=on,mask=RGBA",test=on write=on func=CompareFunction.Greater,rt0=RGBA,rt0=2D Color Attachment 3466 (ResourceId::3466),2D Depth/Stencil Attachment 3470 (ResourceId::3470),"GSTexImage Image (64, 32) pallete: 0 (ResourceId::11552) (ImageSampler, addr=Wrap,mip=0,cmp=Never)","Pixel:ReadOnlyResources[0:0]=GSTexImage Image (64, 32) pallete: 0 (ResourceId::11552) (ImageSampler, addr=Wrap,mip=0,cmp=Never); Vertex:ReadWriteResources[0:0]=Buffer 1876 (ResourceId::1876) (ReadWriteBuffer, addr=Wrap,mip=0,cmp=AlwaysTrue); Vertex:ReadWriteResources[1:0]=Buffer 1882 (ResourceId::1882) (ReadWriteBuffer, addr=Wrap,mip=0,cmp=AlwaysTrue); Vertex:ReadWriteResources[2:0]=Buffer 1888 (ResourceId::1888) (ReadWriteBuffer, addr=Wrap,mip=0,cmp=AlwaysTrue); Vertex:ReadWriteResources[3:0]=Buffer 1894 (ResourceId::1894) (ReadWriteBuffer, addr=Wrap,mip=0,cmp=AlwaysTrue)",0.000000,4.096000
3995,0.000000,1,vkCmdDrawIndexed(),Native Render > Render Pass [clear: Depth] > Native FENCE_PICK_Scene01_Fence_Pick.g2d (m: 0 l: 0) > Material 0 > FENCE_PICK_Scene01_Fence_Pick.g3d_0_0_0,Native Render,Native FENCE_PICK_Scene01_Fence_Pick.g2d (m: 0 l: 0),0,FENCE_PICK_Scene01_Fence_Pick.g3d_0_0_0,108,49-256,1,,,,,,,(none),,0.000000,0.000000
4003,0.307200,1,vkCmdDrawIndexed(),Native Render > Render Pass [clear: Depth] > Native FENCE_PICK_Scene01_Fence_Pick.g2d (m: 0 l: 0) > Material 0 > FENCE_PICK_Scene01_Fence_Pick.g3d_0_0_0,Native Render,Native FENCE_PICK_Scene01_Fence_Pick.g2d (m: 0 l: 0),0,FENCE_PICK_Scene01_Fence_Pick.g3d_0_0_0,108,49-256,1,Native Previewer GLSL Blend 256 (ResourceId::15346),"rt0:blend=on,mask=RGBA",test=on write=on func=CompareFunction.Greater,rt0=RGBA,rt0=2D Color Attachment 3466 (ResourceId::3466),2D Depth/Stencil Attachment 3470 (ResourceId::3470),"GSTexImage Image (64, 32) pallete: 0 (ResourceId::11552) (ImageSampler, addr=Wrap,mip=0,cmp=Never)","Pixel:ReadOnlyResources[0:0]=GSTexImage Image (64, 32) pallete: 0 (ResourceId::11552) (ImageSampler, addr=Wrap,mip=0,cmp=Never); Vertex:ReadWriteResources[0:0]=Buffer 1876 (ResourceId::1876) (ReadWriteBuffer, addr=Wrap,mip=0,cmp=AlwaysTrue); Vertex:ReadWriteResources[1:0]=Buffer 1882 (ResourceId::1882) (ReadWriteBuffer, addr=Wrap,mip=0,cmp=AlwaysTrue); Vertex:ReadWriteResources[2:0]=Buffer 1888 (ResourceId::1888) (ReadWriteBuffer, addr=Wrap,mip=0,cmp=AlwaysTrue); Vertex:ReadWriteResources[3:0]=Buffer 1894 (ResourceId::1894) (ReadWriteBuffer, addr=Wrap,mip=0,cmp=AlwaysTrue)",0.000000,3.072000
4011,0.000000,1,vkCmdDrawIndexed(),Native Render > Render Pass [clear: Depth] > Native FENCE_PICK_Scene01_Fence_Pick.g2d (m: 0 l: 0) > Material 0 > FENCE_PICK_Scene01_Fence_Pick.g3d_0_0_0,Native Render,Native FENCE_PICK_Scene01_Fence_Pick.g2d (m: 0 l: 0),0,FENCE_PICK_Scene01_Fence_Pick.g3d_0_0_0,108,49-256,1,,,,,,,(none),,0.000000,0.000000
4019,0.000000,1,vkCmdDrawIndexed(),Native Render > Render Pass [clear: Depth] > Native FENCE_PICK_Scene01_Fence_Pick.g2d (m: 0 l: 0) > Material 0 > FENCE_PICK_Scene01_Fence_Pick.g3d_0_0_0,Native Render,Native FENCE_PICK_Scene01_Fence_Pick.g2d (m: 0 l: 0),0,FENCE_PICK_Scene01_Fence_Pick.g3d_0_0_0,108,49-256,1,,,,,,,(none),,0.000000,0.000000
4032,1.945600,1,vkCmdDrawIndexed(),Native Render > Render Pass [clear: Depth] > Native KIM_Scene01_L.O.D..g2d (m: 18 l: 0) > Material 18 > KIM_Scene01_L.O.D..g3d_0_1_9,Native Render,Native KIM_Scene01_L.O.D..g2d (m: 18 l: 0),18,KIM_Scene01_L.O.D..g3d_0_1_9,549,257-1024,1,Native Previewer GLSL Blend 256 (ResourceId::15346),"rt0:blend=on,mask=RGBA",test=on write=on func=CompareFunction.Greater,rt0=RGBA,rt0=2D Color Attachment 3466 (ResourceId::3466),2D Depth/Stencil Attachment 3470 (ResourceId::3470),"GSTexImage Image (256, 256) pallete: 0 (ResourceId::11040) (ImageSampler, addr=ClampEdge,mip=0,cmp=Never)","Pixel:ReadOnlyResources[0:0]=GSTexImage Image (256, 256) pallete: 0 (ResourceId::11040) (ImageSampler, addr=ClampEdge,mip=0,cmp=Never); Vertex:ReadWriteResources[0:0]=Buffer 1876 (ResourceId::1876) (ReadWriteBuffer, addr=Wrap,mip=0,cmp=AlwaysTrue); Vertex:ReadWriteResources[1:0]=Buffer 1882 (ResourceId::1882) (ReadWriteBuffer, addr=Wrap,mip=0,cmp=AlwaysTrue); Vertex:ReadWriteResources[2:0]=Buffer 1888 (ResourceId::1888) (ReadWriteBuffer, addr=Wrap,mip=0,cmp=AlwaysTrue); Vertex:ReadWriteResources[3:0]=Buffer 1894 (ResourceId::1894) (ReadWriteBuffer, addr=Wrap,mip=0,cmp=AlwaysTrue)",0.000000,6.144000
4040,0.409600,1,vkCmdDrawIndexed(),Native Render > Render Pass [clear: Depth] > Native KIM_Scene01_L.O.D..g2d (m: 18 l: 0) > Material 18 > KIM_Scene01_L.O.D..g3d_0_1_8,Native Render,Native KIM_Scene01_L.O.D..g2d (m: 18 l: 0),18,KIM_Scene01_L.O.D..g3d_0_1_8,879,257-1024,1,Native Previewer GLSL Blend 256 (ResourceId::15346),"rt0:blend=on,mask=RGBA",test=on write=on func=CompareFunction.Greater,rt0=RGBA,rt0=2D Color Attachment 3466 (ResourceId::3466),2D Depth/Stencil Attachment 3470 (ResourceId::3470),"GSTexImage Image (256, 256) pallete: 0 (ResourceId::11040) (ImageSampler, addr=ClampEdge,mip=0,cmp=Never)","Pixel:ReadOnlyResources[0:0]=GSTexImage Image (256, 256) pallete: 0 (ResourceId::11040) (ImageSampler, addr=ClampEdge,mip=0,cmp=Never); Vertex:ReadWriteResources[0:0]=Buffer 1876 (ResourceId::1876) (ReadWriteBuffer, addr=Wrap,mip=0,cmp=AlwaysTrue); Vertex:ReadWriteResources[1:0]=Buffer 1882 (ResourceId::1882) (ReadWriteBuffer, addr=Wrap,mip=0,cmp=AlwaysTrue); Vertex:ReadWriteResources[2:0]=Buffer 1888 (ResourceId::1888) (ReadWriteBuffer, addr=Wrap,mip=0,cmp=AlwaysTrue); Vertex:ReadWriteResources[3:0]=Buffer 1894 (ResourceId::1894) (ReadWriteBuffer, addr=Wrap,mip=0,cmp=AlwaysTrue)",0.000000,3.072000
4048,1.843200,1,vkCmdDrawIndexed(),Native Render > Render Pass [clear: Depth] > Native KIM_Scene01_L.O.D..g2d (m: 18 l: 0) > Material 18 > KIM_Scene01_L.O.D..g3d_0_1_7,Native Render,Native KIM_Scene01_L.O.D..g2d (m: 18 l: 0),18,KIM_Scene01_L.O.D..g3d_0_1_7,444,257-1024,1,Native Previewer GLSL Blend 256 (ResourceId::15346),"rt0:blend=on,mask=RGBA",test=on write=on func=CompareFunction.Greater,rt0=RGBA,rt0=2D Color Attachment 3466 (ResourceId::3466),2D Depth/Stencil Attachment 3470 (ResourceId::3470),"GSTexImage Image (256, 256) pallete: 0 (ResourceId::11040) (ImageSampler, addr=ClampEdge,mip=0,cmp=Never)","Pixel:ReadOnlyResources[0:0]=GSTexImage Image (256, 256) pallete: 0 (ResourceId::11040) (ImageSampler, addr=ClampEdge,mip=0,cmp=Never); Vertex:ReadWriteResources[0:0]=Buffer 1876 (ResourceId::1876) (ReadWriteBuffer, addr=Wrap,mip=0,cmp=AlwaysTrue); Vertex:ReadWriteResources[1:0]=Buffer 1882 (ResourceId::1882) (ReadWriteBuffer, addr=Wrap,mip=0,cmp=AlwaysTrue); Vertex:ReadWriteResources[2:0]=Buffer 1888 (ResourceId::1888) (ReadWriteBuffer, addr=Wrap,mip=0,cmp=AlwaysTrue); Vertex:ReadWriteResources[3:0]=Buffer 1894 (ResourceId::1894) (ReadWriteBuffer, addr=Wrap,mip=0,cmp=AlwaysTrue)",0.000000,13.312000
4056,1.843200,1,vkCmdDrawIndexed(),Native Render > Render Pass [clear: Depth] > Native KIM_Scene01_L.O.D..g2d (m: 18 l: 0) > Material 18 > KIM_Scene01_L.O.D..g3d_0_1_6,Native Render,Native KIM_Scene01_L.O.D..g2d (m: 18 l: 0),18,KIM_Scene01_L.O.D..g3d_0_1_6,618,257-1024,1,Native Previewer GLSL Blend 256 (ResourceId::15346),"rt0:blend=on,mask=RGBA",test=on write=on func=CompareFunction.Greater,rt0=RGBA,rt0=2D Color Attachment 3466 (ResourceId::3466),2D Depth/Stencil Attachment 3470 (ResourceId::3470),"GSTexImage Image (256, 256) pallete: 0 (ResourceId::11040) (ImageSampler, addr=ClampEdge,mip=0,cmp=Never)","Pixel:ReadOnlyResources[0:0]=GSTexImage Image (256, 256) pallete: 0 (ResourceId::11040) (ImageSampler, addr=ClampEdge,mip=0,cmp=Never); Vertex:ReadWriteResources[0:0]=Buffer 1876 (ResourceId::1876) (ReadWriteBuffer, addr=Wrap,mip=0,cmp=AlwaysTrue); Vertex:ReadWriteResources[1:0]=Buffer 1882 (ResourceId::1882) (ReadWriteBuffer, addr=Wrap,mip=0,cmp=AlwaysTrue); Vertex:ReadWriteResources[2:0]=Buffer 1888 (ResourceId::1888) (ReadWriteBuffer, addr=Wrap,mip=0,cmp=AlwaysTrue); Vertex:ReadWriteResources[3:0]=Buffer 1894 (ResourceId::1894) (ReadWriteBuffer, addr=Wrap,mip=0,cmp=AlwaysTrue)",0.000000,13.312000
4064,1.228800,1,vkCmdDrawIndexed(),Native Render > Render Pass [clear: Depth] > Native KIM_Scene01_L.O.D..g2d (m: 18 l: 0) > Material 18 > KIM_Scene01_L.O.D..g3d_0_1_4,Native Render,Native KIM_Scene01_L.O.D..g2d (m: 18 l: 0),18,KIM_Scene01_L.O.D..g3d_0_1_4,744,257-1024,1,Native Previewer GLSL Blend 256 (ResourceId::15346),"rt0:blend=on,mask=RGBA",test=on write=on func=CompareFunction.Greater,rt0=RGBA,rt0=2D Color Attachment 3466 (ResourceId::3466),2D Depth/Stencil Attachment 3470 (ResourceId::3470),"GSTexImage Image (256, 256) pallete: 0 (ResourceId::11040) (ImageSampler, addr=ClampEdge,mip=0,cmp=Never)","Pixel:ReadOnlyResources[0:0]=GSTexImage Image (256, 256) pallete: 0 (ResourceId::11040) (ImageSampler, addr=ClampEdge,mip=0,cmp=Never); Vertex:ReadWriteResources[0:0]=Buffer 1876 (ResourceId::1876) (ReadWriteBuffer, addr=Wrap,mip=0,cmp=AlwaysTrue); Vertex:ReadWriteResources[1:0]=Buffer 1882 (ResourceId::1882) (ReadWriteBuffer, addr=Wrap,mip=0,cmp=AlwaysTrue); Vertex:ReadWriteResources[2:0]=Buffer 1888 (ResourceId::1888) (ReadWriteBuffer, addr=Wrap,mip=0,cmp=AlwaysTrue); Vertex:ReadWriteResources[3:0]=Buffer 1894 (ResourceId::1894) (ReadWriteBuffer, addr=Wrap,mip=0,cmp=AlwaysTrue)",0.000000,8.192000
4072,0.204800,1,vkCmdDrawIndexed(),Native Render > Render Pass [clear: Depth] > Native KIM_Scene01_L.O.D..g2d (m: 18 l: 0) > Material 18 > KIM_Scene01_L.O.D..g3d_0_1_3,Native Render,Native KIM_Scene01_L.O.D..g2d (m: 18 l: 0),18,KIM_Scene01_L.O.D..g3d_0_1_3,759,257-1024,1,Native Previewer GLSL Blend 256 (ResourceId::15346),"rt0:blend=on,mask=RGBA",test=on write=on func=CompareFunction.Greater,rt0=RGBA,rt0=2D Color Attachment 3466 (ResourceId::3466),2D Depth/Stencil Attachment 3470 (ResourceId::3470),"GSTexImage Image (256, 256) pallete: 0 (ResourceId::11040) (ImageSampler, addr=ClampEdge,mip=0,cmp=Never)","Pixel:ReadOnlyResources[0:0]=GSTexImage Image (256, 256) pallete: 0 (ResourceId::11040) (ImageSampler, addr=ClampEdge,mip=0,cmp=Never); Vertex:ReadWriteResources[0:0]=Buffer 1876 (ResourceId::1876) (ReadWriteBuffer, addr=Wrap,mip=0,cmp=AlwaysTrue); Vertex:ReadWriteResources[1:0]=Buffer 1882 (ResourceId::1882) (ReadWriteBuffer, addr=Wrap,mip=0,cmp=AlwaysTrue); Vertex:ReadWriteResources[2:0]=Buffer 1888 (ResourceId::1888) (ReadWriteBuffer, addr=Wrap,mip=0,cmp=AlwaysTrue); Vertex:ReadWriteResources[3:0]=Buffer 1894 (ResourceId::1894) (ReadWriteBuffer, addr=Wrap,mip=0,cmp=AlwaysTrue)",0.000000,1.024000
4080,0.409600,1,vkCmdDrawIndexed(),Native Render > Render Pass [clear: Depth] > Native KIM_Scene01_L.O.D..g2d (m: 18 l: 0) > Material 18 > KIM_Scene01_L.O.D..g3d_0_1_2,Native Render,Native KIM_Scene01_L.O.D..g2d (m: 18 l: 0),18,KIM_Scene01_L.O.D..g3d_0_1_2,1143,1025-4096,1,Native Previewer GLSL Blend 256 (ResourceId::15346),"rt0:blend=on,mask=RGBA",test=on write=on func=CompareFunction.Greater,rt0=RGBA,rt0=2D Color Attachment 3466 (ResourceId::3466),2D Depth/Stencil Attachment 3470 (ResourceId::3470),"GSTexImage Image (256, 256) pallete: 0 (ResourceId::11040) (ImageSampler, addr=ClampEdge,mip=0,cmp=Never)","Pixel:ReadOnlyResources[0:0]=GSTexImage Image (256, 256) pallete: 0 (ResourceId::11040) (ImageSampler, addr=ClampEdge,mip=0,cmp=Never); Vertex:ReadWriteResources[0:0]=Buffer 1876 (ResourceId::1876) (ReadWriteBuffer, addr=Wrap,mip=0,cmp=AlwaysTrue); Vertex:ReadWriteResources[1:0]=Buffer 1882 (ResourceId::1882) (ReadWriteBuffer, addr=Wrap,mip=0,cmp=AlwaysTrue); Vertex:ReadWriteResources[2:0]=Buffer 1888 (ResourceId::1888) (ReadWriteBuffer, addr=Wrap,mip=0,cmp=AlwaysTrue); Vertex:ReadWriteResources[3:0]=Buffer 1894 (ResourceId::1894) (ReadWriteBuffer, addr=Wrap,mip=0,cmp=AlwaysTrue)",0.000000,4.096000
4088,0.512000,1,vkCmdDrawIndexed(),Native Render > Render Pass [clear: Depth] > Native KIM_Scene01_L.O.D..g2d (m: 18 l: 0) > Material 18 > KIM_Scene01_L.O.D..g3d_0_1_0,Native Render,Native KIM_Scene01_L.O.D..g2d (m: 18 l: 0),18,KIM_Scene01_L.O.D..g3d_0_1_0,4365,4097+,1,Native Previewer GLSL Blend 256 (ResourceId::15346),"rt0:blend=on,mask=RGBA",test=on write=on func=CompareFunction.Greater,rt0=RGBA,rt0=2D Color Attachment 3466 (ResourceId::3466),2D Depth/Stencil Attachment 3470 (ResourceId::3470),"GSTexImage Image (256, 256) pallete: 0 (ResourceId::11040) (ImageSampler, addr=ClampEdge,mip=0,cmp=Never)","Pixel:ReadOnlyResources[0:0]=GSTexImage Image (256, 256) pallete: 0 (ResourceId::11040) (ImageSampler, addr=ClampEdge,mip=0,cmp=Never); Vertex:ReadWriteResources[0:0]=Buffer 1876 (ResourceId::1876) (ReadWriteBuffer, addr=Wrap,mip=0,cmp=AlwaysTrue); Vertex:ReadWriteResources[1:0]=Buffer 1882 (ResourceId::1882) (ReadWriteBuffer, addr=Wrap,mip=0,cmp=AlwaysTrue); Vertex:ReadWriteResources[2:0]=Buffer 1888 (ResourceId::1888) (ReadWriteBuffer, addr=Wrap,mip=0,cmp=AlwaysTrue); Vertex:ReadWriteResources[3:0]=Buffer 1894 (ResourceId::1894) (ReadWriteBuffer, addr=Wrap,mip=0,cmp=AlwaysTrue)",0.000000,1.024000
4100,0.000000,1,vkCmdDrawIndexed(),Native Render > Render Pass [clear: Depth] > Native EXPLOSIVE_CASK_LOW_Scene01_Cask_01_explosive_cask.g2d (m: 0 l: 0) > EXPLOSIVE_CASK_LOW_Scene01_Cask_01_explosive_cask.g3d_0_0_0,Native Render,Native EXPLOSIVE_CASK_LOW_Scene01_Cask_01_explosive_cask.g2d (m: 0 l: 0),0,EXPLOSIVE_CASK_LOW_Scene01_Cask_01_explosive_cask.g3d_0_0_0,420,257-1024,1,,,,,,,(none),,0.000000,0.000000
4108,1.228800,1,vkCmdDrawIndexed(),Native Render > Render Pass [clear: Depth] > Native EXPLOSIVE_CASK_LOW_Scene01_Cask_01_explosive_cask.g2d (m: 0 l: 0) > EXPLOSIVE_CASK_LOW_Scene01_Cask_01_explosive_cask.g3d_0_0_0,Native Render,Native EXPLOSIVE_CASK_LOW_Scene01_Cask_01_explosive_cask.g2d (m: 0 l: 0),0,EXPLOSIVE_CASK_LOW_Scene01_Cask_01_explosive_cask.g3d_0_0_0,420,257-1024,1,Native Previewer GLSL Blend 256 (ResourceId::15346),"rt0:blend=on,mask=RGBA",test=on write=on func=CompareFunction.Greater,rt0=RGBA,rt0=2D Color Attachment 3466 (ResourceId::3466),2D Depth/Stencil Attachment 3470 (ResourceId::3470),"GSTexImage Image (128, 64) pallete: 0 (ResourceId::11648) (ImageSampler, addr=ClampEdge,mip=0,cmp=Never)","Pixel:ReadOnlyResources[0:0]=GSTexImage Image (128, 64) pallete: 0 (ResourceId::11648) (ImageSampler, addr=ClampEdge,mip=0,cmp=Never); Vertex:ReadWriteResources[0:0]=Buffer 1876 (ResourceId::1876) (ReadWriteBuffer, addr=Wrap,mip=0,cmp=AlwaysTrue); Vertex:ReadWriteResources[1:0]=Buffer 1882 (ResourceId::1882) (ReadWriteBuffer, addr=Wrap,mip=0,cmp=AlwaysTrue); Vertex:ReadWriteResources[2:0]=Buffer 1888 (ResourceId::1888) (ReadWriteBuffer, addr=Wrap,mip=0,cmp=AlwaysTrue); Vertex:ReadWriteResources[3:0]=Buffer 1894 (ResourceId::1894) (ReadWriteBuffer, addr=Wrap,mip=0,cmp=AlwaysTrue)",0.000000,5.120000
4116,0.000000,1,vkCmdDrawIndexed(),Native Render > Render Pass [clear: Depth] > Native EXPLOSIVE_CASK_LOW_Scene01_Cask_01_explosive_cask.g2d (m: 0 l: 0) > EXPLOSIVE_CASK_LOW_Scene01_Cask_01_explosive_cask.g3d_0_0_0,Native Render,Native EXPLOSIVE_CASK_LOW_Scene01_Cask_01_explosive_cask.g2d (m: 0 l: 0),0,EXPLOSIVE_CASK_LOW_Scene01_Cask_01_explosive_cask.g3d_0_0_0,420,257-1024,1,,,,,,,(none),,0.000000,0.000000
4128,0.000000,1,vkCmdDrawIndexed(),Native Render > Render Pass [clear: Depth] > Native SECT11.g2d (m: 4 l: 0) > Material 4 > SECT11.g3d_16,Native Render,Native SECT11.g2d (m: 4 l: 0),4,SECT11.g3d_16,84,49-256,1,,,,,,,(none),,0.000000,0.000000
4137,0.000000,1,vkCmdDrawIndexed(),Native Render > Render Pass [clear: Depth] > Native SECT11.g2d (m: 4 l: 0) > Material 4 > SECT11.g3d_14,Native Render,Native SECT11.g2d (m: 4 l: 0),4,SECT11.g3d_14,141,49-256,1,,,,,,,(none),,0.000000,0.000000
4146,0.000000,1,vkCmdDrawIndexed(),Native Render > Render Pass [clear: Depth] > Native SECT11.g2d (m: 4 l: 0) > Material 4 > SECT11.g3d_18,Native Render,Native SECT11.g2d (m: 4 l: 0),4,SECT11.g3d_18,54,49-256,1,,,,,,,(none),,0.000000,0.000000
4155,0.000000,1,vkCmdDrawIndexed(),Native Render > Render Pass [clear: Depth] > Native SECT11.g2d (m: 4 l: 0) > Material 4 > SECT11.g3d_17,Native Render,Native SECT11.g2d (m: 4 l: 0),4,SECT11.g3d_17,138,49-256,1,,,,,,,(none),,0.000000,0.000000
4164,0.000000,1,vkCmdDrawIndexed(),Native Render > Render Pass [clear: Depth] > Native SECT11.g2d (m: 4 l: 0) > Material 4 > SECT11.g3d_12,Native Render,Native SECT11.g2d (m: 4 l: 0),4,SECT11.g3d_12,114,49-256,1,,,,,,,(none),,0.000000,0.000000
4173,0.000000,1,vkCmdDrawIndexed(),Native Render > Render Pass [clear: Depth] > Native SECT11.g2d (m: 4 l: 0) > Material 4 > SECT11.g3d_25,Native Render,Native SECT11.g2d (m: 4 l: 0),4,SECT11.g3d_25,114,49-256,1,,,,,,,(none),,0.000000,0.000000
4182,0.000000,1,vkCmdDrawIndexed(),Native Render > Render Pass [clear: Depth] > Native SECT11.g2d (m: 4 l: 0) > Material 4 > SECT11.g3d_26,Native Render,Native SECT11.g2d (m: 4 l: 0),4,SECT11.g3d_26,6,4-12,1,,,,,,,(none),,0.000000,0.000000
4191,0.000000,1,vkCmdDrawIndexed(),Native Render > Render Pass [clear: Depth] > Native SECT11.g2d (m: 4 l: 0) > Material 4 > SECT11.g3d_15,Native Render,Native SECT11.g2d (m: 4 l: 0),4,SECT11.g3d_15,234,49-256,1,,,,,,,(none),,0.000000,0.000000
4200,0.000000,1,vkCmdDrawIndexed(),Native Render > Render Pass [clear: Depth] > Native SECT11.g2d (m: 4 l: 0) > Material 4 > SECT11.g3d_27,Native Render,Native SECT11.g2d (m: 4 l: 0),4,SECT11.g3d_27,150,49-256,1,,,,,,,(none),,0.000000,0.000000
4209,0.000000,1,vkCmdDrawIndexed(),Native Render > Render Pass [clear: Depth] > Native SECT11.g2d (m: 4 l: 0) > Material 4 > SECT11.g3d_13,Native Render,Native SECT11.g2d (m: 4 l: 0),4,SECT11.g3d_13,114,49-256,1,,,,,,,(none),,0.000000,0.000000
4218,0.000000,1,vkCmdDrawIndexed(),Native Render > Render Pass [clear: Depth] > Native SECT11.g2d (m: 4 l: 0) > Material 4 > SECT11.g3d_8,Native Render,Native SECT11.g2d (m: 4 l: 0),4,SECT11.g3d_8,84,49-256,1,,,,,,,(none),,0.000000,0.000000
4227,0.000000,1,vkCmdDrawIndexed(),Native Render > Render Pass [clear: Depth] > Native SECT11.g2d (m: 4 l: 0) > Material 4 > SECT11.g3d_9,Native Render,Native SECT11.g2d (m: 4 l: 0),4,SECT11.g3d_9,15,13-48,1,,,,,,,(none),,0.000000,0.000000
4239,0.819200,1,vkCmdDrawIndexed(),Native Render > Render Pass [clear: Depth] > Native NATIVCITY_SNAPS.G2D (m: 0 l: 0) > TELEPORTER_LVL_DOOR_Scene01_Cap.g3d_0_0_2,Native Render,Native NATIVCITY_SNAPS.G2D (m: 0 l: 0),0,TELEPORTER_LVL_DOOR_Scene01_Cap.g3d_0_0_2,318,257-1024,1,Native Previewer GLSL Blend 266 (ResourceId::16579),"rt0:blend=on,mask=RGBA",test=on write=on func=CompareFunction.Greater,rt0=RGBA,rt0=2D Color Attachment 3466 (ResourceId::3466),2D Depth/Stencil Attachment 3470 (ResourceId::3470),"GSTexImage Image (128, 128) pallete: 0 (ResourceId::9872) (ImageSampler, addr=ClampEdge,mip=0,cmp=Never)","Pixel:ReadOnlyResources[0:0]=GSTexImage Image (128, 128) pallete: 0 (ResourceId::9872) (ImageSampler, addr=ClampEdge,mip=0,cmp=Never); Vertex:ReadWriteResources[0:0]=Buffer 1876 (ResourceId::1876) (ReadWriteBuffer, addr=Wrap,mip=0,cmp=AlwaysTrue); Vertex:ReadWriteResources[1:0]=Buffer 1882 (ResourceId::1882) (ReadWriteBuffer, addr=Wrap,mip=0,cmp=AlwaysTrue); Vertex:ReadWriteResources[2:0]=Buffer 1888 (ResourceId::1888) (ReadWriteBuffer, addr=Wrap,mip=0,cmp=AlwaysTrue); Vertex:ReadWriteResources[3:0]=Buffer 1894 (ResourceId::1894) (ReadWriteBuffer, addr=Wrap,mip=0,cmp=AlwaysTrue)",0.000000,4.096000
4251,0.102400,1,vkCmdDrawIndexed(),Native Render > Render Pass [clear: Depth] > Native SECT1.g2d (m: 58 l: 0) > Material 58 > SECT1.g3d_5_0_6,Native Render,Native SECT1.g2d (m: 58 l: 0),58,SECT1.g3d_5_0_6,27,13-48,1,Native Previewer GLSL Blend 266 (ResourceId::16579),"rt0:blend=on,mask=RGBA",test=on write=on func=CompareFunction.Greater,rt0=RGBA,rt0=2D Color Attachment 3466 (ResourceId::3466),2D Depth/Stencil Attachment 3470 (ResourceId::3470),"GSTexImage Image (128, 128) pallete: 0 (ResourceId::12720) (ImageSampler, addr=Wrap,mip=0,cmp=Never)","Pixel:ReadOnlyResources[0:0]=GSTexImage Image (128, 128) pallete: 0 (ResourceId::12720) (ImageSampler, addr=Wrap,mip=0,cmp=Never); Vertex:ReadWriteResources[0:0]=Buffer 1876 (ResourceId::1876) (ReadWriteBuffer, addr=Wrap,mip=0,cmp=AlwaysTrue); Vertex:ReadWriteResources[1:0]=Buffer 1882 (ResourceId::1882) (ReadWriteBuffer, addr=Wrap,mip=0,cmp=AlwaysTrue); Vertex:ReadWriteResources[2:0]=Buffer 1888 (ResourceId::1888) (ReadWriteBuffer, addr=Wrap,mip=0,cmp=AlwaysTrue); Vertex:ReadWriteResources[3:0]=Buffer 1894 (ResourceId::1894) (ReadWriteBuffer, addr=Wrap,mip=0,cmp=AlwaysTrue)",0.000000,1.024000
4264,0.000000,1,vkCmdDrawIndexed(),Native Render > Render Pass [clear: Depth] > Native SECT1.g2d (m: 55 l: 0) > Material 55 > SECT1.g3d_4_0_111,Native Render,Native SECT1.g2d (m: 55 l: 0),55,SECT1.g3d_4_0_111,15,13-48,1,,,,,,,(none),,0.000000,0.000000
4277,0.000000,1,vkCmdDrawIndexed(),Native Render > Render Pass [clear: Depth] > Native SECT1.g2d (m: 47 l: 0) > Material 47 > SECT1.g3d_2_0_70,Native Render,Native SECT1.g2d (m: 47 l: 0),47,SECT1.g3d_2_0_70,36,13-48,1,,,,,,,(none),,0.000000,0.000000
4290,7.987200,1,vkCmdDrawIndexed(),Native Render > Render Pass [clear: Depth] > Native SECT1.g2d (m: 10 l: 0) > Material 10 > SECT1.g3d_4_0_75,Native Render,Native SECT1.g2d (m: 10 l: 0),10,SECT1.g3d_4_0_75,114,49-256,1,Native Previewer GLSL Blend 266 (ResourceId::16579),"rt0:blend=on,mask=RGBA",test=on write=on func=CompareFunction.Greater,rt0=RGBA,rt0=2D Color Attachment 3466 (ResourceId::3466),2D Depth/Stencil Attachment 3470 (ResourceId::3470),"GSTexImage Image (128, 128) pallete: 0 (ResourceId::11952) (ImageSampler, addr=ClampEdge,mip=0,cmp=Never)","Pixel:ReadOnlyResources[0:0]=GSTexImage Image (128, 128) pallete: 0 (ResourceId::11952) (ImageSampler, addr=ClampEdge,mip=0,cmp=Never); Vertex:ReadWriteResources[0:0]=Buffer 1876 (ResourceId::1876) (ReadWriteBuffer, addr=Wrap,mip=0,cmp=AlwaysTrue); Vertex:ReadWriteResources[1:0]=Buffer 1882 (ResourceId::1882) (ReadWriteBuffer, addr=Wrap,mip=0,cmp=AlwaysTrue); Vertex:ReadWriteResources[2:0]=Buffer 1888 (ResourceId::1888) (ReadWriteBuffer, addr=Wrap,mip=0,cmp=AlwaysTrue); Vertex:ReadWriteResources[3:0]=Buffer 1894 (ResourceId::1894) (ReadWriteBuffer, addr=Wrap,mip=0,cmp=AlwaysTrue)",0.000000,25.600000
4298,0.204800,1,vkCmdDrawIndexed(),Native Render > Render Pass [clear: Depth] > Native SECT1.g2d (m: 10 l: 0) > Material 10 > SECT1.g3d_2_0_57,Native Render,Native SECT1.g2d (m: 10 l: 0),10,SECT1.g3d_2_0_57,51,49-256,1,Native Previewer GLSL Blend 266 (ResourceId::16579),"rt0:blend=on,mask=RGBA",test=on write=on func=CompareFunction.Greater,rt0=RGBA,rt0=2D Color Attachment 3466 (ResourceId::3466),2D Depth/Stencil Attachment 3470 (ResourceId::3470),"GSTexImage Image (128, 128) pallete: 0 (ResourceId::11952) (ImageSampler, addr=ClampEdge,mip=0,cmp=Never)","Pixel:ReadOnlyResources[0:0]=GSTexImage Image (128, 128) pallete: 0 (ResourceId::11952) (ImageSampler, addr=ClampEdge,mip=0,cmp=Never); Vertex:ReadWriteResources[0:0]=Buffer 1876 (ResourceId::1876) (ReadWriteBuffer, addr=Wrap,mip=0,cmp=AlwaysTrue); Vertex:ReadWriteResources[1:0]=Buffer 1882 (ResourceId::1882) (ReadWriteBuffer, addr=Wrap,mip=0,cmp=AlwaysTrue); Vertex:ReadWriteResources[2:0]=Buffer 1888 (ResourceId::1888) (ReadWriteBuffer, addr=Wrap,mip=0,cmp=AlwaysTrue); Vertex:ReadWriteResources[3:0]=Buffer 1894 (ResourceId::1894) (ReadWriteBuffer, addr=Wrap,mip=0,cmp=AlwaysTrue)",0.000000,2.048000
4306,0.000000,1,vkCmdDrawIndexed(),Native Render > Render Pass [clear: Depth] > Native SECT1.g2d (m: 10 l: 0) > Material 10 > SECT1.g3d_2_0_49,Native Render,Native SECT1.g2d (m: 10 l: 0),10,SECT1.g3d_2_0_49,72,49-256,1,,,,,,,(none),,0.000000,0.000000
4314,0.000000,1,vkCmdDrawIndexed(),Native Render > Render Pass [clear: Depth] > Native SECT1.g2d (m: 10 l: 0) > Material 10 > SECT1.g3d_2_0_48,Native Render,Native SECT1.g2d (m: 10 l: 0),10,SECT1.g3d_2_0_48,42,13-48,1,,,,,,,(none),,0.000000,0.000000
4322,0.819200,1,vkCmdDrawIndexed(),Native Render > Render Pass [clear: Depth] > Native SECT1.g2d (m: 10 l: 0) > Material 10 > SECT1.g3d_196,Native Render,Native SECT1.g2d (m: 10 l: 0),10,SECT1.g3d_196,87,49-256,1,Native Previewer GLSL Blend 266 (ResourceId::16579),"rt0:blend=on,mask=RGBA",test=on write=on func=CompareFunction.Greater,rt0=RGBA,rt0=2D Color Attachment 3466 (ResourceId::3466),2D Depth/Stencil Attachment 3470 (ResourceId::3470),"GSTexImage Image (128, 128) pallete: 0 (ResourceId::11952) (ImageSampler, addr=ClampEdge,mip=0,cmp=Never)","Pixel:ReadOnlyResources[0:0]=GSTexImage Image (128, 128) pallete: 0 (ResourceId::11952) (ImageSampler, addr=ClampEdge,mip=0,cmp=Never); Vertex:ReadWriteResources[0:0]=Buffer 1876 (ResourceId::1876) (ReadWriteBuffer, addr=Wrap,mip=0,cmp=AlwaysTrue); Vertex:ReadWriteResources[1:0]=Buffer 1882 (ResourceId::1882) (ReadWriteBuffer, addr=Wrap,mip=0,cmp=AlwaysTrue); Vertex:ReadWriteResources[2:0]=Buffer 1888 (ResourceId::1888) (ReadWriteBuffer, addr=Wrap,mip=0,cmp=AlwaysTrue); Vertex:ReadWriteResources[3:0]=Buffer 1894 (ResourceId::1894) (ReadWriteBuffer, addr=Wrap,mip=0,cmp=AlwaysTrue)",0.000000,4.096000
4335,0.921600,1,vkCmdDrawIndexed(),Native Render > Render Pass [clear: Depth] > Native SECT1.g2d (m: 22 l: 0) > Material 22 > SECT1.g3d_4_0_76,Native Render,Native SECT1.g2d (m: 22 l: 0),22,SECT1.g3d_4_0_76,114,49-256,1,Native Previewer GLSL Blend 266 (ResourceId::16579),"rt0:blend=on,mask=RGBA",test=on write=on func=CompareFunction.Greater,rt0=RGBA,rt0=2D Color Attachment 3466 (ResourceId::3466),2D Depth/Stencil Attachment 3470 (ResourceId::3470),"GSTexImage Image (128, 128) pallete: 0 (ResourceId::12144) (ImageSampler, addr=ClampEdge,mip=0,cmp=Never)","Pixel:ReadOnlyResources[0:0]=GSTexImage Image (128, 128) pallete: 0 (ResourceId::12144) (ImageSampler, addr=ClampEdge,mip=0,cmp=Never); Vertex:ReadWriteResources[0:0]=Buffer 1876 (ResourceId::1876) (ReadWriteBuffer, addr=Wrap,mip=0,cmp=AlwaysTrue); Vertex:ReadWriteResources[1:0]=Buffer 1882 (ResourceId::1882) (ReadWriteBuffer, addr=Wrap,mip=0,cmp=AlwaysTrue); Vertex:ReadWriteResources[2:0]=Buffer 1888 (ResourceId::1888) (ReadWriteBuffer, addr=Wrap,mip=0,cmp=AlwaysTrue); Vertex:ReadWriteResources[3:0]=Buffer 1894 (ResourceId::1894) (ReadWriteBuffer, addr=Wrap,mip=0,cmp=AlwaysTrue)",0.000000,3.072000
4343,0.204800,1,vkCmdDrawIndexed(),Native Render > Render Pass [clear: Depth] > Native SECT1.g2d (m: 22 l: 0) > Material 22 > SECT1.g3d_2_0_82,Native Render,Native SECT1.g2d (m: 22 l: 0),22,SECT1.g3d_2_0_82,21,13-48,1,Native Previewer GLSL Blend 266 (ResourceId::16579),"rt0:blend=on,mask=RGBA",test=on write=on func=CompareFunction.Greater,rt0=RGBA,rt0=2D Color Attachment 3466 (ResourceId::3466),2D Depth/Stencil Attachment 3470 (ResourceId::3470),"GSTexImage Image (128, 128) pallete: 0 (ResourceId::12144) (ImageSampler, addr=ClampEdge,mip=0,cmp=Never)","Pixel:ReadOnlyResources[0:0]=GSTexImage Image (128, 128) pallete: 0 (ResourceId::12144) (ImageSampler, addr=ClampEdge,mip=0,cmp=Never); Vertex:ReadWriteResources[0:0]=Buffer 1876 (ResourceId::1876) (ReadWriteBuffer, addr=Wrap,mip=0,cmp=AlwaysTrue); Vertex:ReadWriteResources[1:0]=Buffer 1882 (ResourceId::1882) (ReadWriteBuffer, addr=Wrap,mip=0,cmp=AlwaysTrue); Vertex:ReadWriteResources[2:0]=Buffer 1888 (ResourceId::1888) (ReadWriteBuffer, addr=Wrap,mip=0,cmp=AlwaysTrue); Vertex:ReadWriteResources[3:0]=Buffer 1894 (ResourceId::1894) (ReadWriteBuffer, addr=Wrap,mip=0,cmp=AlwaysTrue)",0.000000,2.048000
4351,0.000000,1,vkCmdDrawIndexed(),Native Render > Render Pass [clear: Depth] > Native SECT1.g2d (m: 22 l: 0) > Material 22 > SECT1.g3d_2_0_52,Native Render,Native SECT1.g2d (m: 22 l: 0),22,SECT1.g3d_2_0_52,96,49-256,1,,,,,,,(none),,0.000000,0.000000
4359,0.000000,1,vkCmdDrawIndexed(),Native Render > Render Pass [clear: Depth] > Native SECT1.g2d (m: 22 l: 0) > Material 22 > SECT1.g3d_2_0_47,Native Render,Native SECT1.g2d (m: 22 l: 0),22,SECT1.g3d_2_0_47,105,49-256,1,,,,,,,(none),,0.000000,0.000000
4367,0.716800,1,vkCmdDrawIndexed(),Native Render > Render Pass [clear: Depth] > Native SECT1.g2d (m: 22 l: 0) > Material 22 > SECT1.g3d_197,Native Render,Native SECT1.g2d (m: 22 l: 0),22,SECT1.g3d_197,162,49-256,1,Native Previewer GLSL Blend 266 (ResourceId::16579),"rt0:blend=on,mask=RGBA",test=on write=on func=CompareFunction.Greater,rt0=RGBA,rt0=2D Color Attachment 3466 (ResourceId::3466),2D Depth/Stencil Attachment 3470 (ResourceId::3470),"GSTexImage Image (128, 128) pallete: 0 (ResourceId::12144) (ImageSampler, addr=ClampEdge,mip=0,cmp=Never)","Pixel:ReadOnlyResources[0:0]=GSTexImage Image (128, 128) pallete: 0 (ResourceId::12144) (ImageSampler, addr=ClampEdge,mip=0,cmp=Never); Vertex:ReadWriteResources[0:0]=Buffer 1876 (ResourceId::1876) (ReadWriteBuffer, addr=Wrap,mip=0,cmp=AlwaysTrue); Vertex:ReadWriteResources[1:0]=Buffer 1882 (ResourceId::1882) (ReadWriteBuffer, addr=Wrap,mip=0,cmp=AlwaysTrue); Vertex:ReadWriteResources[2:0]=Buffer 1888 (ResourceId::1888) (ReadWriteBuffer, addr=Wrap,mip=0,cmp=AlwaysTrue); Vertex:ReadWriteResources[3:0]=Buffer 1894 (ResourceId::1894) (ReadWriteBuffer, addr=Wrap,mip=0,cmp=AlwaysTrue)",0.000000,2.048000
4375,0.000000,1,vkCmdDrawIndexed(),Native Render > Render Pass [clear: Depth] > Native SECT1.g2d (m: 22 l: 0) > Material 22 > SECT1.g3d_188,Native Render,Native SECT1.g2d (m: 22 l: 0),22,SECT1.g3d_188,72,49-256,1,,,,,,,(none),,0.000000,0.000000
4388,0.000000,1,vkCmdDrawIndexed(),Native Render > Render Pass [clear: Depth] > Native SECT1.g2d (m: 33 l: 0) > Material 33 > SECT1.g3d_210,Native Render,Native SECT1.g2d (m: 33 l: 0),33,SECT1.g3d_210,87,49-256,1,,,,,,,(none),,0.000000,0.000000
4396,0.000000,1,vkCmdDrawIndexed(),Native Render > Render Pass [clear: Depth] > Native SECT1.g2d (m: 33 l: 0) > Material 33 > SECT1.g3d_156,Native Render,Native SECT1.g2d (m: 33 l: 0),33,SECT1.g3d_156,87,49-256,1,,,,,,,(none),,0.000000,0.000000
4409,0.102400,1,vkCmdDrawIndexed(),Native Render > Render Pass [clear: Depth] > Native SECT1.g2d (m: 32 l: 0) > Material 32 > SECT1.g3d_5_0_46,Native Render,Native SECT1.g2d (m: 32 l: 0),32,SECT1.g3d_5_0_46,306,257-1024,1,Native Previewer GLSL Blend 266 (ResourceId::16579),"rt0:blend=on,mask=RGBA",test=on write=on func=CompareFunction.Greater,rt0=RGBA,rt0=2D Color Attachment 3466 (ResourceId::3466),2D Depth/Stencil Attachment 3470 (ResourceId::3470),"GSTexImage Image (64, 32) pallete: 0 (ResourceId::12304) (ImageSampler, addr=Wrap,mip=0,cmp=Never)","Pixel:ReadOnlyResources[0:0]=GSTexImage Image (64, 32) pallete: 0 (ResourceId::12304) (ImageSampler, addr=Wrap,mip=0,cmp=Never); Vertex:ReadWriteResources[0:0]=Buffer 1876 (ResourceId::1876) (ReadWriteBuffer, addr=Wrap,mip=0,cmp=AlwaysTrue); Vertex:ReadWriteResources[1:0]=Buffer 1882 (ResourceId::1882) (ReadWriteBuffer, addr=Wrap,mip=0,cmp=AlwaysTrue); Vertex:ReadWriteResources[2:0]=Buffer 1888 (ResourceId::1888) (ReadWriteBuffer, addr=Wrap,mip=0,cmp=AlwaysTrue); Vertex:ReadWriteResources[3:0]=Buffer 1894 (ResourceId::1894) (ReadWriteBuffer, addr=Wrap,mip=0,cmp=AlwaysTrue)",0.000000,1.024000
4417,0.000000,1,vkCmdDrawIndexed(),Native Render > Render Pass [clear: Depth] > Native SECT1.g2d (m: 32 l: 0) > Material 32 > SECT1.g3d_5_0_45,Native Render,Native SECT1.g2d (m: 32 l: 0),32,SECT1.g3d_5_0_45,150,49-256,1,,,,,,,(none),,0.000000,0.000000
4425,0.000000,1,vkCmdDrawIndexed(),Native Render > Render Pass [clear: Depth] > Native SECT1.g2d (m: 32 l: 0) > Material 32 > SECT1.g3d_5_0_42,Native Render,Native SECT1.g2d (m: 32 l: 0),32,SECT1.g3d_5_0_42,150,49-256,1,,,,,,,(none),,0.000000,0.000000
4433,0.000000,1,vkCmdDrawIndexed(),Native Render > Render Pass [clear: Depth] > Native SECT1.g2d (m: 32 l: 0) > Material 32 > SECT1.g3d_4_0_60,Native Render,Native SECT1.g2d (m: 32 l: 0),32,SECT1.g3d_4_0_60,81,49-256,1,,,,,,,(none),,0.000000,0.000000
4441,0.000000,1,vkCmdDrawIndexed(),Native Render > Render Pass [clear: Depth] > Native SECT1.g2d (m: 32 l: 0) > Material 32 > SECT1.g3d_2_0_85,Native Render,Native SECT1.g2d (m: 32 l: 0),32,SECT1.g3d_2_0_85,81,49-256,1,,,,,,,(none),,0.000000,0.000000
4449,0.000000,1,vkCmdDrawIndexed(),Native Render > Render Pass [clear: Depth] > Native SECT1.g2d (m: 32 l: 0) > Material 32 > SECT1.g3d_2_0_5,Native Render,Native SECT1.g2d (m: 32 l: 0),32,SECT1.g3d_2_0_5,99,49-256,1,,,,,,,(none),,0.000000,0.000000
4457,0.000000,1,vkCmdDrawIndexed(),Native Render > Render Pass [clear: Depth] > Native SECT1.g2d (m: 32 l: 0) > Material 32 > SECT1.g3d_212,Native Render,Native SECT1.g2d (m: 32 l: 0),32,SECT1.g3d_212,114,49-256,1,,,,,,,(none),,0.000000,0.000000
4465,0.000000,1,vkCmdDrawIndexed(),Native Render > Render Pass [clear: Depth] > Native SECT1.g2d (m: 32 l: 0) > Material 32 > SECT1.g3d_152,Native Render,Native SECT1.g2d (m: 32 l: 0),32,SECT1.g3d_152,384,257-1024,1,,,,,,,(none),,0.000000,0.000000
4473,0.000000,1,vkCmdDrawIndexed(),Native Render > Render Pass [clear: Depth] > Native SECT1.g2d (m: 32 l: 0) > Material 32 > SECT1.g3d_150,Native Render,Native SECT1.g2d (m: 32 l: 0),32,SECT1.g3d_150,462,257-1024,1,,,,,,,(none),,0.000000,0.000000
4486,0.000000,1,vkCmdDrawIndexed(),Native Render > Render Pass [clear: Depth] > Native SECT1.g2d (m: 15 l: 0) > Material 15 > SECT1.g3d_2_0_1,Native Render,Native SECT1.g2d (m: 15 l: 0),15,SECT1.g3d_2_0_1,54,49-256,1,,,,,,,(none),,0.000000,0.000000
4494,0.000000,1,vkCmdDrawIndexed(),Native Render > Render Pass [clear: Depth] > Native SECT1.g2d (m: 15 l: 0) > Material 15 > SECT1.g3d_2_0_0,Native Render,Native SECT1.g2d (m: 15 l: 0),15,SECT1.g3d_2_0_0,54,49-256,1,,,,,,,(none),,0.000000,0.000000
4502,0.000000,1,vkCmdDrawIndexed(),Native Render > Render Pass [clear: Depth] > Native SECT1.g2d (m: 15 l: 0) > Material 15 > SECT1.g3d_129,Native Render,Native SECT1.g2d (m: 15 l: 0),15,SECT1.g3d_129,141,49-256,1,,,,,,,(none),,0.000000,0.000000
4515,0.000000,1,vkCmdDrawIndexed(),Native Render > Render Pass [clear: Depth] > Native SECT1.g2d (m: 12 l: 0) > Material 12 > SECT1.g3d_127,Native Render,Native SECT1.g2d (m: 12 l: 0),12,SECT1.g3d_127,30,13-48,1,,,,,,,(none),,0.000000,0.000000
4528,0.000000,1,vkCmdDrawIndexed(),Native Render > Render Pass [clear: Depth] > Native SECT1.g2d (m: 30 l: 0) > Material 30 > SECT1.g3d_4_0_105,Native Render,Native SECT1.g2d (m: 30 l: 0),30,SECT1.g3d_4_0_105,6,4-12,1,,,,,,,(none),,0.000000,0.000000
4536,0.000000,1,vkCmdDrawIndexed(),Native Render > Render Pass [clear: Depth] > Native SECT1.g2d (m: 30 l: 0) > Material 30 > SECT1.g3d_232,Native Render,Native SECT1.g2d (m: 30 l: 0),30,SECT1.g3d_232,54,49-256,1,,,,,,,(none),,0.000000,0.000000
4544,0.000000,1,vkCmdDrawIndexed(),Native Render > Render Pass [clear: Depth] > Native SECT1.g2d (m: 30 l: 0) > Material 30 > SECT1.g3d_166,Native Render,Native SECT1.g2d (m: 30 l: 0),30,SECT1.g3d_166,60,49-256,1,,,,,,,(none),,0.000000,0.000000
4552,0.000000,1,vkCmdDrawIndexed(),Native Render > Render Pass [clear: Depth] > Native SECT1.g2d (m: 30 l: 0) > Material 30 > SECT1.g3d_46,Native Render,Native SECT1.g2d (m: 30 l: 0),30,SECT1.g3d_46,54,49-256,1,,,,,,,(none),,0.000000,0.000000
4565,0.000000,1,vkCmdDrawIndexed(),Native Render > Render Pass [clear: Depth] > Native SECT1.g2d (m: 5 l: 0) > Material 5 > SECT1.g3d_4_0_110,Native Render,Native SECT1.g2d (m: 5 l: 0),5,SECT1.g3d_4_0_110,66,49-256,1,,,,,,,(none),,0.000000,0.000000
4573,0.102400,1,vkCmdDrawIndexed(),Native Render > Render Pass [clear: Depth] > Native SECT1.g2d (m: 5 l: 0) > Material 5 > SECT1.g3d_4_0_107,Native Render,Native SECT1.g2d (m: 5 l: 0),5,SECT1.g3d_4_0_107,174,49-256,1,Native Previewer GLSL Blend 266 (ResourceId::16579),"rt0:blend=on,mask=RGBA",test=on write=on func=CompareFunction.Greater,rt0=RGBA,rt0=2D Color Attachment 3466 (ResourceId::3466),2D Depth/Stencil Attachment 3470 (ResourceId::3470),"GSTexImage Image (128, 128) pallete: 0 (ResourceId::11872) (ImageSampler, addr=Wrap,mip=0,cmp=Never)","Pixel:ReadOnlyResources[0:0]=GSTexImage Image (128, 128) pallete: 0 (ResourceId::11872) (ImageSampler, addr=Wrap,mip=0,cmp=Never); Vertex:ReadWriteResources[0:0]=Buffer 1876 (ResourceId::1876) (ReadWriteBuffer, addr=Wrap,mip=0,cmp=AlwaysTrue); Vertex:ReadWriteResources[1:0]=Buffer 1882 (ResourceId::1882) (ReadWriteBuffer, addr=Wrap,mip=0,cmp=AlwaysTrue); Vertex:ReadWriteResources[2:0]=Buffer 1888 (ResourceId::1888) (ReadWriteBuffer, addr=Wrap,mip=0,cmp=AlwaysTrue); Vertex:ReadWriteResources[3:0]=Buffer 1894 (ResourceId::1894) (ReadWriteBuffer, addr=Wrap,mip=0,cmp=AlwaysTrue)",0.000000,1.024000
4581,0.000000,1,vkCmdDrawIndexed(),Native Render > Render Pass [clear: Depth] > Native SECT1.g2d (m: 5 l: 0) > Material 5 > SECT1.g3d_4_0_44,Native Render,Native SECT1.g2d (m: 5 l: 0),5,SECT1.g3d_4_0_44,198,49-256,1,,,,,,,(none),,0.000000,0.000000
4589,0.000000,1,vkCmdDrawIndexed(),Native Render > Render Pass [clear: Depth] > Native SECT1.g2d (m: 5 l: 0) > Material 5 > SECT1.g3d_3_0_24,Native Render,Native SECT1.g2d (m: 5 l: 0),5,SECT1.g3d_3_0_24,30,13-48,1,,,,,,,(none),,0.000000,0.000000
4597,0.000000,1,vkCmdDrawIndexed(),Native Render > Render Pass [clear: Depth] > Native SECT1.g2d (m: 5 l: 0) > Material 5 > SECT1.g3d_3_0_21,Native Render,Native SECT1.g2d (m: 5 l: 0),5,SECT1.g3d_3_0_21,66,49-256,1,,,,,,,(none),,0.000000,0.000000
4605,0.000000,1,vkCmdDrawIndexed(),Native Render > Render Pass [clear: Depth] > Native SECT1.g2d (m: 5 l: 0) > Material 5 > SECT1.g3d_2_0_77,Native Render,Native SECT1.g2d (m: 5 l: 0),5,SECT1.g3d_2_0_77,228,49-256,1,,,,,,,(none),,0.000000,0.000000
4613,0.102400,1,vkCmdDrawIndexed(),Native Render > Render Pass [clear: Depth] > Native SECT1.g2d (m: 5 l: 0) > Material 5 > SECT1.g3d_24,Native Render,Native SECT1.g2d (m: 5 l: 0),5,SECT1.g3d_24,150,49-256,1,Native Previewer GLSL Blend 266 (ResourceId::16579),"rt0:blend=on,mask=RGBA",test=on write=on func=CompareFunction.Greater,rt0=RGBA,rt0=2D Color Attachment 3466 (ResourceId::3466),2D Depth/Stencil Attachment 3470 (ResourceId::3470),"GSTexImage Image (128, 128) pallete: 0 (ResourceId::11872) (ImageSampler, addr=Wrap,mip=0,cmp=Never)","Pixel:ReadOnlyResources[0:0]=GSTexImage Image (128, 128) pallete: 0 (ResourceId::11872) (ImageSampler, addr=Wrap,mip=0,cmp=Never); Vertex:ReadWriteResources[0:0]=Buffer 1876 (ResourceId::1876) (ReadWriteBuffer, addr=Wrap,mip=0,cmp=AlwaysTrue); Vertex:ReadWriteResources[1:0]=Buffer 1882 (ResourceId::1882) (ReadWriteBuffer, addr=Wrap,mip=0,cmp=AlwaysTrue); Vertex:ReadWriteResources[2:0]=Buffer 1888 (ResourceId::1888) (ReadWriteBuffer, addr=Wrap,mip=0,cmp=AlwaysTrue); Vertex:ReadWriteResources[3:0]=Buffer 1894 (ResourceId::1894) (ReadWriteBuffer, addr=Wrap,mip=0,cmp=AlwaysTrue)",0.000000,1.024000
4621,3.276800,1,vkCmdDrawIndexed(),Native Render > Render Pass [clear: Depth] > Native SECT1.g2d (m: 5 l: 0) > Material 5 > SECT1.g3d_23,Native Render,Native SECT1.g2d (m: 5 l: 0),5,SECT1.g3d_23,378,257-1024,1,Native Previewer GLSL Blend 266 (ResourceId::16579),"rt0:blend=on,mask=RGBA",test=on write=on func=CompareFunction.Greater,rt0=RGBA,rt0=2D Color Attachment 3466 (ResourceId::3466),2D Depth/Stencil Attachment 3470 (ResourceId::3470),"GSTexImage Image (128, 128) pallete: 0 (ResourceId::11872) (ImageSampler, addr=Wrap,mip=0,cmp=Never)","Pixel:ReadOnlyResources[0:0]=GSTexImage Image (128, 128) pallete: 0 (ResourceId::11872) (ImageSampler, addr=Wrap,mip=0,cmp=Never); Vertex:ReadWriteResources[0:0]=Buffer 1876 (ResourceId::1876) (ReadWriteBuffer, addr=Wrap,mip=0,cmp=AlwaysTrue); Vertex:ReadWriteResources[1:0]=Buffer 1882 (ResourceId::1882) (ReadWriteBuffer, addr=Wrap,mip=0,cmp=AlwaysTrue); Vertex:ReadWriteResources[2:0]=Buffer 1888 (ResourceId::1888) (ReadWriteBuffer, addr=Wrap,mip=0,cmp=AlwaysTrue); Vertex:ReadWriteResources[3:0]=Buffer 1894 (ResourceId::1894) (ReadWriteBuffer, addr=Wrap,mip=0,cmp=AlwaysTrue)",0.000000,9.216000
4629,0.102400,1,vkCmdDrawIndexed(),Native Render > Render Pass [clear: Depth] > Native SECT1.g2d (m: 5 l: 0) > Material 5 > SECT1.g3d_22,Native Render,Native SECT1.g2d (m: 5 l: 0),5,SECT1.g3d_22,108,49-256,1,Native Previewer GLSL Blend 266 (ResourceId::16579),"rt0:blend=on,mask=RGBA",test=on write=on func=CompareFunction.Greater,rt0=RGBA,rt0=2D Color Attachment 3466 (ResourceId::3466),2D Depth/Stencil Attachment 3470 (ResourceId::3470),"GSTexImage Image (128, 128) pallete: 0 (ResourceId::11872) (ImageSampler, addr=Wrap,mip=0,cmp=Never)","Pixel:ReadOnlyResources[0:0]=GSTexImage Image (128, 128) pallete: 0 (ResourceId::11872) (ImageSampler, addr=Wrap,mip=0,cmp=Never); Vertex:ReadWriteResources[0:0]=Buffer 1876 (ResourceId::1876) (ReadWriteBuffer, addr=Wrap,mip=0,cmp=AlwaysTrue); Vertex:ReadWriteResources[1:0]=Buffer 1882 (ResourceId::1882) (ReadWriteBuffer, addr=Wrap,mip=0,cmp=AlwaysTrue); Vertex:ReadWriteResources[2:0]=Buffer 1888 (ResourceId::1888) (ReadWriteBuffer, addr=Wrap,mip=0,cmp=AlwaysTrue); Vertex:ReadWriteResources[3:0]=Buffer 1894 (ResourceId::1894) (ReadWriteBuffer, addr=Wrap,mip=0,cmp=AlwaysTrue)",0.000000,1.024000
4637,0.204800,1,vkCmdDrawIndexed(),Native Render > Render Pass [clear: Depth] > Native SECT1.g2d (m: 5 l: 0) > Material 5 > SECT1.g3d_21,Native Render,Native SECT1.g2d (m: 5 l: 0),5,SECT1.g3d_21,99,49-256,1,Native Previewer GLSL Blend 266 (ResourceId::16579),"rt0:blend=on,mask=RGBA",test=on write=on func=CompareFunction.Greater,rt0=RGBA,rt0=2D Color Attachment 3466 (ResourceId::3466),2D Depth/Stencil Attachment 3470 (ResourceId::3470),"GSTexImage Image (128, 128) pallete: 0 (ResourceId::11872) (ImageSampler, addr=Wrap,mip=0,cmp=Never)","Pixel:ReadOnlyResources[0:0]=GSTexImage Image (128, 128) pallete: 0 (ResourceId::11872) (ImageSampler, addr=Wrap,mip=0,cmp=Never); Vertex:ReadWriteResources[0:0]=Buffer 1876 (ResourceId::1876) (ReadWriteBuffer, addr=Wrap,mip=0,cmp=AlwaysTrue); Vertex:ReadWriteResources[1:0]=Buffer 1882 (ResourceId::1882) (ReadWriteBuffer, addr=Wrap,mip=0,cmp=AlwaysTrue); Vertex:ReadWriteResources[2:0]=Buffer 1888 (ResourceId::1888) (ReadWriteBuffer, addr=Wrap,mip=0,cmp=AlwaysTrue); Vertex:ReadWriteResources[3:0]=Buffer 1894 (ResourceId::1894) (ReadWriteBuffer, addr=Wrap,mip=0,cmp=AlwaysTrue)",0.000000,2.048000
4645,0.000000,1,vkCmdDrawIndexed(),Native Render > Render Pass [clear: Depth] > Native SECT1.g2d (m: 5 l: 0) > Material 5 > SECT1.g3d_19,Native Render,Native SECT1.g2d (m: 5 l: 0),5,SECT1.g3d_19,75,49-256,1,,,,,,,(none),,0.000000,0.000000
4653,1.331200,1,vkCmdDrawIndexed(),Native Render > Render Pass [clear: Depth] > Native SECT1.g2d (m: 5 l: 0) > Material 5 > SECT1.g3d_18,Native Render,Native SECT1.g2d (m: 5 l: 0),5,SECT1.g3d_18,222,49-256,1,Native Previewer GLSL Blend 266 (ResourceId::16579),"rt0:blend=on,mask=RGBA",test=on write=on func=CompareFunction.Greater,rt0=RGBA,rt0=2D Color Attachment 3466 (ResourceId::3466),2D Depth/Stencil Attachment 3470 (ResourceId::3470),"GSTexImage Image (128, 128) pallete: 0 (ResourceId::11872) (ImageSampler, addr=Wrap,mip=0,cmp=Never)","Pixel:ReadOnlyResources[0:0]=GSTexImage Image (128, 128) pallete: 0 (ResourceId::11872) (ImageSampler, addr=Wrap,mip=0,cmp=Never); Vertex:ReadWriteResources[0:0]=Buffer 1876 (ResourceId::1876) (ReadWriteBuffer, addr=Wrap,mip=0,cmp=AlwaysTrue); Vertex:ReadWriteResources[1:0]=Buffer 1882 (ResourceId::1882) (ReadWriteBuffer, addr=Wrap,mip=0,cmp=AlwaysTrue); Vertex:ReadWriteResources[2:0]=Buffer 1888 (ResourceId::1888) (ReadWriteBuffer, addr=Wrap,mip=0,cmp=AlwaysTrue); Vertex:ReadWriteResources[3:0]=Buffer 1894 (ResourceId::1894) (ReadWriteBuffer, addr=Wrap,mip=0,cmp=AlwaysTrue)",0.000000,6.144000
4661,0.000000,1,vkCmdDrawIndexed(),Native Render > Render Pass [clear: Depth] > Native SECT1.g2d (m: 5 l: 0) > Material 5 > SECT1.g3d_17,Native Render,Native SECT1.g2d (m: 5 l: 0),5,SECT1.g3d_17,42,13-48,1,,,,,,,(none),,0.000000,0.000000
4669,0.102400,1,vkCmdDrawIndexed(),Native Render > Render Pass [clear: Depth] > Native SECT1.g2d (m: 5 l: 0) > Material 5 > SECT1.g3d_16,Native Render,Native SECT1.g2d (m: 5 l: 0),5,SECT1.g3d_16,99,49-256,1,Native Previewer GLSL Blend 266 (ResourceId::16579),"rt0:blend=on,mask=RGBA",test=on write=on func=CompareFunction.Greater,rt0=RGBA,rt0=2D Color Attachment 3466 (ResourceId::3466),2D Depth/Stencil Attachment 3470 (ResourceId::3470),"GSTexImage Image (128, 128) pallete: 0 (ResourceId::11872) (ImageSampler, addr=Wrap,mip=0,cmp=Never)","Pixel:ReadOnlyResources[0:0]=GSTexImage Image (128, 128) pallete: 0 (ResourceId::11872) (ImageSampler, addr=Wrap,mip=0,cmp=Never); Vertex:ReadWriteResources[0:0]=Buffer 1876 (ResourceId::1876) (ReadWriteBuffer, addr=Wrap,mip=0,cmp=AlwaysTrue); Vertex:ReadWriteResources[1:0]=Buffer 1882 (ResourceId::1882) (ReadWriteBuffer, addr=Wrap,mip=0,cmp=AlwaysTrue); Vertex:ReadWriteResources[2:0]=Buffer 1888 (ResourceId::1888) (ReadWriteBuffer, addr=Wrap,mip=0,cmp=AlwaysTrue); Vertex:ReadWriteResources[3:0]=Buffer 1894 (ResourceId::1894) (ReadWriteBuffer, addr=Wrap,mip=0,cmp=AlwaysTrue)",0.000000,1.024000
4677,0.000000,1,vkCmdDrawIndexed(),Native Render > Render Pass [clear: Depth] > Native SECT1.g2d (m: 5 l: 0) > Material 5 > SECT1.g3d_15,Native Render,Native SECT1.g2d (m: 5 l: 0),5,SECT1.g3d_15,264,257-1024,1,,,,,,,(none),,0.000000,0.000000
4685,0.307200,1,vkCmdDrawIndexed(),Native Render > Render Pass [clear: Depth] > Native SECT1.g2d (m: 5 l: 0) > Material 5 > SECT1.g3d_14,Native Render,Native SECT1.g2d (m: 5 l: 0),5,SECT1.g3d_14,96,49-256,1,Native Previewer GLSL Blend 266 (ResourceId::16579),"rt0:blend=on,mask=RGBA",test=on write=on func=CompareFunction.Greater,rt0=RGBA,rt0=2D Color Attachment 3466 (ResourceId::3466),2D Depth/Stencil Attachment 3470 (ResourceId::3470),"GSTexImage Image (128, 128) pallete: 0 (ResourceId::11872) (ImageSampler, addr=Wrap,mip=0,cmp=Never)","Pixel:ReadOnlyResources[0:0]=GSTexImage Image (128, 128) pallete: 0 (ResourceId::11872) (ImageSampler, addr=Wrap,mip=0,cmp=Never); Vertex:ReadWriteResources[0:0]=Buffer 1876 (ResourceId::1876) (ReadWriteBuffer, addr=Wrap,mip=0,cmp=AlwaysTrue); Vertex:ReadWriteResources[1:0]=Buffer 1882 (ResourceId::1882) (ReadWriteBuffer, addr=Wrap,mip=0,cmp=AlwaysTrue); Vertex:ReadWriteResources[2:0]=Buffer 1888 (ResourceId::1888) (ReadWriteBuffer, addr=Wrap,mip=0,cmp=AlwaysTrue); Vertex:ReadWriteResources[3:0]=Buffer 1894 (ResourceId::1894) (ReadWriteBuffer, addr=Wrap,mip=0,cmp=AlwaysTrue)",0.000000,2.048000
4693,0.000000,1,vkCmdDrawIndexed(),Native Render > Render Pass [clear: Depth] > Native SECT1.g2d (m: 5 l: 0) > Material 5 > SECT1.g3d_6,Native Render,Native SECT1.g2d (m: 5 l: 0),5,SECT1.g3d_6,156,49-256,1,,,,,,,(none),,0.000000,0.000000
4701,0.409600,1,vkCmdDrawIndexed(),Native Render > Render Pass [clear: Depth] > Native SECT1.g2d (m: 5 l: 0) > Material 5 > SECT1.g3d_2,Native Render,Native SECT1.g2d (m: 5 l: 0),5,SECT1.g3d_2,369,257-1024,1,Native Previewer GLSL Blend 266 (ResourceId::16579),"rt0:blend=on,mask=RGBA",test=on write=on func=CompareFunction.Greater,rt0=RGBA,rt0=2D Color Attachment 3466 (ResourceId::3466),2D Depth/Stencil Attachment 3470 (ResourceId::3470),"GSTexImage Image (128, 128) pallete: 0 (ResourceId::11872) (ImageSampler, addr=Wrap,mip=0,cmp=Never)","Pixel:ReadOnlyResources[0:0]=GSTexImage Image (128, 128) pallete: 0 (ResourceId::11872) (ImageSampler, addr=Wrap,mip=0,cmp=Never); Vertex:ReadWriteResources[0:0]=Buffer 1876 (ResourceId::1876) (ReadWriteBuffer, addr=Wrap,mip=0,cmp=AlwaysTrue); Vertex:ReadWriteResources[1:0]=Buffer 1882 (ResourceId::1882) (ReadWriteBuffer, addr=Wrap,mip=0,cmp=AlwaysTrue); Vertex:ReadWriteResources[2:0]=Buffer 1888 (ResourceId::1888) (ReadWriteBuffer, addr=Wrap,mip=0,cmp=AlwaysTrue); Vertex:ReadWriteResources[3:0]=Buffer 1894 (ResourceId::1894) (ReadWriteBuffer, addr=Wrap,mip=0,cmp=AlwaysTrue)",0.000000,4.096000
4714,0.000000,1,vkCmdDrawIndexed(),Native Render > Render Pass [clear: Depth] > Native SECT11.g2d (m: 9 l: 0) > Material 9 > SECT11.g3d_31,Native Render,Native SECT11.g2d (m: 9 l: 0),9,SECT11.g3d_31,132,49-256,1,,,,,,,(none),,0.000000,0.000000
4722,0.000000,1,vkCmdDrawIndexed(),Native Render > Render Pass [clear: Depth] > Native SECT11.g2d (m: 9 l: 0) > Material 9 > SECT11.g3d_21,Native Render,Native SECT11.g2d (m: 9 l: 0),9,SECT11.g3d_21,243,49-256,1,,,,,,,(none),,0.000000,0.000000
4735,0.102400,1,vkCmdDrawIndexed(),Native Render > Render Pass [clear: Depth] > Native SECT10.g2d (m: 6 l: 0) > Material 6 > SECT10.g3d_0_0_11,Native Render,Native SECT10.g2d (m: 6 l: 0),6,SECT10.g3d_0_0_11,87,49-256,1,Native Previewer GLSL Blend 266 (ResourceId::16579),"rt0:blend=on,mask=RGBA",test=on write=on func=CompareFunction.Greater,rt0=RGBA,rt0=2D Color Attachment 3466 (ResourceId::3466),2D Depth/Stencil Attachment 3470 (ResourceId::3470),"GSTexImage Image (128, 128) pallete: 0 (ResourceId::12848) (ImageSampler, addr=Wrap,mip=0,cmp=Never)","Pixel:ReadOnlyResources[0:0]=GSTexImage Image (128, 128) pallete: 0 (ResourceId::12848) (ImageSampler, addr=Wrap,mip=0,cmp=Never); Vertex:ReadWriteResources[0:0]=Buffer 1876 (ResourceId::1876) (ReadWriteBuffer, addr=Wrap,mip=0,cmp=AlwaysTrue); Vertex:ReadWriteResources[1:0]=Buffer 1882 (ResourceId::1882) (ReadWriteBuffer, addr=Wrap,mip=0,cmp=AlwaysTrue); Vertex:ReadWriteResources[2:0]=Buffer 1888 (ResourceId::1888) (ReadWriteBuffer, addr=Wrap,mip=0,cmp=AlwaysTrue); Vertex:ReadWriteResources[3:0]=Buffer 1894 (ResourceId::1894) (ReadWriteBuffer, addr=Wrap,mip=0,cmp=AlwaysTrue)",0.000000,1.024000
4748,2.764800,1,vkCmdDrawIndexed(),Native Render > Render Pass [clear: Depth] > Native ACTORSCOMMONMATERIAL.G2D (m: 47 l: 0) > Material 47 > BRIDGE01_Scene01_Bridge01.g3d_0_0_1,Native Render,Native ACTORSCOMMONMATERIAL.G2D (m: 47 l: 0),47,BRIDGE01_Scene01_Bridge01.g3d_0_0_1,264,257-1024,1,Native Previewer GLSL Blend 266 (ResourceId::16579),"rt0:blend=on,mask=RGBA",test=on write=on func=CompareFunction.Greater,rt0=RGBA,rt0=2D Color Attachment 3466 (ResourceId::3466),2D Depth/Stencil Attachment 3470 (ResourceId::3470),"GSTexImage Image (64, 32) pallete: 0 (ResourceId::8576) (ImageSampler, addr=Wrap,mip=0,cmp=Never)","Pixel:ReadOnlyResources[0:0]=GSTexImage Image (64, 32) pallete: 0 (ResourceId::8576) (ImageSampler, addr=Wrap,mip=0,cmp=Never); Vertex:ReadWriteResources[0:0]=Buffer 1876 (ResourceId::1876) (ReadWriteBuffer, addr=Wrap,mip=0,cmp=AlwaysTrue); Vertex:ReadWriteResources[1:0]=Buffer 1882 (ResourceId::1882) (ReadWriteBuffer, addr=Wrap,mip=0,cmp=AlwaysTrue); Vertex:ReadWriteResources[2:0]=Buffer 1888 (ResourceId::1888) (ReadWriteBuffer, addr=Wrap,mip=0,cmp=AlwaysTrue); Vertex:ReadWriteResources[3:0]=Buffer 1894 (ResourceId::1894) (ReadWriteBuffer, addr=Wrap,mip=0,cmp=AlwaysTrue)",0.000000,10.240000
4756,1.843200,1,vkCmdDrawIndexed(),Native Render > Render Pass [clear: Depth] > Native ACTORSCOMMONMATERIAL.G2D (m: 47 l: 0) > Material 47 > FENCE_RANCH_Scene01_Fence_Ranch.g3d_0_0_1,Native Render,Native ACTORSCOMMONMATERIAL.G2D (m: 47 l: 0),47,FENCE_RANCH_Scene01_Fence_Ranch.g3d_0_0_1,474,257-1024,1,Native Previewer GLSL Blend 266 (ResourceId::16579),"rt0:blend=on,mask=RGBA",test=on write=on func=CompareFunction.Greater,rt0=RGBA,rt0=2D Color Attachment 3466 (ResourceId::3466),2D Depth/Stencil Attachment 3470 (ResourceId::3470),"GSTexImage Image (64, 32) pallete: 0 (ResourceId::8576) (ImageSampler, addr=Wrap,mip=0,cmp=Never)","Pixel:ReadOnlyResources[0:0]=GSTexImage Image (64, 32) pallete: 0 (ResourceId::8576) (ImageSampler, addr=Wrap,mip=0,cmp=Never); Vertex:ReadWriteResources[0:0]=Buffer 1876 (ResourceId::1876) (ReadWriteBuffer, addr=Wrap,mip=0,cmp=AlwaysTrue); Vertex:ReadWriteResources[1:0]=Buffer 1882 (ResourceId::1882) (ReadWriteBuffer, addr=Wrap,mip=0,cmp=AlwaysTrue); Vertex:ReadWriteResources[2:0]=Buffer 1888 (ResourceId::1888) (ReadWriteBuffer, addr=Wrap,mip=0,cmp=AlwaysTrue); Vertex:ReadWriteResources[3:0]=Buffer 1894 (ResourceId::1894) (ReadWriteBuffer, addr=Wrap,mip=0,cmp=AlwaysTrue)",0.000000,6.144000
4764,0.102400,1,vkCmdDrawIndexed(),Native Render > Render Pass [clear: Depth] > Native ACTORSCOMMONMATERIAL.G2D (m: 47 l: 0) > Material 47 > FENCE_RANCH_Scene01_Fence_Ranch.g3d_0_0_1,Native Render,Native ACTORSCOMMONMATERIAL.G2D (m: 47 l: 0),47,FENCE_RANCH_Scene01_Fence_Ranch.g3d_0_0_1,474,257-1024,1,Native Previewer GLSL Blend 266 (ResourceId::16579),"rt0:blend=on,mask=RGBA",test=on write=on func=CompareFunction.Greater,rt0=RGBA,rt0=2D Color Attachment 3466 (ResourceId::3466),2D Depth/Stencil Attachment 3470 (ResourceId::3470),"GSTexImage Image (64, 32) pallete: 0 (ResourceId::8576) (ImageSampler, addr=Wrap,mip=0,cmp=Never)","Pixel:ReadOnlyResources[0:0]=GSTexImage Image (64, 32) pallete: 0 (ResourceId::8576) (ImageSampler, addr=Wrap,mip=0,cmp=Never); Vertex:ReadWriteResources[0:0]=Buffer 1876 (ResourceId::1876) (ReadWriteBuffer, addr=Wrap,mip=0,cmp=AlwaysTrue); Vertex:ReadWriteResources[1:0]=Buffer 1882 (ResourceId::1882) (ReadWriteBuffer, addr=Wrap,mip=0,cmp=AlwaysTrue); Vertex:ReadWriteResources[2:0]=Buffer 1888 (ResourceId::1888) (ReadWriteBuffer, addr=Wrap,mip=0,cmp=AlwaysTrue); Vertex:ReadWriteResources[3:0]=Buffer 1894 (ResourceId::1894) (ReadWriteBuffer, addr=Wrap,mip=0,cmp=AlwaysTrue)",0.000000,1.024000
4772,0.102400,1,vkCmdDrawIndexed(),Native Render > Render Pass [clear: Depth] > Native ACTORSCOMMONMATERIAL.G2D (m: 47 l: 0) > Material 47 > FENCE_RANCH_Scene01_Fence_Ranch.g3d_0_0_1,Native Render,Native ACTORSCOMMONMATERIAL.G2D (m: 47 l: 0),47,FENCE_RANCH_Scene01_Fence_Ranch.g3d_0_0_1,474,257-1024,1,Native Previewer GLSL Blend 266 (ResourceId::16579),"rt0:blend=on,mask=RGBA",test=on write=on func=CompareFunction.Greater,rt0=RGBA,rt0=2D Color Attachment 3466 (ResourceId::3466),2D Depth/Stencil Attachment 3470 (ResourceId::3470),"GSTexImage Image (64, 32) pallete: 0 (ResourceId::8576) (ImageSampler, addr=Wrap,mip=0,cmp=Never)","Pixel:ReadOnlyResources[0:0]=GSTexImage Image (64, 32) pallete: 0 (ResourceId::8576) (ImageSampler, addr=Wrap,mip=0,cmp=Never); Vertex:ReadWriteResources[0:0]=Buffer 1876 (ResourceId::1876) (ReadWriteBuffer, addr=Wrap,mip=0,cmp=AlwaysTrue); Vertex:ReadWriteResources[1:0]=Buffer 1882 (ResourceId::1882) (ReadWriteBuffer, addr=Wrap,mip=0,cmp=AlwaysTrue); Vertex:ReadWriteResources[2:0]=Buffer 1888 (ResourceId::1888) (ReadWriteBuffer, addr=Wrap,mip=0,cmp=AlwaysTrue); Vertex:ReadWriteResources[3:0]=Buffer 1894 (ResourceId::1894) (ReadWriteBuffer, addr=Wrap,mip=0,cmp=AlwaysTrue)",0.000000,1.024000
4780,0.000000,1,vkCmdDrawIndexed(),Native Render > Render Pass [clear: Depth] > Native ACTORSCOMMONMATERIAL.G2D (m: 47 l: 0) > Material 47 > FENCE_RANCH_Scene01_Fence_Ranch.g3d_0_0_1,Native Render,Native ACTORSCOMMONMATERIAL.G2D (m: 47 l: 0),47,FENCE_RANCH_Scene01_Fence_Ranch.g3d_0_0_1,474,257-1024,1,,,,,,,(none),,0.000000,0.000000
4788,0.000000,1,vkCmdDrawIndexed(),Native Render > Render Pass [clear: Depth] > Native ACTORSCOMMONMATERIAL.G2D (m: 47 l: 0) > Material 47 > FENCE_RANCH_Scene01_Fence_Ranch.g3d_0_0_1,Native Render,Native ACTORSCOMMONMATERIAL.G2D (m: 47 l: 0),47,FENCE_RANCH_Scene01_Fence_Ranch.g3d_0_0_1,474,257-1024,1,,,,,,,(none),,0.000000,0.000000
4796,0.102400,1,vkCmdDrawIndexed(),Native Render > Render Pass [clear: Depth] > Native ACTORSCOMMONMATERIAL.G2D (m: 47 l: 0) > Material 47 > FENCE_RANCH_Scene01_Fence_Ranch.g3d_0_0_1,Native Render,Native ACTORSCOMMONMATERIAL.G2D (m: 47 l: 0),47,FENCE_RANCH_Scene01_Fence_Ranch.g3d_0_0_1,474,257-1024,1,Native Previewer GLSL Blend 266 (ResourceId::16579),"rt0:blend=on,mask=RGBA",test=on write=on func=CompareFunction.Greater,rt0=RGBA,rt0=2D Color Attachment 3466 (ResourceId::3466),2D Depth/Stencil Attachment 3470 (ResourceId::3470),"GSTexImage Image (64, 32) pallete: 0 (ResourceId::8576) (ImageSampler, addr=Wrap,mip=0,cmp=Never)","Pixel:ReadOnlyResources[0:0]=GSTexImage Image (64, 32) pallete: 0 (ResourceId::8576) (ImageSampler, addr=Wrap,mip=0,cmp=Never); Vertex:ReadWriteResources[0:0]=Buffer 1876 (ResourceId::1876) (ReadWriteBuffer, addr=Wrap,mip=0,cmp=AlwaysTrue); Vertex:ReadWriteResources[1:0]=Buffer 1882 (ResourceId::1882) (ReadWriteBuffer, addr=Wrap,mip=0,cmp=AlwaysTrue); Vertex:ReadWriteResources[2:0]=Buffer 1888 (ResourceId::1888) (ReadWriteBuffer, addr=Wrap,mip=0,cmp=AlwaysTrue); Vertex:ReadWriteResources[3:0]=Buffer 1894 (ResourceId::1894) (ReadWriteBuffer, addr=Wrap,mip=0,cmp=AlwaysTrue)",0.000000,1.024000
4804,0.102400,1,vkCmdDrawIndexed(),Native Render > Render Pass [clear: Depth] > Native ACTORSCOMMONMATERIAL.G2D (m: 47 l: 0) > Material 47 > FENCE_RANCH_Scene01_Fence_Ranch.g3d_0_0_1,Native Render,Native ACTORSCOMMONMATERIAL.G2D (m: 47 l: 0),47,FENCE_RANCH_Scene01_Fence_Ranch.g3d_0_0_1,474,257-1024,1,Native Previewer GLSL Blend 266 (ResourceId::16579),"rt0:blend=on,mask=RGBA",test=on write=on func=CompareFunction.Greater,rt0=RGBA,rt0=2D Color Attachment 3466 (ResourceId::3466),2D Depth/Stencil Attachment 3470 (ResourceId::3470),"GSTexImage Image (64, 32) pallete: 0 (ResourceId::8576) (ImageSampler, addr=Wrap,mip=0,cmp=Never)","Pixel:ReadOnlyResources[0:0]=GSTexImage Image (64, 32) pallete: 0 (ResourceId::8576) (ImageSampler, addr=Wrap,mip=0,cmp=Never); Vertex:ReadWriteResources[0:0]=Buffer 1876 (ResourceId::1876) (ReadWriteBuffer, addr=Wrap,mip=0,cmp=AlwaysTrue); Vertex:ReadWriteResources[1:0]=Buffer 1882 (ResourceId::1882) (ReadWriteBuffer, addr=Wrap,mip=0,cmp=AlwaysTrue); Vertex:ReadWriteResources[2:0]=Buffer 1888 (ResourceId::1888) (ReadWriteBuffer, addr=Wrap,mip=0,cmp=AlwaysTrue); Vertex:ReadWriteResources[3:0]=Buffer 1894 (ResourceId::1894) (ReadWriteBuffer, addr=Wrap,mip=0,cmp=AlwaysTrue)",0.000000,1.024000
4812,0.000000,1,vkCmdDrawIndexed(),Native Render > Render Pass [clear: Depth] > Native ACTORSCOMMONMATERIAL.G2D (m: 47 l: 0) > Material 47 > FENCE_RANCH_Scene01_Fence_Ranch.g3d_0_0_1,Native Render,Native ACTORSCOMMONMATERIAL.G2D (m: 47 l: 0),47,FENCE_RANCH_Scene01_Fence_Ranch.g3d_0_0_1,474,257-1024,1,,,,,,,(none),,0.000000,0.000000
4820,0.102400,1,vkCmdDrawIndexed(),Native Render > Render Pass [clear: Depth] > Native ACTORSCOMMONMATERIAL.G2D (m: 47 l: 0) > Material 47 > FENCE_RANCH_Scene01_Fence_Ranch.g3d_0_0_1,Native Render,Native ACTORSCOMMONMATERIAL.G2D (m: 47 l: 0),47,FENCE_RANCH_Scene01_Fence_Ranch.g3d_0_0_1,474,257-1024,1,Native Previewer GLSL Blend 266 (ResourceId::16579),"rt0:blend=on,mask=RGBA",test=on write=on func=CompareFunction.Greater,rt0=RGBA,rt0=2D Color Attachment 3466 (ResourceId::3466),2D Depth/Stencil Attachment 3470 (ResourceId::3470),"GSTexImage Image (64, 32) pallete: 0 (ResourceId::8576) (ImageSampler, addr=Wrap,mip=0,cmp=Never)","Pixel:ReadOnlyResources[0:0]=GSTexImage Image (64, 32) pallete: 0 (ResourceId::8576) (ImageSampler, addr=Wrap,mip=0,cmp=Never); Vertex:ReadWriteResources[0:0]=Buffer 1876 (ResourceId::1876) (ReadWriteBuffer, addr=Wrap,mip=0,cmp=AlwaysTrue); Vertex:ReadWriteResources[1:0]=Buffer 1882 (ResourceId::1882) (ReadWriteBuffer, addr=Wrap,mip=0,cmp=AlwaysTrue); Vertex:ReadWriteResources[2:0]=Buffer 1888 (ResourceId::1888) (ReadWriteBuffer, addr=Wrap,mip=0,cmp=AlwaysTrue); Vertex:ReadWriteResources[3:0]=Buffer 1894 (ResourceId::1894) (ReadWriteBuffer, addr=Wrap,mip=0,cmp=AlwaysTrue)",0.000000,1.024000
4828,0.000000,1,vkCmdDrawIndexed(),Native Render > Render Pass [clear: Depth] > Native ACTORSCOMMONMATERIAL.G2D (m: 47 l: 0) > Material 47 > FENCE_RANCH_Scene01_Fence_Ranch.g3d_0_0_1,Native Render,Native ACTORSCOMMONMATERIAL.G2D (m: 47 l: 0),47,FENCE_RANCH_Scene01_Fence_Ranch.g3d_0_0_1,474,257-1024,1,,,,,,,(none),,0.000000,0.000000
4841,8.908800,1,vkCmdDrawIndexed(),Native Render > Render Pass [clear: Depth] > Native SECT1.g2d (m: 38 l: 0) > Material 38 > SECT1.g3d_99,Native Render,Native SECT1.g2d (m: 38 l: 0),38,SECT1.g3d_99,159,49-256,1,Native Previewer GLSL Blend 275 (ResourceId::16816),"rt0:blend=on,mask=RGBA",test=on write=off func=CompareFunction.Greater,rt0=RGBA,rt0=2D Color Attachment 3466 (ResourceId::3466),2D Depth/Stencil Attachment 3470 (ResourceId::3470),"GSTexImage Image (128, 128) pallete: 0 (ResourceId::12400) (ImageSampler, addr=Wrap,mip=0,cmp=Never)","Pixel:ReadOnlyResources[0:0]=GSTexImage Image (128, 128) pallete: 0 (ResourceId::12400) (ImageSampler, addr=Wrap,mip=0,cmp=Never); Vertex:ReadWriteResources[0:0]=Buffer 1876 (ResourceId::1876) (ReadWriteBuffer, addr=Wrap,mip=0,cmp=AlwaysTrue); Vertex:ReadWriteResources[1:0]=Buffer 1882 (ResourceId::1882) (ReadWriteBuffer, addr=Wrap,mip=0,cmp=AlwaysTrue); Vertex:ReadWriteResources[2:0]=Buffer 1888 (ResourceId::1888) (ReadWriteBuffer, addr=Wrap,mip=0,cmp=AlwaysTrue); Vertex:ReadWriteResources[3:0]=Buffer 1894 (ResourceId::1894) (ReadWriteBuffer, addr=Wrap,mip=0,cmp=AlwaysTrue)",2.048000,23.552000
4854,0.204800,1,vkCmdDrawIndexed(),Native Render > Render Pass [clear: Depth] > Native SECT1.g2d (m: 11 l: 0) > Material 11 > SECT1.g3d_4_0_0,Native Render,Native SECT1.g2d (m: 11 l: 0),11,SECT1.g3d_4_0_0,162,49-256,1,Native Previewer GLSL Blend 266 (ResourceId::16579),"rt0:blend=on,mask=RGBA",test=on write=off func=CompareFunction.Greater,rt0=RGBA,rt0=2D Color Attachment 3466 (ResourceId::3466),2D Depth/Stencil Attachment 3470 (ResourceId::3470),"GSTexImage Image (256, 128) pallete: 0 (ResourceId::11968) (ImageSampler, addr=Wrap,mip=0,cmp=Never)","Pixel:ReadOnlyResources[0:0]=GSTexImage Image (256, 128) pallete: 0 (ResourceId::11968) (ImageSampler, addr=Wrap,mip=0,cmp=Never); Vertex:ReadWriteResources[0:0]=Buffer 1876 (ResourceId::1876) (ReadWriteBuffer, addr=Wrap,mip=0,cmp=AlwaysTrue); Vertex:ReadWriteResources[1:0]=Buffer 1882 (ResourceId::1882) (ReadWriteBuffer, addr=Wrap,mip=0,cmp=AlwaysTrue); Vertex:ReadWriteResources[2:0]=Buffer 1888 (ResourceId::1888) (ReadWriteBuffer, addr=Wrap,mip=0,cmp=AlwaysTrue); Vertex:ReadWriteResources[3:0]=Buffer 1894 (ResourceId::1894) (ReadWriteBuffer, addr=Wrap,mip=0,cmp=AlwaysTrue)",0.000000,1.024000
4862,0.000000,1,vkCmdDrawIndexed(),Native Render > Render Pass [clear: Depth] > Native SECT1.g2d (m: 11 l: 0) > Material 11 > SECT1.g3d_84,Native Render,Native SECT1.g2d (m: 11 l: 0),11,SECT1.g3d_84,120,49-256,1,,,,,,,(none),,0.000000,0.000000
4875,0.000000,1,vkCmdDrawIndexed(),Native Render > Render Pass [clear: Depth] > Native SECT1.g2d (m: 14 l: 0) > Material 14 > SECT1.g3d_5_0_40,Native Render,Native SECT1.g2d (m: 14 l: 0),14,SECT1.g3d_5_0_40,402,257-1024,1,,,,,,,(none),,0.000000,0.000000
4883,0.000000,1,vkCmdDrawIndexed(),Native Render > Render Pass [clear: Depth] > Native SECT1.g2d (m: 14 l: 0) > Material 14 > SECT1.g3d_2_0_50,Native Render,Native SECT1.g2d (m: 14 l: 0),14,SECT1.g3d_2_0_50,264,257-1024,1,,,,,,,(none),,0.000000,0.000000
4891,0.204800,1,vkCmdDrawIndexed(),Native Render > Render Pass [clear: Depth] > Native SECT1.g2d (m: 14 l: 0) > Material 14 > SECT1.g3d_43,Native Render,Native SECT1.g2d (m: 14 l: 0),14,SECT1.g3d_43,132,49-256,1,Native Previewer GLSL Blend 275 (ResourceId::16816),"rt0:blend=on,mask=RGBA",test=on write=off func=CompareFunction.Greater,rt0=RGBA,rt0=2D Color Attachment 3466 (ResourceId::3466),2D Depth/Stencil Attachment 3470 (ResourceId::3470),"GSTexImage Image (128, 128) pallete: 0 (ResourceId::12016) (ImageSampler, addr=Wrap,mip=0,cmp=Never)","Pixel:ReadOnlyResources[0:0]=GSTexImage Image (128, 128) pallete: 0 (ResourceId::12016) (ImageSampler, addr=Wrap,mip=0,cmp=Never); Vertex:ReadWriteResources[0:0]=Buffer 1876 (ResourceId::1876) (ReadWriteBuffer, addr=Wrap,mip=0,cmp=AlwaysTrue); Vertex:ReadWriteResources[1:0]=Buffer 1882 (ResourceId::1882) (ReadWriteBuffer, addr=Wrap,mip=0,cmp=AlwaysTrue); Vertex:ReadWriteResources[2:0]=Buffer 1888 (ResourceId::1888) (ReadWriteBuffer, addr=Wrap,mip=0,cmp=AlwaysTrue); Vertex:ReadWriteResources[3:0]=Buffer 1894 (ResourceId::1894) (ReadWriteBuffer, addr=Wrap,mip=0,cmp=AlwaysTrue)",0.000000,2.048000
4904,0.000000,1,vkCmdDrawIndexed(),Native Render > Render Pass [clear: Depth] > Native SECT11.g2d (m: 5 l: 0) > Material 5 > SECT11.g3d_7,Native Render,Native SECT11.g2d (m: 5 l: 0),5,SECT11.g3d_7,24,13-48,1,,,,,,,(none),,0.000000,0.000000
4912,0.000000,1,vkCmdDrawIndexed(),Native Render > Render Pass [clear: Depth] > Native SECT11.g2d (m: 5 l: 0) > Material 5 > SECT11.g3d_3,Native Render,Native SECT11.g2d (m: 5 l: 0),5,SECT11.g3d_3,15,13-48,1,,,,,,,(none),,0.000000,0.000000
4924,0.000000,1,vkCmdDrawIndexed(),Native Render > Render Pass [clear: Depth] > Native AMBRE_BLOCK_CONSTANT.g2d (m: 0 l: 0) > AMBRE_BLOCK_CONSTANT.G3D_0_0_0,Native Render,Native AMBRE_BLOCK_CONSTANT.g2d (m: 0 l: 0),0,AMBRE_BLOCK_CONSTANT.G3D_0_0_0,438,257-1024,1,,,,,,,(none),,0.000000,0.000000
4932,0.000000,1,vkCmdDrawIndexed(),Native Render > Render Pass [clear: Depth] > Native AMBRE_BLOCK_CONSTANT.g2d (m: 0 l: 0) > AMBRE_BLOCK_CONSTANT.G3D_0_0_0,Native Render,Native AMBRE_BLOCK_CONSTANT.g2d (m: 0 l: 0),0,AMBRE_BLOCK_CONSTANT.G3D_0_0_0,438,257-1024,1,,,,,,,(none),,0.000000,0.000000
4940,0.000000,1,vkCmdDrawIndexed(),Native Render > Render Pass [clear: Depth] > Native AMBRE_BLOCK_CONSTANT.g2d (m: 0 l: 0) > AMBRE_BLOCK_CONSTANT.G3D_0_0_0,Native Render,Native AMBRE_BLOCK_CONSTANT.g2d (m: 0 l: 0),0,AMBRE_BLOCK_CONSTANT.G3D_0_0_0,438,257-1024,1,,,,,,,(none),,0.000000,0.000000
4948,0.102400,1,vkCmdDrawIndexed(),Native Render > Render Pass [clear: Depth] > Native AMBRE_BLOCK_CONSTANT.g2d (m: 0 l: 0) > AMBRE_BLOCK_CONSTANT.G3D_0_0_0,Native Render,Native AMBRE_BLOCK_CONSTANT.g2d (m: 0 l: 0),0,AMBRE_BLOCK_CONSTANT.G3D_0_0_0,438,257-1024,1,Native Previewer GLSL Blend 275 (ResourceId::16816),"rt0:blend=on,mask=RGBA",test=on write=off func=CompareFunction.Greater,rt0=RGBA,rt0=2D Color Attachment 3466 (ResourceId::3466),2D Depth/Stencil Attachment 3470 (ResourceId::3470),"GSTexImage Image (128, 64) pallete: 0 (ResourceId::10096) (ImageSampler, addr=Wrap,mip=0,cmp=Never)","Pixel:ReadOnlyResources[0:0]=GSTexImage Image (128, 64) pallete: 0 (ResourceId::10096) (ImageSampler, addr=Wrap,mip=0,cmp=Never); Vertex:ReadWriteResources[0:0]=Buffer 1876 (ResourceId::1876) (ReadWriteBuffer, addr=Wrap,mip=0,cmp=AlwaysTrue); Vertex:ReadWriteResources[1:0]=Buffer 1882 (ResourceId::1882) (ReadWriteBuffer, addr=Wrap,mip=0,cmp=AlwaysTrue); Vertex:ReadWriteResources[2:0]=Buffer 1888 (ResourceId::1888) (ReadWriteBuffer, addr=Wrap,mip=0,cmp=AlwaysTrue); Vertex:ReadWriteResources[3:0]=Buffer 1894 (ResourceId::1894) (ReadWriteBuffer, addr=Wrap,mip=0,cmp=AlwaysTrue)",0.000000,1.024000
4956,0.000000,1,vkCmdDrawIndexed(),Native Render > Render Pass [clear: Depth] > Native AMBRE_BLOCK_CONSTANT.g2d (m: 0 l: 0) > AMBRE_BLOCK_CONSTANT.G3D_0_0_0,Native Render,Native AMBRE_BLOCK_CONSTANT.g2d (m: 0 l: 0),0,AMBRE_BLOCK_CONSTANT.G3D_0_0_0,438,257-1024,1,,,,,,,(none),,0.000000,0.000000
4964,0.000000,1,vkCmdDrawIndexed(),Native Render > Render Pass [clear: Depth] > Native AMBRE_BLOCK_CONSTANT.g2d (m: 0 l: 0) > AMBRE_BLOCK_CONSTANT.G3D_0_0_0,Native Render,Native AMBRE_BLOCK_CONSTANT.g2d (m: 0 l: 0),0,AMBRE_BLOCK_CONSTANT.G3D_0_0_0,438,257-1024,1,,,,,,,(none),,0.000000,0.000000
4972,0.000000,1,vkCmdDrawIndexed(),Native Render > Render Pass [clear: Depth] > Native AMBRE_BLOCK_CONSTANT.g2d (m: 0 l: 0) > AMBRE_BLOCK_CONSTANT.G3D_0_0_0,Native Render,Native AMBRE_BLOCK_CONSTANT.g2d (m: 0 l: 0),0,AMBRE_BLOCK_CONSTANT.G3D_0_0_0,438,257-1024,1,,,,,,,(none),,0.000000,0.000000
4980,0.000000,1,vkCmdDrawIndexed(),Native Render > Render Pass [clear: Depth] > Native AMBRE_BLOCK_CONSTANT.g2d (m: 0 l: 0) > AMBRE_BLOCK_CONSTANT.G3D_0_0_0,Native Render,Native AMBRE_BLOCK_CONSTANT.g2d (m: 0 l: 0),0,AMBRE_BLOCK_CONSTANT.G3D_0_0_0,438,257-1024,1,,,,,,,(none),,0.000000,0.000000
4988,0.000000,1,vkCmdDrawIndexed(),Native Render > Render Pass [clear: Depth] > Native AMBRE_BLOCK_CONSTANT.g2d (m: 0 l: 0) > AMBRE_BLOCK_CONSTANT.G3D_0_0_0,Native Render,Native AMBRE_BLOCK_CONSTANT.g2d (m: 0 l: 0),0,AMBRE_BLOCK_CONSTANT.G3D_0_0_0,438,257-1024,1,,,,,,,(none),,0.000000,0.000000
4996,0.000000,1,vkCmdDrawIndexed(),Native Render > Render Pass [clear: Depth] > Native AMBRE_BLOCK_CONSTANT.g2d (m: 0 l: 0) > AMBRE_BLOCK_CONSTANT.G3D_0_0_0,Native Render,Native AMBRE_BLOCK_CONSTANT.g2d (m: 0 l: 0),0,AMBRE_BLOCK_CONSTANT.G3D_0_0_0,438,257-1024,1,,,,,,,(none),,0.000000,0.000000
5004,0.000000,1,vkCmdDrawIndexed(),Native Render > Render Pass [clear: Depth] > Native AMBRE_BLOCK_CONSTANT.g2d (m: 0 l: 0) > AMBRE_BLOCK_CONSTANT.G3D_0_0_0,Native Render,Native AMBRE_BLOCK_CONSTANT.g2d (m: 0 l: 0),0,AMBRE_BLOCK_CONSTANT.G3D_0_0_0,438,257-1024,1,,,,,,,(none),,0.000000,0.000000
5016,0.000000,1,vkCmdDrawIndexed(),Native Render > Render Pass [clear: Depth] > Native BACKGROUND_Scene01_background.g2d (m: 2 l: 0) > Material 2 > BACKGROUND_Scene01_background.g3d_1_0_147,Native Render,Native BACKGROUND_Scene01_background.g2d (m: 2 l: 0),2,BACKGROUND_Scene01_background.g3d_1_0_147,18,13-48,1,,,,,,,(none),,0.000000,0.000000
5024,0.000000,1,vkCmdDrawIndexed(),Native Render > Render Pass [clear: Depth] > Native BACKGROUND_Scene01_background.g2d (m: 2 l: 0) > Material 2 > BACKGROUND_Scene01_background.g3d_1_0_146,Native Render,Native BACKGROUND_Scene01_background.g2d (m: 2 l: 0),2,BACKGROUND_Scene01_background.g3d_1_0_146,18,13-48,1,,,,,,,(none),,0.000000,0.000000
5032,0.000000,1,vkCmdDrawIndexed(),Native Render > Render Pass [clear: Depth] > Native BACKGROUND_Scene01_background.g2d (m: 2 l: 0) > Material 2 > BACKGROUND_Scene01_background.g3d_1_0_145,Native Render,Native BACKGROUND_Scene01_background.g2d (m: 2 l: 0),2,BACKGROUND_Scene01_background.g3d_1_0_145,18,13-48,1,,,,,,,(none),,0.000000,0.000000
5040,0.000000,1,vkCmdDrawIndexed(),Native Render > Render Pass [clear: Depth] > Native BACKGROUND_Scene01_background.g2d (m: 2 l: 0) > Material 2 > BACKGROUND_Scene01_background.g3d_1_0_144,Native Render,Native BACKGROUND_Scene01_background.g2d (m: 2 l: 0),2,BACKGROUND_Scene01_background.g3d_1_0_144,18,13-48,1,,,,,,,(none),,0.000000,0.000000
5048,0.000000,1,vkCmdDrawIndexed(),Native Render > Render Pass [clear: Depth] > Native BACKGROUND_Scene01_background.g2d (m: 2 l: 0) > Material 2 > BACKGROUND_Scene01_background.g3d_1_0_143,Native Render,Native BACKGROUND_Scene01_background.g2d (m: 2 l: 0),2,BACKGROUND_Scene01_background.g3d_1_0_143,18,13-48,1,,,,,,,(none),,0.000000,0.000000
5056,0.000000,1,vkCmdDrawIndexed(),Native Render > Render Pass [clear: Depth] > Native BACKGROUND_Scene01_background.g2d (m: 2 l: 0) > Material 2 > BACKGROUND_Scene01_background.g3d_1_0_142,Native Render,Native BACKGROUND_Scene01_background.g2d (m: 2 l: 0),2,BACKGROUND_Scene01_background.g3d_1_0_142,18,13-48,1,,,,,,,(none),,0.000000,0.000000
5064,0.000000,1,vkCmdDrawIndexed(),Native Render > Render Pass [clear: Depth] > Native BACKGROUND_Scene01_background.g2d (m: 2 l: 0) > Material 2 > BACKGROUND_Scene01_background.g3d_1_0_137,Native Render,Native BACKGROUND_Scene01_background.g2d (m: 2 l: 0),2,BACKGROUND_Scene01_background.g3d_1_0_137,18,13-48,1,,,,,,,(none),,0.000000,0.000000
5072,0.102400,1,vkCmdDrawIndexed(),Native Render > Render Pass [clear: Depth] > Native BACKGROUND_Scene01_background.g2d (m: 2 l: 0) > Material 2 > BACKGROUND_Scene01_background.g3d_1_0_136,Native Render,Native BACKGROUND_Scene01_background.g2d (m: 2 l: 0),2,BACKGROUND_Scene01_background.g3d_1_0_136,15,13-48,1,Native Previewer GLSL Blend 266 (ResourceId::16579),"rt0:blend=on,mask=RGBA",test=on write=off func=CompareFunction.Greater,rt0=RGBA,rt0=2D Color Attachment 3466 (ResourceId::3466),2D Depth/Stencil Attachment 3470 (ResourceId::3470),"GSTexImage Image (256, 128) pallete: 0 (ResourceId::7760) (ImageSampler, addr=Wrap,mip=0,cmp=Never)","Pixel:ReadOnlyResources[0:0]=GSTexImage Image (256, 128) pallete: 0 (ResourceId::7760) (ImageSampler, addr=Wrap,mip=0,cmp=Never); Vertex:ReadWriteResources[0:0]=Buffer 1876 (ResourceId::1876) (ReadWriteBuffer, addr=Wrap,mip=0,cmp=AlwaysTrue); Vertex:ReadWriteResources[1:0]=Buffer 1882 (ResourceId::1882) (ReadWriteBuffer, addr=Wrap,mip=0,cmp=AlwaysTrue); Vertex:ReadWriteResources[2:0]=Buffer 1888 (ResourceId::1888) (ReadWriteBuffer, addr=Wrap,mip=0,cmp=AlwaysTrue); Vertex:ReadWriteResources[3:0]=Buffer 1894 (ResourceId::1894) (ReadWriteBuffer, addr=Wrap,mip=0,cmp=AlwaysTrue)",0.000000,1.024000
5080,0.000000,1,vkCmdDrawIndexed(),Native Render > Render Pass [clear: Depth] > Native BACKGROUND_Scene01_background.g2d (m: 2 l: 0) > Material 2 > BACKGROUND_Scene01_background.g3d_1_0_133,Native Render,Native BACKGROUND_Scene01_background.g2d (m: 2 l: 0),2,BACKGROUND_Scene01_background.g3d_1_0_133,18,13-48,1,,,,,,,(none),,0.000000,0.000000
5088,0.000000,1,vkCmdDrawIndexed(),Native Render > Render Pass [clear: Depth] > Native BACKGROUND_Scene01_background.g2d (m: 2 l: 0) > Material 2 > BACKGROUND_Scene01_background.g3d_1_0_132,Native Render,Native BACKGROUND_Scene01_background.g2d (m: 2 l: 0),2,BACKGROUND_Scene01_background.g3d_1_0_132,18,13-48,1,,,,,,,(none),,0.000000,0.000000
5096,0.102400,1,vkCmdDrawIndexed(),Native Render > Render Pass [clear: Depth] > Native BACKGROUND_Scene01_background.g2d (m: 2 l: 0) > Material 2 > BACKGROUND_Scene01_background.g3d_1_0_131,Native Render,Native BACKGROUND_Scene01_background.g2d (m: 2 l: 0),2,BACKGROUND_Scene01_background.g3d_1_0_131,18,13-48,1,Native Previewer GLSL Blend 266 (ResourceId::16579),"rt0:blend=on,mask=RGBA",test=on write=off func=CompareFunction.Greater,rt0=RGBA,rt0=2D Color Attachment 3466 (ResourceId::3466),2D Depth/Stencil Attachment 3470 (ResourceId::3470),"GSTexImage Image (256, 128) pallete: 0 (ResourceId::7760) (ImageSampler, addr=Wrap,mip=0,cmp=Never)","Pixel:ReadOnlyResources[0:0]=GSTexImage Image (256, 128) pallete: 0 (ResourceId::7760) (ImageSampler, addr=Wrap,mip=0,cmp=Never); Vertex:ReadWriteResources[0:0]=Buffer 1876 (ResourceId::1876) (ReadWriteBuffer, addr=Wrap,mip=0,cmp=AlwaysTrue); Vertex:ReadWriteResources[1:0]=Buffer 1882 (ResourceId::1882) (ReadWriteBuffer, addr=Wrap,mip=0,cmp=AlwaysTrue); Vertex:ReadWriteResources[2:0]=Buffer 1888 (ResourceId::1888) (ReadWriteBuffer, addr=Wrap,mip=0,cmp=AlwaysTrue); Vertex:ReadWriteResources[3:0]=Buffer 1894 (ResourceId::1894) (ReadWriteBuffer, addr=Wrap,mip=0,cmp=AlwaysTrue)",0.000000,1.024000
5104,0.819200,1,vkCmdDrawIndexed(),Native Render > Render Pass [clear: Depth] > Native BACKGROUND_Scene01_background.g2d (m: 2 l: 0) > Material 2 > BACKGROUND_Scene01_background.g3d_1_0_130,Native Render,Native BACKGROUND_Scene01_background.g2d (m: 2 l: 0),2,BACKGROUND_Scene01_background.g3d_1_0_130,18,13-48,1,Native Previewer GLSL Blend 266 (ResourceId::16579),"rt0:blend=on,mask=RGBA",test=on write=off func=CompareFunction.Greater,rt0=RGBA,rt0=2D Color Attachment 3466 (ResourceId::3466),2D Depth/Stencil Attachment 3470 (ResourceId::3470),"GSTexImage Image (256, 128) pallete: 0 (ResourceId::7760) (ImageSampler, addr=Wrap,mip=0,cmp=Never)","Pixel:ReadOnlyResources[0:0]=GSTexImage Image (256, 128) pallete: 0 (ResourceId::7760) (ImageSampler, addr=Wrap,mip=0,cmp=Never); Vertex:ReadWriteResources[0:0]=Buffer 1876 (ResourceId::1876) (ReadWriteBuffer, addr=Wrap,mip=0,cmp=AlwaysTrue); Vertex:ReadWriteResources[1:0]=Buffer 1882 (ResourceId::1882) (ReadWriteBuffer, addr=Wrap,mip=0,cmp=AlwaysTrue); Vertex:ReadWriteResources[2:0]=Buffer 1888 (ResourceId::1888) (ReadWriteBuffer, addr=Wrap,mip=0,cmp=AlwaysTrue); Vertex:ReadWriteResources[3:0]=Buffer 1894 (ResourceId::1894) (ReadWriteBuffer, addr=Wrap,mip=0,cmp=AlwaysTrue)",0.000000,8.192000
5112,0.204800,1,vkCmdDrawIndexed(),Native Render > Render Pass [clear: Depth] > Native BACKGROUND_Scene01_background.g2d (m: 2 l: 0) > Material 2 > BACKGROUND_Scene01_background.g3d_1_0_129,Native Render,Native BACKGROUND_Scene01_background.g2d (m: 2 l: 0),2,BACKGROUND_Scene01_background.g3d_1_0_129,18,13-48,1,Native Previewer GLSL Blend 266 (ResourceId::16579),"rt0:blend=on,mask=RGBA",test=on write=off func=CompareFunction.Greater,rt0=RGBA,rt0=2D Color Attachment 3466 (ResourceId::3466),2D Depth/Stencil Attachment 3470 (ResourceId::3470),"GSTexImage Image (256, 128) pallete: 0 (ResourceId::7760) (ImageSampler, addr=Wrap,mip=0,cmp=Never)","Pixel:ReadOnlyResources[0:0]=GSTexImage Image (256, 128) pallete: 0 (ResourceId::7760) (ImageSampler, addr=Wrap,mip=0,cmp=Never); Vertex:ReadWriteResources[0:0]=Buffer 1876 (ResourceId::1876) (ReadWriteBuffer, addr=Wrap,mip=0,cmp=AlwaysTrue); Vertex:ReadWriteResources[1:0]=Buffer 1882 (ResourceId::1882) (ReadWriteBuffer, addr=Wrap,mip=0,cmp=AlwaysTrue); Vertex:ReadWriteResources[2:0]=Buffer 1888 (ResourceId::1888) (ReadWriteBuffer, addr=Wrap,mip=0,cmp=AlwaysTrue); Vertex:ReadWriteResources[3:0]=Buffer 1894 (ResourceId::1894) (ReadWriteBuffer, addr=Wrap,mip=0,cmp=AlwaysTrue)",0.000000,1.024000
5120,0.409600,1,vkCmdDrawIndexed(),Native Render > Render Pass [clear: Depth] > Native BACKGROUND_Scene01_background.g2d (m: 2 l: 0) > Material 2 > BACKGROUND_Scene01_background.g3d_1_0_128,Native Render,Native BACKGROUND_Scene01_background.g2d (m: 2 l: 0),2,BACKGROUND_Scene01_background.g3d_1_0_128,18,13-48,1,Native Previewer GLSL Blend 266 (ResourceId::16579),"rt0:blend=on,mask=RGBA",test=on write=off func=CompareFunction.Greater,rt0=RGBA,rt0=2D Color Attachment 3466 (ResourceId::3466),2D Depth/Stencil Attachment 3470 (ResourceId::3470),"GSTexImage Image (256, 128) pallete: 0 (ResourceId::7760) (ImageSampler, addr=Wrap,mip=0,cmp=Never)","Pixel:ReadOnlyResources[0:0]=GSTexImage Image (256, 128) pallete: 0 (ResourceId::7760) (ImageSampler, addr=Wrap,mip=0,cmp=Never); Vertex:ReadWriteResources[0:0]=Buffer 1876 (ResourceId::1876) (ReadWriteBuffer, addr=Wrap,mip=0,cmp=AlwaysTrue); Vertex:ReadWriteResources[1:0]=Buffer 1882 (ResourceId::1882) (ReadWriteBuffer, addr=Wrap,mip=0,cmp=AlwaysTrue); Vertex:ReadWriteResources[2:0]=Buffer 1888 (ResourceId::1888) (ReadWriteBuffer, addr=Wrap,mip=0,cmp=AlwaysTrue); Vertex:ReadWriteResources[3:0]=Buffer 1894 (ResourceId::1894) (ReadWriteBuffer, addr=Wrap,mip=0,cmp=AlwaysTrue)",0.000000,3.072000
5128,0.000000,1,vkCmdDrawIndexed(),Native Render > Render Pass [clear: Depth] > Native BACKGROUND_Scene01_background.g2d (m: 2 l: 0) > Material 2 > BACKGROUND_Scene01_background.g3d_1_0_127,Native Render,Native BACKGROUND_Scene01_background.g2d (m: 2 l: 0),2,BACKGROUND_Scene01_background.g3d_1_0_127,18,13-48,1,,,,,,,(none),,0.000000,0.000000
5136,0.000000,1,vkCmdDrawIndexed(),Native Render > Render Pass [clear: Depth] > Native BACKGROUND_Scene01_background.g2d (m: 2 l: 0) > Material 2 > BACKGROUND_Scene01_background.g3d_1_0_126,Native Render,Native BACKGROUND_Scene01_background.g2d (m: 2 l: 0),2,BACKGROUND_Scene01_background.g3d_1_0_126,18,13-48,1,,,,,,,(none),,0.000000,0.000000
5144,0.000000,1,vkCmdDrawIndexed(),Native Render > Render Pass [clear: Depth] > Native BACKGROUND_Scene01_background.g2d (m: 2 l: 0) > Material 2 > BACKGROUND_Scene01_background.g3d_1_0_85,Native Render,Native BACKGROUND_Scene01_background.g2d (m: 2 l: 0),2,BACKGROUND_Scene01_background.g3d_1_0_85,18,13-48,1,,,,,,,(none),,0.000000,0.000000
5152,0.102400,1,vkCmdDrawIndexed(),Native Render > Render Pass [clear: Depth] > Native BACKGROUND_Scene01_background.g2d (m: 2 l: 0) > Material 2 > BACKGROUND_Scene01_background.g3d_1_0_84,Native Render,Native BACKGROUND_Scene01_background.g2d (m: 2 l: 0),2,BACKGROUND_Scene01_background.g3d_1_0_84,18,13-48,1,Native Previewer GLSL Blend 266 (ResourceId::16579),"rt0:blend=on,mask=RGBA",test=on write=off func=CompareFunction.Greater,rt0=RGBA,rt0=2D Color Attachment 3466 (ResourceId::3466),2D Depth/Stencil Attachment 3470 (ResourceId::3470),"GSTexImage Image (256, 128) pallete: 0 (ResourceId::7760) (ImageSampler, addr=Wrap,mip=0,cmp=Never)","Pixel:ReadOnlyResources[0:0]=GSTexImage Image (256, 128) pallete: 0 (ResourceId::7760) (ImageSampler, addr=Wrap,mip=0,cmp=Never); Vertex:ReadWriteResources[0:0]=Buffer 1876 (ResourceId::1876) (ReadWriteBuffer, addr=Wrap,mip=0,cmp=AlwaysTrue); Vertex:ReadWriteResources[1:0]=Buffer 1882 (ResourceId::1882) (ReadWriteBuffer, addr=Wrap,mip=0,cmp=AlwaysTrue); Vertex:ReadWriteResources[2:0]=Buffer 1888 (ResourceId::1888) (ReadWriteBuffer, addr=Wrap,mip=0,cmp=AlwaysTrue); Vertex:ReadWriteResources[3:0]=Buffer 1894 (ResourceId::1894) (ReadWriteBuffer, addr=Wrap,mip=0,cmp=AlwaysTrue)",0.000000,1.024000
5160,0.000000,1,vkCmdDrawIndexed(),Native Render > Render Pass [clear: Depth] > Native BACKGROUND_Scene01_background.g2d (m: 2 l: 0) > Material 2 > BACKGROUND_Scene01_background.g3d_1_0_83,Native Render,Native BACKGROUND_Scene01_background.g2d (m: 2 l: 0),2,BACKGROUND_Scene01_background.g3d_1_0_83,18,13-48,1,,,,,,,(none),,0.000000,0.000000
5168,0.102400,1,vkCmdDrawIndexed(),Native Render > Render Pass [clear: Depth] > Native BACKGROUND_Scene01_background.g2d (m: 2 l: 0) > Material 2 > BACKGROUND_Scene01_background.g3d_1_0_82,Native Render,Native BACKGROUND_Scene01_background.g2d (m: 2 l: 0),2,BACKGROUND_Scene01_background.g3d_1_0_82,18,13-48,1,Native Previewer GLSL Blend 266 (ResourceId::16579),"rt0:blend=on,mask=RGBA",test=on write=off func=CompareFunction.Greater,rt0=RGBA,rt0=2D Color Attachment 3466 (ResourceId::3466),2D Depth/Stencil Attachment 3470 (ResourceId::3470),"GSTexImage Image (256, 128) pallete: 0 (ResourceId::7760) (ImageSampler, addr=Wrap,mip=0,cmp=Never)","Pixel:ReadOnlyResources[0:0]=GSTexImage Image (256, 128) pallete: 0 (ResourceId::7760) (ImageSampler, addr=Wrap,mip=0,cmp=Never); Vertex:ReadWriteResources[0:0]=Buffer 1876 (ResourceId::1876) (ReadWriteBuffer, addr=Wrap,mip=0,cmp=AlwaysTrue); Vertex:ReadWriteResources[1:0]=Buffer 1882 (ResourceId::1882) (ReadWriteBuffer, addr=Wrap,mip=0,cmp=AlwaysTrue); Vertex:ReadWriteResources[2:0]=Buffer 1888 (ResourceId::1888) (ReadWriteBuffer, addr=Wrap,mip=0,cmp=AlwaysTrue); Vertex:ReadWriteResources[3:0]=Buffer 1894 (ResourceId::1894) (ReadWriteBuffer, addr=Wrap,mip=0,cmp=AlwaysTrue)",0.000000,1.024000
5176,0.716800,1,vkCmdDrawIndexed(),Native Render > Render Pass [clear: Depth] > Native BACKGROUND_Scene01_background.g2d (m: 2 l: 0) > Material 2 > BACKGROUND_Scene01_background.g3d_1_0_81,Native Render,Native BACKGROUND_Scene01_background.g2d (m: 2 l: 0),2,BACKGROUND_Scene01_background.g3d_1_0_81,18,13-48,1,Native Previewer GLSL Blend 266 (ResourceId::16579),"rt0:blend=on,mask=RGBA",test=on write=off func=CompareFunction.Greater,rt0=RGBA,rt0=2D Color Attachment 3466 (ResourceId::3466),2D Depth/Stencil Attachment 3470 (ResourceId::3470),"GSTexImage Image (256, 128) pallete: 0 (ResourceId::7760) (ImageSampler, addr=Wrap,mip=0,cmp=Never)","Pixel:ReadOnlyResources[0:0]=GSTexImage Image (256, 128) pallete: 0 (ResourceId::7760) (ImageSampler, addr=Wrap,mip=0,cmp=Never); Vertex:ReadWriteResources[0:0]=Buffer 1876 (ResourceId::1876) (ReadWriteBuffer, addr=Wrap,mip=0,cmp=AlwaysTrue); Vertex:ReadWriteResources[1:0]=Buffer 1882 (ResourceId::1882) (ReadWriteBuffer, addr=Wrap,mip=0,cmp=AlwaysTrue); Vertex:ReadWriteResources[2:0]=Buffer 1888 (ResourceId::1888) (ReadWriteBuffer, addr=Wrap,mip=0,cmp=AlwaysTrue); Vertex:ReadWriteResources[3:0]=Buffer 1894 (ResourceId::1894) (ReadWriteBuffer, addr=Wrap,mip=0,cmp=AlwaysTrue)",0.000000,5.120000
5184,0.000000,1,vkCmdDrawIndexed(),Native Render > Render Pass [clear: Depth] > Native BACKGROUND_Scene01_background.g2d (m: 2 l: 0) > Material 2 > BACKGROUND_Scene01_background.g3d_1_0_80,Native Render,Native BACKGROUND_Scene01_background.g2d (m: 2 l: 0),2,BACKGROUND_Scene01_background.g3d_1_0_80,18,13-48,1,,,,,,,(none),,0.000000,0.000000
5192,0.204800,1,vkCmdDrawIndexed(),Native Render > Render Pass [clear: Depth] > Native BACKGROUND_Scene01_background.g2d (m: 2 l: 0) > Material 2 > BACKGROUND_Scene01_background.g3d_1_0_79,Native Render,Native BACKGROUND_Scene01_background.g2d (m: 2 l: 0),2,BACKGROUND_Scene01_background.g3d_1_0_79,18,13-48,1,Native Previewer GLSL Blend 266 (ResourceId::16579),"rt0:blend=on,mask=RGBA",test=on write=off func=CompareFunction.Greater,rt0=RGBA,rt0=2D Color Attachment 3466 (ResourceId::3466),2D Depth/Stencil Attachment 3470 (ResourceId::3470),"GSTexImage Image (256, 128) pallete: 0 (ResourceId::7760) (ImageSampler, addr=Wrap,mip=0,cmp=Never)","Pixel:ReadOnlyResources[0:0]=GSTexImage Image (256, 128) pallete: 0 (ResourceId::7760) (ImageSampler, addr=Wrap,mip=0,cmp=Never); Vertex:ReadWriteResources[0:0]=Buffer 1876 (ResourceId::1876) (ReadWriteBuffer, addr=Wrap,mip=0,cmp=AlwaysTrue); Vertex:ReadWriteResources[1:0]=Buffer 1882 (ResourceId::1882) (ReadWriteBuffer, addr=Wrap,mip=0,cmp=AlwaysTrue); Vertex:ReadWriteResources[2:0]=Buffer 1888 (ResourceId::1888) (ReadWriteBuffer, addr=Wrap,mip=0,cmp=AlwaysTrue); Vertex:ReadWriteResources[3:0]=Buffer 1894 (ResourceId::1894) (ReadWriteBuffer, addr=Wrap,mip=0,cmp=AlwaysTrue)",0.000000,1.024000
5200,0.000000,1,vkCmdDrawIndexed(),Native Render > Render Pass [clear: Depth] > Native BACKGROUND_Scene01_background.g2d (m: 2 l: 0) > Material 2 > BACKGROUND_Scene01_background.g3d_1_0_78,Native Render,Native BACKGROUND_Scene01_background.g2d (m: 2 l: 0),2,BACKGROUND_Scene01_background.g3d_1_0_78,18,13-48,1,,,,,,,(none),,0.000000,0.000000
5208,0.000000,1,vkCmdDrawIndexed(),Native Render > Render Pass [clear: Depth] > Native BACKGROUND_Scene01_background.g2d (m: 2 l: 0) > Material 2 > BACKGROUND_Scene01_background.g3d_1_0_62,Native Render,Native BACKGROUND_Scene01_background.g2d (m: 2 l: 0),2,BACKGROUND_Scene01_background.g3d_1_0_62,18,13-48,1,,,,,,,(none),,0.000000,0.000000
5216,0.000000,1,vkCmdDrawIndexed(),Native Render > Render Pass [clear: Depth] > Native BACKGROUND_Scene01_background.g2d (m: 2 l: 0) > Material 2 > BACKGROUND_Scene01_background.g3d_1_0_61,Native Render,Native BACKGROUND_Scene01_background.g2d (m: 2 l: 0),2,BACKGROUND_Scene01_background.g3d_1_0_61,18,13-48,1,,,,,,,(none),,0.000000,0.000000
5224,0.102400,1,vkCmdDrawIndexed(),Native Render > Render Pass [clear: Depth] > Native BACKGROUND_Scene01_background.g2d (m: 2 l: 0) > Material 2 > BACKGROUND_Scene01_background.g3d_1_0_60,Native Render,Native BACKGROUND_Scene01_background.g2d (m: 2 l: 0),2,BACKGROUND_Scene01_background.g3d_1_0_60,18,13-48,1,Native Previewer GLSL Blend 266 (ResourceId::16579),"rt0:blend=on,mask=RGBA",test=on write=off func=CompareFunction.Greater,rt0=RGBA,rt0=2D Color Attachment 3466 (ResourceId::3466),2D Depth/Stencil Attachment 3470 (ResourceId::3470),"GSTexImage Image (256, 128) pallete: 0 (ResourceId::7760) (ImageSampler, addr=Wrap,mip=0,cmp=Never)","Pixel:ReadOnlyResources[0:0]=GSTexImage Image (256, 128) pallete: 0 (ResourceId::7760) (ImageSampler, addr=Wrap,mip=0,cmp=Never); Vertex:ReadWriteResources[0:0]=Buffer 1876 (ResourceId::1876) (ReadWriteBuffer, addr=Wrap,mip=0,cmp=AlwaysTrue); Vertex:ReadWriteResources[1:0]=Buffer 1882 (ResourceId::1882) (ReadWriteBuffer, addr=Wrap,mip=0,cmp=AlwaysTrue); Vertex:ReadWriteResources[2:0]=Buffer 1888 (ResourceId::1888) (ReadWriteBuffer, addr=Wrap,mip=0,cmp=AlwaysTrue); Vertex:ReadWriteResources[3:0]=Buffer 1894 (ResourceId::1894) (ReadWriteBuffer, addr=Wrap,mip=0,cmp=AlwaysTrue)",0.000000,1.024000
5232,0.000000,1,vkCmdDrawIndexed(),Native Render > Render Pass [clear: Depth] > Native BACKGROUND_Scene01_background.g2d (m: 2 l: 0) > Material 2 > BACKGROUND_Scene01_background.g3d_1_0_59,Native Render,Native BACKGROUND_Scene01_background.g2d (m: 2 l: 0),2,BACKGROUND_Scene01_background.g3d_1_0_59,18,13-48,1,,,,,,,(none),,0.000000,0.000000
5240,0.000000,1,vkCmdDrawIndexed(),Native Render > Render Pass [clear: Depth] > Native BACKGROUND_Scene01_background.g2d (m: 2 l: 0) > Material 2 > BACKGROUND_Scene01_background.g3d_1_0_49,Native Render,Native BACKGROUND_Scene01_background.g2d (m: 2 l: 0),2,BACKGROUND_Scene01_background.g3d_1_0_49,18,13-48,1,,,,,,,(none),,0.000000,0.000000
5248,0.102400,1,vkCmdDrawIndexed(),Native Render > Render Pass [clear: Depth] > Native BACKGROUND_Scene01_background.g2d (m: 2 l: 0) > Material 2 > BACKGROUND_Scene01_background.g3d_1_0_48,Native Render,Native BACKGROUND_Scene01_background.g2d (m: 2 l: 0),2,BACKGROUND_Scene01_background.g3d_1_0_48,18,13-48,1,Native Previewer GLSL Blend 266 (ResourceId::16579),"rt0:blend=on,mask=RGBA",test=on write=off func=CompareFunction.Greater,rt0=RGBA,rt0=2D Color Attachment 3466 (ResourceId::3466),2D Depth/Stencil Attachment 3470 (ResourceId::3470),"GSTexImage Image (256, 128) pallete: 0 (ResourceId::7760) (ImageSampler, addr=Wrap,mip=0,cmp=Never)","Pixel:ReadOnlyResources[0:0]=GSTexImage Image (256, 128) pallete: 0 (ResourceId::7760) (ImageSampler, addr=Wrap,mip=0,cmp=Never); Vertex:ReadWriteResources[0:0]=Buffer 1876 (ResourceId::1876) (ReadWriteBuffer, addr=Wrap,mip=0,cmp=AlwaysTrue); Vertex:ReadWriteResources[1:0]=Buffer 1882 (ResourceId::1882) (ReadWriteBuffer, addr=Wrap,mip=0,cmp=AlwaysTrue); Vertex:ReadWriteResources[2:0]=Buffer 1888 (ResourceId::1888) (ReadWriteBuffer, addr=Wrap,mip=0,cmp=AlwaysTrue); Vertex:ReadWriteResources[3:0]=Buffer 1894 (ResourceId::1894) (ReadWriteBuffer, addr=Wrap,mip=0,cmp=AlwaysTrue)",0.000000,1.024000
5256,0.102400,1,vkCmdDrawIndexed(),Native Render > Render Pass [clear: Depth] > Native BACKGROUND_Scene01_background.g2d (m: 2 l: 0) > Material 2 > BACKGROUND_Scene01_background.g3d_1_0_47,Native Render,Native BACKGROUND_Scene01_background.g2d (m: 2 l: 0),2,BACKGROUND_Scene01_background.g3d_1_0_47,18,13-48,1,Native Previewer GLSL Blend 266 (ResourceId::16579),"rt0:blend=on,mask=RGBA",test=on write=off func=CompareFunction.Greater,rt0=RGBA,rt0=2D Color Attachment 3466 (ResourceId::3466),2D Depth/Stencil Attachment 3470 (ResourceId::3470),"GSTexImage Image (256, 128) pallete: 0 (ResourceId::7760) (ImageSampler, addr=Wrap,mip=0,cmp=Never)","Pixel:ReadOnlyResources[0:0]=GSTexImage Image (256, 128) pallete: 0 (ResourceId::7760) (ImageSampler, addr=Wrap,mip=0,cmp=Never); Vertex:ReadWriteResources[0:0]=Buffer 1876 (ResourceId::1876) (ReadWriteBuffer, addr=Wrap,mip=0,cmp=AlwaysTrue); Vertex:ReadWriteResources[1:0]=Buffer 1882 (ResourceId::1882) (ReadWriteBuffer, addr=Wrap,mip=0,cmp=AlwaysTrue); Vertex:ReadWriteResources[2:0]=Buffer 1888 (ResourceId::1888) (ReadWriteBuffer, addr=Wrap,mip=0,cmp=AlwaysTrue); Vertex:ReadWriteResources[3:0]=Buffer 1894 (ResourceId::1894) (ReadWriteBuffer, addr=Wrap,mip=0,cmp=AlwaysTrue)",0.000000,1.024000
5264,0.000000,1,vkCmdDrawIndexed(),Native Render > Render Pass [clear: Depth] > Native BACKGROUND_Scene01_background.g2d (m: 2 l: 0) > Material 2 > BACKGROUND_Scene01_background.g3d_1_0_46,Native Render,Native BACKGROUND_Scene01_background.g2d (m: 2 l: 0),2,BACKGROUND_Scene01_background.g3d_1_0_46,18,13-48,1,,,,,,,(none),,0.000000,0.000000
5272,0.102400,1,vkCmdDrawIndexed(),Native Render > Render Pass [clear: Depth] > Native BACKGROUND_Scene01_background.g2d (m: 2 l: 0) > Material 2 > BACKGROUND_Scene01_background.g3d_1_0_45,Native Render,Native BACKGROUND_Scene01_background.g2d (m: 2 l: 0),2,BACKGROUND_Scene01_background.g3d_1_0_45,18,13-48,1,Native Previewer GLSL Blend 266 (ResourceId::16579),"rt0:blend=on,mask=RGBA",test=on write=off func=CompareFunction.Greater,rt0=RGBA,rt0=2D Color Attachment 3466 (ResourceId::3466),2D Depth/Stencil Attachment 3470 (ResourceId::3470),"GSTexImage Image (256, 128) pallete: 0 (ResourceId::7760) (ImageSampler, addr=Wrap,mip=0,cmp=Never)","Pixel:ReadOnlyResources[0:0]=GSTexImage Image (256, 128) pallete: 0 (ResourceId::7760) (ImageSampler, addr=Wrap,mip=0,cmp=Never); Vertex:ReadWriteResources[0:0]=Buffer 1876 (ResourceId::1876) (ReadWriteBuffer, addr=Wrap,mip=0,cmp=AlwaysTrue); Vertex:ReadWriteResources[1:0]=Buffer 1882 (ResourceId::1882) (ReadWriteBuffer, addr=Wrap,mip=0,cmp=AlwaysTrue); Vertex:ReadWriteResources[2:0]=Buffer 1888 (ResourceId::1888) (ReadWriteBuffer, addr=Wrap,mip=0,cmp=AlwaysTrue); Vertex:ReadWriteResources[3:0]=Buffer 1894 (ResourceId::1894) (ReadWriteBuffer, addr=Wrap,mip=0,cmp=AlwaysTrue)",0.000000,1.024000
5280,0.102400,1,vkCmdDrawIndexed(),Native Render > Render Pass [clear: Depth] > Native BACKGROUND_Scene01_background.g2d (m: 2 l: 0) > Material 2 > BACKGROUND_Scene01_background.g3d_1_0_44,Native Render,Native BACKGROUND_Scene01_background.g2d (m: 2 l: 0),2,BACKGROUND_Scene01_background.g3d_1_0_44,18,13-48,1,Native Previewer GLSL Blend 266 (ResourceId::16579),"rt0:blend=on,mask=RGBA",test=on write=off func=CompareFunction.Greater,rt0=RGBA,rt0=2D Color Attachment 3466 (ResourceId::3466),2D Depth/Stencil Attachment 3470 (ResourceId::3470),"GSTexImage Image (256, 128) pallete: 0 (ResourceId::7760) (ImageSampler, addr=Wrap,mip=0,cmp=Never)","Pixel:ReadOnlyResources[0:0]=GSTexImage Image (256, 128) pallete: 0 (ResourceId::7760) (ImageSampler, addr=Wrap,mip=0,cmp=Never); Vertex:ReadWriteResources[0:0]=Buffer 1876 (ResourceId::1876) (ReadWriteBuffer, addr=Wrap,mip=0,cmp=AlwaysTrue); Vertex:ReadWriteResources[1:0]=Buffer 1882 (ResourceId::1882) (ReadWriteBuffer, addr=Wrap,mip=0,cmp=AlwaysTrue); Vertex:ReadWriteResources[2:0]=Buffer 1888 (ResourceId::1888) (ReadWriteBuffer, addr=Wrap,mip=0,cmp=AlwaysTrue); Vertex:ReadWriteResources[3:0]=Buffer 1894 (ResourceId::1894) (ReadWriteBuffer, addr=Wrap,mip=0,cmp=AlwaysTrue)",0.000000,1.024000
5288,0.000000,1,vkCmdDrawIndexed(),Native Render > Render Pass [clear: Depth] > Native BACKGROUND_Scene01_background.g2d (m: 2 l: 0) > Material 2 > BACKGROUND_Scene01_background.g3d_1_0_43,Native Render,Native BACKGROUND_Scene01_background.g2d (m: 2 l: 0),2,BACKGROUND_Scene01_background.g3d_1_0_43,18,13-48,1,,,,,,,(none),,0.000000,0.000000
5296,0.000000,1,vkCmdDrawIndexed(),Native Render > Render Pass [clear: Depth] > Native BACKGROUND_Scene01_background.g2d (m: 2 l: 0) > Material 2 > BACKGROUND_Scene01_background.g3d_1_0_42,Native Render,Native BACKGROUND_Scene01_background.g2d (m: 2 l: 0),2,BACKGROUND_Scene01_background.g3d_1_0_42,18,13-48,1,,,,,,,(none),,0.000000,0.000000
5308,2.048000,1,vkCmdDrawIndexed(),Native Render > Render Pass [clear: Depth] > Native LVL_07_LASER_RIGHT_Scene01_Laser_right.g2d (m: 0 l: 0) > LVL_07_LASER_RIGHT_Scene01_Laser_right.g3d_0_0_4,Native Render,Native LVL_07_LASER_RIGHT_Scene01_Laser_right.g2d (m: 0 l: 0),0,LVL_07_LASER_RIGHT_Scene01_Laser_right.g3d_0_0_4,123,49-256,1,Native Previewer GLSL Blend 275 (ResourceId::16816),"rt0:blend=on,mask=RGBA",test=on write=off func=CompareFunction.Greater,rt0=RGBA,rt0=2D Color Attachment 3466 (ResourceId::3466),2D Depth/Stencil Attachment 3470 (ResourceId::3470),"GSTexImage Image (64, 32) pallete: 0 (ResourceId::11296) (ImageSampler, addr=Wrap,mip=0,cmp=Never)","Pixel:ReadOnlyResources[0:0]=GSTexImage Image (64, 32) pallete: 0 (ResourceId::11296) (ImageSampler, addr=Wrap,mip=0,cmp=Never); Vertex:ReadWriteResources[0:0]=Buffer 1876 (ResourceId::1876) (ReadWriteBuffer, addr=Wrap,mip=0,cmp=AlwaysTrue); Vertex:ReadWriteResources[1:0]=Buffer 1882 (ResourceId::1882) (ReadWriteBuffer, addr=Wrap,mip=0,cmp=AlwaysTrue); Vertex:ReadWriteResources[2:0]=Buffer 1888 (ResourceId::1888) (ReadWriteBuffer, addr=Wrap,mip=0,cmp=AlwaysTrue); Vertex:ReadWriteResources[3:0]=Buffer 1894 (ResourceId::1894) (ReadWriteBuffer, addr=Wrap,mip=0,cmp=AlwaysTrue)",0.000000,11.264000
5316,0.819200,1,vkCmdDrawIndexed(),Native Render > Render Pass [clear: Depth] > Native LVL_07_LASER_RIGHT_Scene01_Laser_right.g2d (m: 0 l: 0) > LVL_07_LASER_RIGHT_Scene01_Laser_right.g3d_0_0_3,Native Render,Native LVL_07_LASER_RIGHT_Scene01_Laser_right.g2d (m: 0 l: 0),0,LVL_07_LASER_RIGHT_Scene01_Laser_right.g3d_0_0_3,249,49-256,1,Native Previewer GLSL Blend 275 (ResourceId::16816),"rt0:blend=on,mask=RGBA",test=on write=off func=CompareFunction.Greater,rt0=RGBA,rt0=2D Color Attachment 3466 (ResourceId::3466),2D Depth/Stencil Attachment 3470 (ResourceId::3470),"GSTexImage Image (64, 32) pallete: 0 (ResourceId::11296) (ImageSampler, addr=Wrap,mip=0,cmp=Never)","Pixel:ReadOnlyResources[0:0]=GSTexImage Image (64, 32) pallete: 0 (ResourceId::11296) (ImageSampler, addr=Wrap,mip=0,cmp=Never); Vertex:ReadWriteResources[0:0]=Buffer 1876 (ResourceId::1876) (ReadWriteBuffer, addr=Wrap,mip=0,cmp=AlwaysTrue); Vertex:ReadWriteResources[1:0]=Buffer 1882 (ResourceId::1882) (ReadWriteBuffer, addr=Wrap,mip=0,cmp=AlwaysTrue); Vertex:ReadWriteResources[2:0]=Buffer 1888 (ResourceId::1888) (ReadWriteBuffer, addr=Wrap,mip=0,cmp=AlwaysTrue); Vertex:ReadWriteResources[3:0]=Buffer 1894 (ResourceId::1894) (ReadWriteBuffer, addr=Wrap,mip=0,cmp=AlwaysTrue)",0.000000,7.168000
5324,0.000000,1,vkCmdDrawIndexed(),Native Render > Render Pass [clear: Depth] > Native LVL_07_LASER_RIGHT_Scene01_Laser_right.g2d (m: 0 l: 0) > LVL_07_LASER_RIGHT_Scene01_Laser_right.g3d_0_0_2,Native Render,Native LVL_07_LASER_RIGHT_Scene01_Laser_right.g2d (m: 0 l: 0),0,LVL_07_LASER_RIGHT_Scene01_Laser_right.g3d_0_0_2,201,49-256,1,,,,,,,(none),,0.000000,0.000000
5332,1.945600,1,vkCmdDrawIndexed(),Native Render > Render Pass [clear: Depth] > Native LVL_07_LASER_RIGHT_Scene01_Laser_right.g2d (m: 0 l: 0) > LVL_07_LASER_RIGHT_Scene01_Laser_right.g3d_0_0_1,Native Render,Native LVL_07_LASER_RIGHT_Scene01_Laser_right.g2d (m: 0 l: 0),0,LVL_07_LASER_RIGHT_Scene01_Laser_right.g3d_0_0_1,426,257-1024,1,Native Previewer GLSL Blend 275 (ResourceId::16816),"rt0:blend=on,mask=RGBA",test=on write=off func=CompareFunction.Greater,rt0=RGBA,rt0=2D Color Attachment 3466 (ResourceId::3466),2D Depth/Stencil Attachment 3470 (ResourceId::3470),"GSTexImage Image (64, 32) pallete: 0 (ResourceId::11296) (ImageSampler, addr=Wrap,mip=0,cmp=Never)","Pixel:ReadOnlyResources[0:0]=GSTexImage Image (64, 32) pallete: 0 (ResourceId::11296) (ImageSampler, addr=Wrap,mip=0,cmp=Never); Vertex:ReadWriteResources[0:0]=Buffer 1876 (ResourceId::1876) (ReadWriteBuffer, addr=Wrap,mip=0,cmp=AlwaysTrue); Vertex:ReadWriteResources[1:0]=Buffer 1882 (ResourceId::1882) (ReadWriteBuffer, addr=Wrap,mip=0,cmp=AlwaysTrue); Vertex:ReadWriteResources[2:0]=Buffer 1888 (ResourceId::1888) (ReadWriteBuffer, addr=Wrap,mip=0,cmp=AlwaysTrue); Vertex:ReadWriteResources[3:0]=Buffer 1894 (ResourceId::1894) (ReadWriteBuffer, addr=Wrap,mip=0,cmp=AlwaysTrue)",0.000000,9.216000
5340,1.945600,1,vkCmdDrawIndexed(),Native Render > Render Pass [clear: Depth] > Native LVL_07_LASER_RIGHT_Scene01_Laser_right.g2d (m: 0 l: 0) > LVL_07_LASER_RIGHT_Scene01_Laser_right.g3d_0_0_0,Native Render,Native LVL_07_LASER_RIGHT_Scene01_Laser_right.g2d (m: 0 l: 0),0,LVL_07_LASER_RIGHT_Scene01_Laser_right.g3d_0_0_0,201,49-256,1,Native Previewer GLSL Blend 275 (ResourceId::16816),"rt0:blend=on,mask=RGBA",test=on write=off func=CompareFunction.Greater,rt0=RGBA,rt0=2D Color Attachment 3466 (ResourceId::3466),2D Depth/Stencil Attachment 3470 (ResourceId::3470),"GSTexImage Image (64, 32) pallete: 0 (ResourceId::11296) (ImageSampler, addr=Wrap,mip=0,cmp=Never)","Pixel:ReadOnlyResources[0:0]=GSTexImage Image (64, 32) pallete: 0 (ResourceId::11296) (ImageSampler, addr=Wrap,mip=0,cmp=Never); Vertex:ReadWriteResources[0:0]=Buffer 1876 (ResourceId::1876) (ReadWriteBuffer, addr=Wrap,mip=0,cmp=AlwaysTrue); Vertex:ReadWriteResources[1:0]=Buffer 1882 (ResourceId::1882) (ReadWriteBuffer, addr=Wrap,mip=0,cmp=AlwaysTrue); Vertex:ReadWriteResources[2:0]=Buffer 1888 (ResourceId::1888) (ReadWriteBuffer, addr=Wrap,mip=0,cmp=AlwaysTrue); Vertex:ReadWriteResources[3:0]=Buffer 1894 (ResourceId::1894) (ReadWriteBuffer, addr=Wrap,mip=0,cmp=AlwaysTrue)",0.000000,5.120000
5355,0.000000,1,vkCmdDrawIndexed(),Native Render > Render Pass [clear: Depth] > Native Dupe (m: 0 l: 0) > None_0_0_0,Native Render,Native Dupe (m: 0 l: 0),0,None_0_0_0,84,49-256,1,,,,,,,(none),,0.000000,0.000000
5364,0.102400,1,vkCmdDrawIndexed(),Native Render > Render Pass [clear: Depth] > Native Dupe (m: 0 l: 0) > None_0_0_0,Native Render,Native Dupe (m: 0 l: 0),0,None_0_0_0,504,257-1024,1,Native Previewer GLSL Blend 266 (ResourceId::16579),"rt0:blend=on,mask=RGBA",test=on write=off func=CompareFunction.Greater,rt0=RGBA,rt0=2D Color Attachment 3466 (ResourceId::3466),2D Depth/Stencil Attachment 3470 (ResourceId::3470),"GSTexImage Image (128, 64) pallete: 0 (ResourceId::14464) (ImageSampler, addr=Wrap,mip=0,cmp=Never)","Pixel:ReadOnlyResources[0:0]=GSTexImage Image (128, 64) pallete: 0 (ResourceId::14464) (ImageSampler, addr=Wrap,mip=0,cmp=Never); Vertex:ReadWriteResources[0:0]=Buffer 1876 (ResourceId::1876) (ReadWriteBuffer, addr=Wrap,mip=0,cmp=AlwaysTrue); Vertex:ReadWriteResources[1:0]=Buffer 1882 (ResourceId::1882) (ReadWriteBuffer, addr=Wrap,mip=0,cmp=AlwaysTrue); Vertex:ReadWriteResources[2:0]=Buffer 1888 (ResourceId::1888) (ReadWriteBuffer, addr=Wrap,mip=0,cmp=AlwaysTrue); Vertex:ReadWriteResources[3:0]=Buffer 1894 (ResourceId::1894) (ReadWriteBuffer, addr=Wrap,mip=0,cmp=AlwaysTrue)",0.000000,1.024000
5375,0.000000,1,vkCmdDrawIndexed(),Native Render > Render Pass [clear: Depth] > Native ELE_SPARK.G2D (m: 0 l: 0) > None_0_0_0,Native Render,Native ELE_SPARK.G2D (m: 0 l: 0),0,None_0_0_0,198,49-256,1,,,,,,,(none),,0.000000,0.000000
5383,0.000000,1,vkCmdDrawIndexed(),Native Render > Render Pass [clear: Depth] > Native ELE_SPARK.G2D (m: 0 l: 0) > None_0_0_0,Native Render,Native ELE_SPARK.G2D (m: 0 l: 0),0,None_0_0_0,198,49-256,1,,,,,,,(none),,0.000000,0.000000
5391,0.000000,1,vkCmdDrawIndexed(),Native Render > Render Pass [clear: Depth] > Native ELE_SPARK.G2D (m: 0 l: 0) > None_0_0_0,Native Render,Native ELE_SPARK.G2D (m: 0 l: 0),0,None_0_0_0,198,49-256,1,,,,,,,(none),,0.000000,0.000000
5399,0.000000,1,vkCmdDrawIndexed(),Native Render > Render Pass [clear: Depth] > Native ELE_SPARK.G2D (m: 0 l: 0) > None_0_0_0,Native Render,Native ELE_SPARK.G2D (m: 0 l: 0),0,None_0_0_0,198,49-256,1,,,,,,,(none),,0.000000,0.000000
5410,0.000000,1,vkCmdDrawIndexed(),Native Render > Render Pass [clear: Depth] > Native AMB_SPARK.G2D (m: 0 l: 0) > None_0_0_0,Native Render,Native AMB_SPARK.G2D (m: 0 l: 0),0,None_0_0_0,366,257-1024,1,,,,,,,(none),,0.000000,0.000000
5418,0.000000,1,vkCmdDrawIndexed(),Native Render > Render Pass [clear: Depth] > Native AMB_SPARK.G2D (m: 0 l: 0) > None_0_0_0,Native Render,Native AMB_SPARK.G2D (m: 0 l: 0),0,None_0_0_0,366,257-1024,1,,,,,,,(none),,0.000000,0.000000
5426,0.000000,1,vkCmdDrawIndexed(),Native Render > Render Pass [clear: Depth] > Native AMB_SPARK.G2D (m: 0 l: 0) > None_0_0_0,Native Render,Native AMB_SPARK.G2D (m: 0 l: 0),0,None_0_0_0,366,257-1024,1,,,,,,,(none),,0.000000,0.000000
5434,0.000000,1,vkCmdDrawIndexed(),Native Render > Render Pass [clear: Depth] > Native AMB_SPARK.G2D (m: 0 l: 0) > None_0_0_0,Native Render,Native AMB_SPARK.G2D (m: 0 l: 0),0,None_0_0_0,366,257-1024,1,,,,,,,(none),,0.000000,0.000000
5442,0.000000,1,vkCmdDrawIndexed(),Native Render > Render Pass [clear: Depth] > Native AMB_SPARK.G2D (m: 0 l: 0) > None_0_0_0,Native Render,Native AMB_SPARK.G2D (m: 0 l: 0),0,None_0_0_0,366,257-1024,1,,,,,,,(none),,0.000000,0.000000
5450,0.000000,1,vkCmdDrawIndexed(),Native Render > Render Pass [clear: Depth] > Native AMB_SPARK.G2D (m: 0 l: 0) > None_0_0_0,Native Render,Native AMB_SPARK.G2D (m: 0 l: 0),0,None_0_0_0,366,257-1024,1,,,,,,,(none),,0.000000,0.000000
5458,0.000000,1,vkCmdDrawIndexed(),Native Render > Render Pass [clear: Depth] > Native AMB_SPARK.G2D (m: 0 l: 0) > None_0_0_0,Native Render,Native AMB_SPARK.G2D (m: 0 l: 0),0,None_0_0_0,366,257-1024,1,,,,,,,(none),,0.000000,0.000000
5466,0.000000,1,vkCmdDrawIndexed(),Native Render > Render Pass [clear: Depth] > Native AMB_SPARK.G2D (m: 0 l: 0) > None_0_0_0,Native Render,Native AMB_SPARK.G2D (m: 0 l: 0),0,None_0_0_0,366,257-1024,1,,,,,,,(none),,0.000000,0.000000
5474,0.000000,1,vkCmdDrawIndexed(),Native Render > Render Pass [clear: Depth] > Native AMB_SPARK.G2D (m: 0 l: 0) > None_0_0_0,Native Render,Native AMB_SPARK.G2D (m: 0 l: 0),0,None_0_0_0,366,257-1024,1,,,,,,,(none),,0.000000,0.000000
5482,0.307200,1,vkCmdDrawIndexed(),Native Render > Render Pass [clear: Depth] > Native AMB_SPARK.G2D (m: 0 l: 0) > None_0_0_0,Native Render,Native AMB_SPARK.G2D (m: 0 l: 0),0,None_0_0_0,366,257-1024,1,Native Previewer GLSL Blend 275 (ResourceId::16816),"rt0:blend=on,mask=RGBA",test=on write=off func=CompareFunction.Greater,rt0=RGBA,rt0=2D Color Attachment 3466 (ResourceId::3466),2D Depth/Stencil Attachment 3470 (ResourceId::3470),"GSTexImage Image (64, 32) pallete: 0 (ResourceId::10112) (ImageSampler, addr=Wrap,mip=0,cmp=Never)","Pixel:ReadOnlyResources[0:0]=GSTexImage Image (64, 32) pallete: 0 (ResourceId::10112) (ImageSampler, addr=Wrap,mip=0,cmp=Never); Vertex:ReadWriteResources[0:0]=Buffer 1876 (ResourceId::1876) (ReadWriteBuffer, addr=Wrap,mip=0,cmp=AlwaysTrue); Vertex:ReadWriteResources[1:0]=Buffer 1882 (ResourceId::1882) (ReadWriteBuffer, addr=Wrap,mip=0,cmp=AlwaysTrue); Vertex:ReadWriteResources[2:0]=Buffer 1888 (ResourceId::1888) (ReadWriteBuffer, addr=Wrap,mip=0,cmp=AlwaysTrue); Vertex:ReadWriteResources[3:0]=Buffer 1894 (ResourceId::1894) (ReadWriteBuffer, addr=Wrap,mip=0,cmp=AlwaysTrue)",0.000000,3.072000
5490,0.000000,1,vkCmdDrawIndexed(),Native Render > Render Pass [clear: Depth] > Native AMB_SPARK.G2D (m: 0 l: 0) > None_0_0_0,Native Render,Native AMB_SPARK.G2D (m: 0 l: 0),0,None_0_0_0,366,257-1024,1,,,,,,,(none),,0.000000,0.000000
5498,0.000000,1,vkCmdDrawIndexed(),Native Render > Render Pass [clear: Depth] > Native AMB_SPARK.G2D (m: 0 l: 0) > None_0_0_0,Native Render,Native AMB_SPARK.G2D (m: 0 l: 0),0,None_0_0_0,366,257-1024,1,,,,,,,(none),,0.000000,0.000000
5506,0.204800,1,vkCmdDrawIndexed(),Native Render > Render Pass [clear: Depth] > Native AMB_SPARK.G2D (m: 0 l: 0) > None_0_0_0,Native Render,Native AMB_SPARK.G2D (m: 0 l: 0),0,None_0_0_0,366,257-1024,1,Native Previewer GLSL Blend 275 (ResourceId::16816),"rt0:blend=on,mask=RGBA",test=on write=off func=CompareFunction.Greater,rt0=RGBA,rt0=2D Color Attachment 3466 (ResourceId::3466),2D Depth/Stencil Attachment 3470 (ResourceId::3470),"GSTexImage Image (64, 32) pallete: 0 (ResourceId::10112) (ImageSampler, addr=Wrap,mip=0,cmp=Never)","Pixel:ReadOnlyResources[0:0]=GSTexImage Image (64, 32) pallete: 0 (ResourceId::10112) (ImageSampler, addr=Wrap,mip=0,cmp=Never); Vertex:ReadWriteResources[0:0]=Buffer 1876 (ResourceId::1876) (ReadWriteBuffer, addr=Wrap,mip=0,cmp=AlwaysTrue); Vertex:ReadWriteResources[1:0]=Buffer 1882 (ResourceId::1882) (ReadWriteBuffer, addr=Wrap,mip=0,cmp=AlwaysTrue); Vertex:ReadWriteResources[2:0]=Buffer 1888 (ResourceId::1888) (ReadWriteBuffer, addr=Wrap,mip=0,cmp=AlwaysTrue); Vertex:ReadWriteResources[3:0]=Buffer 1894 (ResourceId::1894) (ReadWriteBuffer, addr=Wrap,mip=0,cmp=AlwaysTrue)",0.000000,2.048000
5514,0.000000,1,vkCmdDrawIndexed(),Native Render > Render Pass [clear: Depth] > Native AMB_SPARK.G2D (m: 0 l: 0) > None_0_0_0,Native Render,Native AMB_SPARK.G2D (m: 0 l: 0),0,None_0_0_0,366,257-1024,1,,,,,,,(none),,0.000000,0.000000
5522,0.102400,1,vkCmdDrawIndexed(),Native Render > Render Pass [clear: Depth] > Native AMB_SPARK.G2D (m: 0 l: 0) > None_0_0_0,Native Render,Native AMB_SPARK.G2D (m: 0 l: 0),0,None_0_0_0,366,257-1024,1,Native Previewer GLSL Blend 275 (ResourceId::16816),"rt0:blend=on,mask=RGBA",test=on write=off func=CompareFunction.Greater,rt0=RGBA,rt0=2D Color Attachment 3466 (ResourceId::3466),2D Depth/Stencil Attachment 3470 (ResourceId::3470),"GSTexImage Image (64, 32) pallete: 0 (ResourceId::10112) (ImageSampler, addr=Wrap,mip=0,cmp=Never)","Pixel:ReadOnlyResources[0:0]=GSTexImage Image (64, 32) pallete: 0 (ResourceId::10112) (ImageSampler, addr=Wrap,mip=0,cmp=Never); Vertex:ReadWriteResources[0:0]=Buffer 1876 (ResourceId::1876) (ReadWriteBuffer, addr=Wrap,mip=0,cmp=AlwaysTrue); Vertex:ReadWriteResources[1:0]=Buffer 1882 (ResourceId::1882) (ReadWriteBuffer, addr=Wrap,mip=0,cmp=AlwaysTrue); Vertex:ReadWriteResources[2:0]=Buffer 1888 (ResourceId::1888) (ReadWriteBuffer, addr=Wrap,mip=0,cmp=AlwaysTrue); Vertex:ReadWriteResources[3:0]=Buffer 1894 (ResourceId::1894) (ReadWriteBuffer, addr=Wrap,mip=0,cmp=AlwaysTrue)",0.000000,1.024000
5530,0.000000,1,vkCmdDrawIndexed(),Native Render > Render Pass [clear: Depth] > Native AMB_SPARK.G2D (m: 0 l: 0) > None_0_0_0,Native Render,Native AMB_SPARK.G2D (m: 0 l: 0),0,None_0_0_0,366,257-1024,1,,,,,,,(none),,0.000000,0.000000
5538,0.307200,1,vkCmdDrawIndexed(),Native Render > Render Pass [clear: Depth] > Native AMB_SPARK.G2D (m: 0 l: 0) > None_0_0_0,Native Render,Native AMB_SPARK.G2D (m: 0 l: 0),0,None_0_0_0,366,257-1024,1,Native Previewer GLSL Blend 275 (ResourceId::16816),"rt0:blend=on,mask=RGBA",test=on write=off func=CompareFunction.Greater,rt0=RGBA,rt0=2D Color Attachment 3466 (ResourceId::3466),2D Depth/Stencil Attachment 3470 (ResourceId::3470),"GSTexImage Image (64, 32) pallete: 0 (ResourceId::10112) (ImageSampler, addr=Wrap,mip=0,cmp=Never)","Pixel:ReadOnlyResources[0:0]=GSTexImage Image (64, 32) pallete: 0 (ResourceId::10112) (ImageSampler, addr=Wrap,mip=0,cmp=Never); Vertex:ReadWriteResources[0:0]=Buffer 1876 (ResourceId::1876) (ReadWriteBuffer, addr=Wrap,mip=0,cmp=AlwaysTrue); Vertex:ReadWriteResources[1:0]=Buffer 1882 (ResourceId::1882) (ReadWriteBuffer, addr=Wrap,mip=0,cmp=AlwaysTrue); Vertex:ReadWriteResources[2:0]=Buffer 1888 (ResourceId::1888) (ReadWriteBuffer, addr=Wrap,mip=0,cmp=AlwaysTrue); Vertex:ReadWriteResources[3:0]=Buffer 1894 (ResourceId::1894) (ReadWriteBuffer, addr=Wrap,mip=0,cmp=AlwaysTrue)",0.000000,3.072000
5546,0.000000,1,vkCmdDrawIndexed(),Native Render > Render Pass [clear: Depth] > Native AMB_SPARK.G2D (m: 0 l: 0) > None_0_0_0,Native Render,Native AMB_SPARK.G2D (m: 0 l: 0),0,None_0_0_0,366,257-1024,1,,,,,,,(none),,0.000000,0.000000
5557,5.939200,1,vkCmdDrawIndexed(),Native Render > Render Pass [clear: Depth] > Native Dupe (m: 0 l: 0) > None_0_0_0,Native Render,Native Dupe (m: 0 l: 0),0,None_0_0_0,24,13-48,1,Native Previewer GLSL Blend 266 (ResourceId::16579),"rt0:blend=on,mask=RGBA",test=on write=off func=CompareFunction.Greater,rt0=RGBA,rt0=2D Color Attachment 3466 (ResourceId::3466),2D Depth/Stencil Attachment 3470 (ResourceId::3470),"GSTexImage Image (64, 64) pallete: 0 (ResourceId::14320) (ImageSampler, addr=Wrap,mip=0,cmp=Never)","Pixel:ReadOnlyResources[0:0]=GSTexImage Image (64, 64) pallete: 0 (ResourceId::14320) (ImageSampler, addr=Wrap,mip=0,cmp=Never); Vertex:ReadWriteResources[0:0]=Buffer 1876 (ResourceId::1876) (ReadWriteBuffer, addr=Wrap,mip=0,cmp=AlwaysTrue); Vertex:ReadWriteResources[1:0]=Buffer 1882 (ResourceId::1882) (ReadWriteBuffer, addr=Wrap,mip=0,cmp=AlwaysTrue); Vertex:ReadWriteResources[2:0]=Buffer 1888 (ResourceId::1888) (ReadWriteBuffer, addr=Wrap,mip=0,cmp=AlwaysTrue); Vertex:ReadWriteResources[3:0]=Buffer 1894 (ResourceId::1894) (ReadWriteBuffer, addr=Wrap,mip=0,cmp=AlwaysTrue)",0.000000,20.480000
5566,0.819200,1,vkCmdDrawIndexed(),Native Render > Render Pass [clear: Depth] > Native Dupe (m: 0 l: 0) > None_0_0_0,Native Render,Native Dupe (m: 0 l: 0),0,None_0_0_0,144,49-256,1,Native Previewer GLSL Blend 266 (ResourceId::16579),"rt0:blend=on,mask=RGBA",test=on write=off func=CompareFunction.Greater,rt0=RGBA,rt0=2D Color Attachment 3466 (ResourceId::3466),2D Depth/Stencil Attachment 3470 (ResourceId::3470),"GSTexImage Image (128, 64) pallete: 0 (ResourceId::14304) (ImageSampler, addr=Wrap,mip=0,cmp=Never)","Pixel:ReadOnlyResources[0:0]=GSTexImage Image (128, 64) pallete: 0 (ResourceId::14304) (ImageSampler, addr=Wrap,mip=0,cmp=Never); Vertex:ReadWriteResources[0:0]=Buffer 1876 (ResourceId::1876) (ReadWriteBuffer, addr=Wrap,mip=0,cmp=AlwaysTrue); Vertex:ReadWriteResources[1:0]=Buffer 1882 (ResourceId::1882) (ReadWriteBuffer, addr=Wrap,mip=0,cmp=AlwaysTrue); Vertex:ReadWriteResources[2:0]=Buffer 1888 (ResourceId::1888) (ReadWriteBuffer, addr=Wrap,mip=0,cmp=AlwaysTrue); Vertex:ReadWriteResources[3:0]=Buffer 1894 (ResourceId::1894) (ReadWriteBuffer, addr=Wrap,mip=0,cmp=AlwaysTrue)",0.000000,1.024000
5575,0.000000,1,vkCmdDrawIndexed(),Native Render > Render Pass [clear: Depth] > Native Dupe (m: 0 l: 0) > None_0_0_0,Native Render,Native Dupe (m: 0 l: 0),0,None_0_0_0,24,13-48,1,,,,,,,(none),,0.000000,0.000000
5584,1.126400,1,vkCmdDrawIndexed(),Native Render > Render Pass [clear: Depth] > Native Dupe (m: 0 l: 0) > None_0_0_0,Native Render,Native Dupe (m: 0 l: 0),0,None_0_0_0,144,49-256,1,Native Previewer GLSL Blend 266 (ResourceId::16579),"rt0:blend=on,mask=RGBA",test=on write=off func=CompareFunction.Greater,rt0=RGBA,rt0=2D Color Attachment 3466 (ResourceId::3466),2D Depth/Stencil Attachment 3470 (ResourceId::3470),"GSTexImage Image (128, 64) pallete: 0 (ResourceId::14176) (ImageSampler, addr=Wrap,mip=0,cmp=Never)","Pixel:ReadOnlyResources[0:0]=GSTexImage Image (128, 64) pallete: 0 (ResourceId::14176) (ImageSampler, addr=Wrap,mip=0,cmp=Never); Vertex:ReadWriteResources[0:0]=Buffer 1876 (ResourceId::1876) (ReadWriteBuffer, addr=Wrap,mip=0,cmp=AlwaysTrue); Vertex:ReadWriteResources[1:0]=Buffer 1882 (ResourceId::1882) (ReadWriteBuffer, addr=Wrap,mip=0,cmp=AlwaysTrue); Vertex:ReadWriteResources[2:0]=Buffer 1888 (ResourceId::1888) (ReadWriteBuffer, addr=Wrap,mip=0,cmp=AlwaysTrue); Vertex:ReadWriteResources[3:0]=Buffer 1894 (ResourceId::1894) (ReadWriteBuffer, addr=Wrap,mip=0,cmp=AlwaysTrue)",1.024000,2.048000
5593,0.000000,1,vkCmdDrawIndexed(),Native Render > Render Pass [clear: Depth] > Native Dupe (m: 0 l: 0) > None_0_0_0,Native Render,Native Dupe (m: 0 l: 0),0,None_0_0_0,24,13-48,1,,,,,,,(none),,0.000000,0.000000
5602,0.102400,1,vkCmdDrawIndexed(),Native Render > Render Pass [clear: Depth] > Native Dupe (m: 0 l: 0) > None_0_0_0,Native Render,Native Dupe (m: 0 l: 0),0,None_0_0_0,144,49-256,1,Native Previewer GLSL Blend 266 (ResourceId::16579),"rt0:blend=on,mask=RGBA",test=on write=off func=CompareFunction.Greater,rt0=RGBA,rt0=2D Color Attachment 3466 (ResourceId::3466),2D Depth/Stencil Attachment 3470 (ResourceId::3470),"GSTexImage Image (128, 64) pallete: 0 (ResourceId::14144) (ImageSampler, addr=Wrap,mip=0,cmp=Never)","Pixel:ReadOnlyResources[0:0]=GSTexImage Image (128, 64) pallete: 0 (ResourceId::14144) (ImageSampler, addr=Wrap,mip=0,cmp=Never); Vertex:ReadWriteResources[0:0]=Buffer 1876 (ResourceId::1876) (ReadWriteBuffer, addr=Wrap,mip=0,cmp=AlwaysTrue); Vertex:ReadWriteResources[1:0]=Buffer 1882 (ResourceId::1882) (ReadWriteBuffer, addr=Wrap,mip=0,cmp=AlwaysTrue); Vertex:ReadWriteResources[2:0]=Buffer 1888 (ResourceId::1888) (ReadWriteBuffer, addr=Wrap,mip=0,cmp=AlwaysTrue); Vertex:ReadWriteResources[3:0]=Buffer 1894 (ResourceId::1894) (ReadWriteBuffer, addr=Wrap,mip=0,cmp=AlwaysTrue)",0.000000,1.024000
5611,16.486400,1,vkCmdDrawIndexed(),Native Render > Render Pass [clear: Depth] > Native Dupe (m: 0 l: 0) > None_0_0_0,Native Render,Native Dupe (m: 0 l: 0),0,None_0_0_0,144,49-256,1,Native Previewer GLSL Blend 266 (ResourceId::16579),"rt0:blend=on,mask=RGBA",test=on write=off func=CompareFunction.Greater,rt0=RGBA,rt0=2D Color Attachment 3466 (ResourceId::3466),2D Depth/Stencil Attachment 3470 (ResourceId::3470),"GSTexImage Image (128, 64) pallete: 0 (ResourceId::13792) (ImageSampler, addr=Wrap,mip=0,cmp=Never)","Pixel:ReadOnlyResources[0:0]=GSTexImage Image (128, 64) pallete: 0 (ResourceId::13792) (ImageSampler, addr=Wrap,mip=0,cmp=Never); Vertex:ReadWriteResources[0:0]=Buffer 1876 (ResourceId::1876) (ReadWriteBuffer, addr=Wrap,mip=0,cmp=AlwaysTrue); Vertex:ReadWriteResources[1:0]=Buffer 1882 (ResourceId::1882) (ReadWriteBuffer, addr=Wrap,mip=0,cmp=AlwaysTrue); Vertex:ReadWriteResources[2:0]=Buffer 1888 (ResourceId::1888) (ReadWriteBuffer, addr=Wrap,mip=0,cmp=AlwaysTrue); Vertex:ReadWriteResources[3:0]=Buffer 1894 (ResourceId::1894) (ReadWriteBuffer, addr=Wrap,mip=0,cmp=AlwaysTrue)",2.048000,34.816000
5620,0.000000,1,vkCmdDrawIndexed(),Native Render > Render Pass [clear: Depth] > Native Dupe (m: 0 l: 0) > None_0_0_0,Native Render,Native Dupe (m: 0 l: 0),0,None_0_0_0,24,13-48,1,,,,,,,(none),,0.000000,0.000000
5629,0.000000,1,vkCmdDrawIndexed(),Native Render > Render Pass [clear: Depth] > Native Dupe (m: 0 l: 0) > None_0_0_0,Native Render,Native Dupe (m: 0 l: 0),0,None_0_0_0,144,49-256,1,,,,,,,(none),,0.000000,0.000000
5638,0.000000,1,vkCmdDrawIndexed(),Native Render > Render Pass [clear: Depth] > Native Dupe (m: 0 l: 0) > None_0_0_0,Native Render,Native Dupe (m: 0 l: 0),0,None_0_0_0,24,13-48,1,,,,,,,(none),,0.000000,0.000000
5650,0.000000,1,vkCmdDrawIndexed(),Native Render > Render Pass [clear: Depth] > Native WIND_FX.G2D (m: 4 l: 0) > Material 4 > None_0_0_0,Native Render,Native WIND_FX.G2D (m: 4 l: 0),4,None_0_0_0,132,49-256,1,,,,,,,(none),,0.000000,0.000000
5658,0.000000,1,vkCmdDrawIndexed(),Native Render > Render Pass [clear: Depth] > Native WIND_FX.G2D (m: 4 l: 0) > Material 4 > None_0_0_0,Native Render,Native WIND_FX.G2D (m: 4 l: 0),4,None_0_0_0,72,49-256,1,,,,,,,(none),,0.000000,0.000000
5666,0.000000,1,vkCmdDrawIndexed(),Native Render > Render Pass [clear: Depth] > Native WIND_FX.G2D (m: 4 l: 0) > Material 4 > None_0_0_0,Native Render,Native WIND_FX.G2D (m: 4 l: 0),4,None_0_0_0,72,49-256,1,,,,,,,(none),,0.000000,0.000000
5674,0.000000,1,vkCmdDrawIndexed(),Native Render > Render Pass [clear: Depth] > Native WIND_FX.G2D (m: 4 l: 0) > Material 4 > None_0_0_0,Native Render,Native WIND_FX.G2D (m: 4 l: 0),4,None_0_0_0,72,49-256,1,,,,,,,(none),,0.000000,0.000000
5682,0.000000,1,vkCmdDrawIndexed(),Native Render > Render Pass [clear: Depth] > Native WIND_FX.G2D (m: 4 l: 0) > Material 4 > None_0_0_0,Native Render,Native WIND_FX.G2D (m: 4 l: 0),4,None_0_0_0,24,13-48,1,,,,,,,(none),,0.000000,0.000000
5690,0.000000,1,vkCmdDrawIndexed(),Native Render > Render Pass [clear: Depth] > Native WIND_FX.G2D (m: 4 l: 0) > Material 4 > None_0_0_0,Native Render,Native WIND_FX.G2D (m: 4 l: 0),4,None_0_0_0,72,49-256,1,,,,,,,(none),,0.000000,0.000000
5698,0.000000,1,vkCmdDrawIndexed(),Native Render > Render Pass [clear: Depth] > Native WIND_FX.G2D (m: 4 l: 0) > Material 4 > None_0_0_0,Native Render,Native WIND_FX.G2D (m: 4 l: 0),4,None_0_0_0,72,49-256,1,,,,,,,(none),,0.000000,0.000000
5710,2.355200,1,vkCmdDrawIndexed(),Native Render > Render Pass [clear: Depth] > Native Dupe (m: 0 l: 0) > None_0_0_0,Native Render,Native Dupe (m: 0 l: 0),0,None_0_0_0,144,49-256,1,Native Previewer GLSL Blend 266 (ResourceId::16579),"rt0:blend=on,mask=RGBA",test=on write=off func=CompareFunction.Greater,rt0=RGBA,rt0=2D Color Attachment 3466 (ResourceId::3466),2D Depth/Stencil Attachment 3470 (ResourceId::3470),"GSTexImage Image (128, 64) pallete: 0 (ResourceId::13600) (ImageSampler, addr=Wrap,mip=0,cmp=Never)","Pixel:ReadOnlyResources[0:0]=GSTexImage Image (128, 64) pallete: 0 (ResourceId::13600) (ImageSampler, addr=Wrap,mip=0,cmp=Never); Vertex:ReadWriteResources[0:0]=Buffer 1876 (ResourceId::1876) (ReadWriteBuffer, addr=Wrap,mip=0,cmp=AlwaysTrue); Vertex:ReadWriteResources[1:0]=Buffer 1882 (ResourceId::1882) (ReadWriteBuffer, addr=Wrap,mip=0,cmp=AlwaysTrue); Vertex:ReadWriteResources[2:0]=Buffer 1888 (ResourceId::1888) (ReadWriteBuffer, addr=Wrap,mip=0,cmp=AlwaysTrue); Vertex:ReadWriteResources[3:0]=Buffer 1894 (ResourceId::1894) (ReadWriteBuffer, addr=Wrap,mip=0,cmp=AlwaysTrue)",0.000000,7.168000
5721,0.102400,1,vkCmdDrawIndexed(),Native Render > Render Pass [clear: Depth] > Native LIGHT_IMPACT.G2D (m: 0 l: 0) > None_0_0_0,Native Render,Native LIGHT_IMPACT.G2D (m: 0 l: 0),0,None_0_0_0,3,1-3,1,Native Previewer GLSL Blend 275 (ResourceId::16816),"rt0:blend=on,mask=RGBA",test=on write=off func=CompareFunction.Greater,rt0=RGBA,rt0=2D Color Attachment 3466 (ResourceId::3466),2D Depth/Stencil Attachment 3470 (ResourceId::3470),"GSTexImage Image (32, 32) pallete: 0 (ResourceId::7072) (ImageSampler, addr=ClampEdge,mip=0,cmp=Never)","Pixel:ReadOnlyResources[0:0]=GSTexImage Image (32, 32) pallete: 0 (ResourceId::7072) (ImageSampler, addr=ClampEdge,mip=0,cmp=Never); Vertex:ReadWriteResources[0:0]=Buffer 1876 (ResourceId::1876) (ReadWriteBuffer, addr=Wrap,mip=0,cmp=AlwaysTrue); Vertex:ReadWriteResources[1:0]=Buffer 1882 (ResourceId::1882) (ReadWriteBuffer, addr=Wrap,mip=0,cmp=AlwaysTrue); Vertex:ReadWriteResources[2:0]=Buffer 1888 (ResourceId::1888) (ReadWriteBuffer, addr=Wrap,mip=0,cmp=AlwaysTrue); Vertex:ReadWriteResources[3:0]=Buffer 1894 (ResourceId::1894) (ReadWriteBuffer, addr=Wrap,mip=0,cmp=AlwaysTrue)",0.000000,1.024000
5729,0.000000,1,vkCmdDrawIndexed(),Native Render > Render Pass [clear: Depth] > Native LIGHT_IMPACT.G2D (m: 0 l: 0) > None_0_0_0,Native Render,Native LIGHT_IMPACT.G2D (m: 0 l: 0),0,None_0_0_0,3,1-3,1,,,,,,,(none),,0.000000,0.000000
5737,0.000000,1,vkCmdDrawIndexed(),Native Render > Render Pass [clear: Depth] > Native LIGHT_IMPACT.G2D (m: 0 l: 0) > None_0_0_0,Native Render,Native LIGHT_IMPACT.G2D (m: 0 l: 0),0,None_0_0_0,3,1-3,1,,,,,,,(none),,0.000000,0.000000
5745,0.000000,1,vkCmdDrawIndexed(),Native Render > Render Pass [clear: Depth] > Native LIGHT_IMPACT.G2D (m: 0 l: 0) > None_0_0_0,Native Render,Native LIGHT_IMPACT.G2D (m: 0 l: 0),0,None_0_0_0,3,1-3,1,,,,,,,(none),,0.000000,0.000000
5753,0.000000,1,vkCmdDrawIndexed(),Native Render > Render Pass [clear: Depth] > Native LIGHT_IMPACT.G2D (m: 0 l: 0) > None_0_0_0,Native Render,Native LIGHT_IMPACT.G2D (m: 0 l: 0),0,None_0_0_0,3,1-3,1,,,,,,,(none),,0.000000,0.000000
5761,0.307200,1,vkCmdDrawIndexed(),Native Render > Render Pass [clear: Depth] > Native LIGHT_IMPACT.G2D (m: 0 l: 0) > None_0_0_0,Native Render,Native LIGHT_IMPACT.G2D (m: 0 l: 0),0,None_0_0_0,3,1-3,1,Native Previewer GLSL Blend 275 (ResourceId::16816),"rt0:blend=on,mask=RGBA",test=on write=off func=CompareFunction.Greater,rt0=RGBA,rt0=2D Color Attachment 3466 (ResourceId::3466),2D Depth/Stencil Attachment 3470 (ResourceId::3470),"GSTexImage Image (32, 32) pallete: 0 (ResourceId::7072) (ImageSampler, addr=ClampEdge,mip=0,cmp=Never)","Pixel:ReadOnlyResources[0:0]=GSTexImage Image (32, 32) pallete: 0 (ResourceId::7072) (ImageSampler, addr=ClampEdge,mip=0,cmp=Never); Vertex:ReadWriteResources[0:0]=Buffer 1876 (ResourceId::1876) (ReadWriteBuffer, addr=Wrap,mip=0,cmp=AlwaysTrue); Vertex:ReadWriteResources[1:0]=Buffer 1882 (ResourceId::1882) (ReadWriteBuffer, addr=Wrap,mip=0,cmp=AlwaysTrue); Vertex:ReadWriteResources[2:0]=Buffer 1888 (ResourceId::1888) (ReadWriteBuffer, addr=Wrap,mip=0,cmp=AlwaysTrue); Vertex:ReadWriteResources[3:0]=Buffer 1894 (ResourceId::1894) (ReadWriteBuffer, addr=Wrap,mip=0,cmp=AlwaysTrue)",0.000000,3.072000
5769,1.228800,1,vkCmdDrawIndexed(),Native Render > Render Pass [clear: Depth] > Native LIGHT_IMPACT.G2D (m: 0 l: 0) > None_0_0_0,Native Render,Native LIGHT_IMPACT.G2D (m: 0 l: 0),0,None_0_0_0,3,1-3,1,Native Previewer GLSL Blend 275 (ResourceId::16816),"rt0:blend=on,mask=RGBA",test=on write=off func=CompareFunction.Greater,rt0=RGBA,rt0=2D Color Attachment 3466 (ResourceId::3466),2D Depth/Stencil Attachment 3470 (ResourceId::3470),"GSTexImage Image (32, 32) pallete: 0 (ResourceId::7072) (ImageSampler, addr=ClampEdge,mip=0,cmp=Never)","Pixel:ReadOnlyResources[0:0]=GSTexImage Image (32, 32) pallete: 0 (ResourceId::7072) (ImageSampler, addr=ClampEdge,mip=0,cmp=Never); Vertex:ReadWriteResources[0:0]=Buffer 1876 (ResourceId::1876) (ReadWriteBuffer, addr=Wrap,mip=0,cmp=AlwaysTrue); Vertex:ReadWriteResources[1:0]=Buffer 1882 (ResourceId::1882) (ReadWriteBuffer, addr=Wrap,mip=0,cmp=AlwaysTrue); Vertex:ReadWriteResources[2:0]=Buffer 1888 (ResourceId::1888) (ReadWriteBuffer, addr=Wrap,mip=0,cmp=AlwaysTrue); Vertex:ReadWriteResources[3:0]=Buffer 1894 (ResourceId::1894) (ReadWriteBuffer, addr=Wrap,mip=0,cmp=AlwaysTrue)",0.000000,6.144000
5777,1.536000,1,vkCmdDrawIndexed(),Native Render > Render Pass [clear: Depth] > Native LIGHT_IMPACT.G2D (m: 0 l: 0) > None_0_0_0,Native Render,Native LIGHT_IMPACT.G2D (m: 0 l: 0),0,None_0_0_0,3,1-3,1,Native Previewer GLSL Blend 275 (ResourceId::16816),"rt0:blend=on,mask=RGBA",test=on write=off func=CompareFunction.Greater,rt0=RGBA,rt0=2D Color Attachment 3466 (ResourceId::3466),2D Depth/Stencil Attachment 3470 (ResourceId::3470),"GSTexImage Image (32, 32) pallete: 0 (ResourceId::7072) (ImageSampler, addr=ClampEdge,mip=0,cmp=Never)","Pixel:ReadOnlyResources[0:0]=GSTexImage Image (32, 32) pallete: 0 (ResourceId::7072) (ImageSampler, addr=ClampEdge,mip=0,cmp=Never); Vertex:ReadWriteResources[0:0]=Buffer 1876 (ResourceId::1876) (ReadWriteBuffer, addr=Wrap,mip=0,cmp=AlwaysTrue); Vertex:ReadWriteResources[1:0]=Buffer 1882 (ResourceId::1882) (ReadWriteBuffer, addr=Wrap,mip=0,cmp=AlwaysTrue); Vertex:ReadWriteResources[2:0]=Buffer 1888 (ResourceId::1888) (ReadWriteBuffer, addr=Wrap,mip=0,cmp=AlwaysTrue); Vertex:ReadWriteResources[3:0]=Buffer 1894 (ResourceId::1894) (ReadWriteBuffer, addr=Wrap,mip=0,cmp=AlwaysTrue)",0.000000,10.240000
5785,3.276800,1,vkCmdDrawIndexed(),Native Render > Render Pass [clear: Depth] > Native LIGHT_IMPACT.G2D (m: 0 l: 0) > None_0_0_0,Native Render,Native LIGHT_IMPACT.G2D (m: 0 l: 0),0,None_0_0_0,3,1-3,1,Native Previewer GLSL Blend 275 (ResourceId::16816),"rt0:blend=on,mask=RGBA",test=on write=off func=CompareFunction.Greater,rt0=RGBA,rt0=2D Color Attachment 3466 (ResourceId::3466),2D Depth/Stencil Attachment 3470 (ResourceId::3470),"GSTexImage Image (32, 32) pallete: 0 (ResourceId::7072) (ImageSampler, addr=ClampEdge,mip=0,cmp=Never)","Pixel:ReadOnlyResources[0:0]=GSTexImage Image (32, 32) pallete: 0 (ResourceId::7072) (ImageSampler, addr=ClampEdge,mip=0,cmp=Never); Vertex:ReadWriteResources[0:0]=Buffer 1876 (ResourceId::1876) (ReadWriteBuffer, addr=Wrap,mip=0,cmp=AlwaysTrue); Vertex:ReadWriteResources[1:0]=Buffer 1882 (ResourceId::1882) (ReadWriteBuffer, addr=Wrap,mip=0,cmp=AlwaysTrue); Vertex:ReadWriteResources[2:0]=Buffer 1888 (ResourceId::1888) (ReadWriteBuffer, addr=Wrap,mip=0,cmp=AlwaysTrue); Vertex:ReadWriteResources[3:0]=Buffer 1894 (ResourceId::1894) (ReadWriteBuffer, addr=Wrap,mip=0,cmp=AlwaysTrue)",0.000000,10.240000
5793,1.024000,1,vkCmdDrawIndexed(),Native Render > Render Pass [clear: Depth] > Native LIGHT_IMPACT.G2D (m: 0 l: 0) > None_0_0_0,Native Render,Native LIGHT_IMPACT.G2D (m: 0 l: 0),0,None_0_0_0,3,1-3,1,Native Previewer GLSL Blend 275 (ResourceId::16816),"rt0:blend=on,mask=RGBA",test=on write=off func=CompareFunction.Greater,rt0=RGBA,rt0=2D Color Attachment 3466 (ResourceId::3466),2D Depth/Stencil Attachment 3470 (ResourceId::3470),"GSTexImage Image (32, 32) pallete: 0 (ResourceId::7072) (ImageSampler, addr=ClampEdge,mip=0,cmp=Never)","Pixel:ReadOnlyResources[0:0]=GSTexImage Image (32, 32) pallete: 0 (ResourceId::7072) (ImageSampler, addr=ClampEdge,mip=0,cmp=Never); Vertex:ReadWriteResources[0:0]=Buffer 1876 (ResourceId::1876) (ReadWriteBuffer, addr=Wrap,mip=0,cmp=AlwaysTrue); Vertex:ReadWriteResources[1:0]=Buffer 1882 (ResourceId::1882) (ReadWriteBuffer, addr=Wrap,mip=0,cmp=AlwaysTrue); Vertex:ReadWriteResources[2:0]=Buffer 1888 (ResourceId::1888) (ReadWriteBuffer, addr=Wrap,mip=0,cmp=AlwaysTrue); Vertex:ReadWriteResources[3:0]=Buffer 1894 (ResourceId::1894) (ReadWriteBuffer, addr=Wrap,mip=0,cmp=AlwaysTrue)",0.000000,4.096000
5801,1.126400,1,vkCmdDrawIndexed(),Native Render > Render Pass [clear: Depth] > Native LIGHT_IMPACT.G2D (m: 0 l: 0) > None_0_0_0,Native Render,Native LIGHT_IMPACT.G2D (m: 0 l: 0),0,None_0_0_0,3,1-3,1,Native Previewer GLSL Blend 275 (ResourceId::16816),"rt0:blend=on,mask=RGBA",test=on write=off func=CompareFunction.Greater,rt0=RGBA,rt0=2D Color Attachment 3466 (ResourceId::3466),2D Depth/Stencil Attachment 3470 (ResourceId::3470),"GSTexImage Image (32, 32) pallete: 0 (ResourceId::7072) (ImageSampler, addr=ClampEdge,mip=0,cmp=Never)","Pixel:ReadOnlyResources[0:0]=GSTexImage Image (32, 32) pallete: 0 (ResourceId::7072) (ImageSampler, addr=ClampEdge,mip=0,cmp=Never); Vertex:ReadWriteResources[0:0]=Buffer 1876 (ResourceId::1876) (ReadWriteBuffer, addr=Wrap,mip=0,cmp=AlwaysTrue); Vertex:ReadWriteResources[1:0]=Buffer 1882 (ResourceId::1882) (ReadWriteBuffer, addr=Wrap,mip=0,cmp=AlwaysTrue); Vertex:ReadWriteResources[2:0]=Buffer 1888 (ResourceId::1888) (ReadWriteBuffer, addr=Wrap,mip=0,cmp=AlwaysTrue); Vertex:ReadWriteResources[3:0]=Buffer 1894 (ResourceId::1894) (ReadWriteBuffer, addr=Wrap,mip=0,cmp=AlwaysTrue)",0.000000,6.144000
5809,1.433600,1,vkCmdDrawIndexed(),Native Render > Render Pass [clear: Depth] > Native LIGHT_IMPACT.G2D (m: 0 l: 0) > None_0_0_0,Native Render,Native LIGHT_IMPACT.G2D (m: 0 l: 0),0,None_0_0_0,3,1-3,1,Native Previewer GLSL Blend 275 (ResourceId::16816),"rt0:blend=on,mask=RGBA",test=on write=off func=CompareFunction.Greater,rt0=RGBA,rt0=2D Color Attachment 3466 (ResourceId::3466),2D Depth/Stencil Attachment 3470 (ResourceId::3470),"GSTexImage Image (32, 32) pallete: 0 (ResourceId::7072) (ImageSampler, addr=ClampEdge,mip=0,cmp=Never)","Pixel:ReadOnlyResources[0:0]=GSTexImage Image (32, 32) pallete: 0 (ResourceId::7072) (ImageSampler, addr=ClampEdge,mip=0,cmp=Never); Vertex:ReadWriteResources[0:0]=Buffer 1876 (ResourceId::1876) (ReadWriteBuffer, addr=Wrap,mip=0,cmp=AlwaysTrue); Vertex:ReadWriteResources[1:0]=Buffer 1882 (ResourceId::1882) (ReadWriteBuffer, addr=Wrap,mip=0,cmp=AlwaysTrue); Vertex:ReadWriteResources[2:0]=Buffer 1888 (ResourceId::1888) (ReadWriteBuffer, addr=Wrap,mip=0,cmp=AlwaysTrue); Vertex:ReadWriteResources[3:0]=Buffer 1894 (ResourceId::1894) (ReadWriteBuffer, addr=Wrap,mip=0,cmp=AlwaysTrue)",0.000000,8.192000
5817,0.614400,1,vkCmdDrawIndexed(),Native Render > Render Pass [clear: Depth] > Native LIGHT_IMPACT.G2D (m: 0 l: 0) > None_0_0_0,Native Render,Native LIGHT_IMPACT.G2D (m: 0 l: 0),0,None_0_0_0,3,1-3,1,Native Previewer GLSL Blend 275 (ResourceId::16816),"rt0:blend=on,mask=RGBA",test=on write=off func=CompareFunction.Greater,rt0=RGBA,rt0=2D Color Attachment 3466 (ResourceId::3466),2D Depth/Stencil Attachment 3470 (ResourceId::3470),"GSTexImage Image (32, 32) pallete: 0 (ResourceId::7072) (ImageSampler, addr=ClampEdge,mip=0,cmp=Never)","Pixel:ReadOnlyResources[0:0]=GSTexImage Image (32, 32) pallete: 0 (ResourceId::7072) (ImageSampler, addr=ClampEdge,mip=0,cmp=Never); Vertex:ReadWriteResources[0:0]=Buffer 1876 (ResourceId::1876) (ReadWriteBuffer, addr=Wrap,mip=0,cmp=AlwaysTrue); Vertex:ReadWriteResources[1:0]=Buffer 1882 (ResourceId::1882) (ReadWriteBuffer, addr=Wrap,mip=0,cmp=AlwaysTrue); Vertex:ReadWriteResources[2:0]=Buffer 1888 (ResourceId::1888) (ReadWriteBuffer, addr=Wrap,mip=0,cmp=AlwaysTrue); Vertex:ReadWriteResources[3:0]=Buffer 1894 (ResourceId::1894) (ReadWriteBuffer, addr=Wrap,mip=0,cmp=AlwaysTrue)",0.000000,2.048000
5825,0.102400,1,vkCmdDrawIndexed(),Native Render > Render Pass [clear: Depth] > Native LIGHT_IMPACT.G2D (m: 0 l: 0) > None_0_0_0,Native Render,Native LIGHT_IMPACT.G2D (m: 0 l: 0),0,None_0_0_0,3,1-3,1,Native Previewer GLSL Blend 275 (ResourceId::16816),"rt0:blend=on,mask=RGBA",test=on write=off func=CompareFunction.Greater,rt0=RGBA,rt0=2D Color Attachment 3466 (ResourceId::3466),2D Depth/Stencil Attachment 3470 (ResourceId::3470),"GSTexImage Image (32, 32) pallete: 0 (ResourceId::7072) (ImageSampler, addr=ClampEdge,mip=0,cmp=Never)","Pixel:ReadOnlyResources[0:0]=GSTexImage Image (32, 32) pallete: 0 (ResourceId::7072) (ImageSampler, addr=ClampEdge,mip=0,cmp=Never); Vertex:ReadWriteResources[0:0]=Buffer 1876 (ResourceId::1876) (ReadWriteBuffer, addr=Wrap,mip=0,cmp=AlwaysTrue); Vertex:ReadWriteResources[1:0]=Buffer 1882 (ResourceId::1882) (ReadWriteBuffer, addr=Wrap,mip=0,cmp=AlwaysTrue); Vertex:ReadWriteResources[2:0]=Buffer 1888 (ResourceId::1888) (ReadWriteBuffer, addr=Wrap,mip=0,cmp=AlwaysTrue); Vertex:ReadWriteResources[3:0]=Buffer 1894 (ResourceId::1894) (ReadWriteBuffer, addr=Wrap,mip=0,cmp=AlwaysTrue)",0.000000,1.024000
5833,0.000000,1,vkCmdDrawIndexed(),Native Render > Render Pass [clear: Depth] > Native LIGHT_IMPACT.G2D (m: 0 l: 0) > None_0_0_0,Native Render,Native LIGHT_IMPACT.G2D (m: 0 l: 0),0,None_0_0_0,3,1-3,1,,,,,,,(none),,0.000000,0.000000
5841,0.102400,1,vkCmdDrawIndexed(),Native Render > Render Pass [clear: Depth] > Native LIGHT_IMPACT.G2D (m: 0 l: 0) > None_0_0_0,Native Render,Native LIGHT_IMPACT.G2D (m: 0 l: 0),0,None_0_0_0,3,1-3,1,Native Previewer GLSL Blend 275 (ResourceId::16816),"rt0:blend=on,mask=RGBA",test=on write=off func=CompareFunction.Greater,rt0=RGBA,rt0=2D Color Attachment 3466 (ResourceId::3466),2D Depth/Stencil Attachment 3470 (ResourceId::3470),"GSTexImage Image (32, 32) pallete: 0 (ResourceId::7072) (ImageSampler, addr=ClampEdge,mip=0,cmp=Never)","Pixel:ReadOnlyResources[0:0]=GSTexImage Image (32, 32) pallete: 0 (ResourceId::7072) (ImageSampler, addr=ClampEdge,mip=0,cmp=Never); Vertex:ReadWriteResources[0:0]=Buffer 1876 (ResourceId::1876) (ReadWriteBuffer, addr=Wrap,mip=0,cmp=AlwaysTrue); Vertex:ReadWriteResources[1:0]=Buffer 1882 (ResourceId::1882) (ReadWriteBuffer, addr=Wrap,mip=0,cmp=AlwaysTrue); Vertex:ReadWriteResources[2:0]=Buffer 1888 (ResourceId::1888) (ReadWriteBuffer, addr=Wrap,mip=0,cmp=AlwaysTrue); Vertex:ReadWriteResources[3:0]=Buffer 1894 (ResourceId::1894) (ReadWriteBuffer, addr=Wrap,mip=0,cmp=AlwaysTrue)",0.000000,1.024000
5849,0.000000,1,vkCmdDrawIndexed(),Native Render > Render Pass [clear: Depth] > Native LIGHT_IMPACT.G2D (m: 0 l: 0) > None_0_0_0,Native Render,Native LIGHT_IMPACT.G2D (m: 0 l: 0),0,None_0_0_0,3,1-3,1,,,,,,,(none),,0.000000,0.000000
5857,1.126400,1,vkCmdDrawIndexed(),Native Render > Render Pass [clear: Depth] > Native LIGHT_IMPACT.G2D (m: 0 l: 0) > None_0_0_0,Native Render,Native LIGHT_IMPACT.G2D (m: 0 l: 0),0,None_0_0_0,3,1-3,1,Native Previewer GLSL Blend 275 (ResourceId::16816),"rt0:blend=on,mask=RGBA",test=on write=off func=CompareFunction.Greater,rt0=RGBA,rt0=2D Color Attachment 3466 (ResourceId::3466),2D Depth/Stencil Attachment 3470 (ResourceId::3470),"GSTexImage Image (32, 32) pallete: 0 (ResourceId::7072) (ImageSampler, addr=ClampEdge,mip=0,cmp=Never)","Pixel:ReadOnlyResources[0:0]=GSTexImage Image (32, 32) pallete: 0 (ResourceId::7072) (ImageSampler, addr=ClampEdge,mip=0,cmp=Never); Vertex:ReadWriteResources[0:0]=Buffer 1876 (ResourceId::1876) (ReadWriteBuffer, addr=Wrap,mip=0,cmp=AlwaysTrue); Vertex:ReadWriteResources[1:0]=Buffer 1882 (ResourceId::1882) (ReadWriteBuffer, addr=Wrap,mip=0,cmp=AlwaysTrue); Vertex:ReadWriteResources[2:0]=Buffer 1888 (ResourceId::1888) (ReadWriteBuffer, addr=Wrap,mip=0,cmp=AlwaysTrue); Vertex:ReadWriteResources[3:0]=Buffer 1894 (ResourceId::1894) (ReadWriteBuffer, addr=Wrap,mip=0,cmp=AlwaysTrue)",0.000000,10.240000
5865,0.512000,1,vkCmdDrawIndexed(),Native Render > Render Pass [clear: Depth] > Native LIGHT_IMPACT.G2D (m: 0 l: 0) > None_0_0_0,Native Render,Native LIGHT_IMPACT.G2D (m: 0 l: 0),0,None_0_0_0,3,1-3,1,Native Previewer GLSL Blend 275 (ResourceId::16816),"rt0:blend=on,mask=RGBA",test=on write=off func=CompareFunction.Greater,rt0=RGBA,rt0=2D Color Attachment 3466 (ResourceId::3466),2D Depth/Stencil Attachment 3470 (ResourceId::3470),"GSTexImage Image (32, 32) pallete: 0 (ResourceId::7072) (ImageSampler, addr=ClampEdge,mip=0,cmp=Never)","Pixel:ReadOnlyResources[0:0]=GSTexImage Image (32, 32) pallete: 0 (ResourceId::7072) (ImageSampler, addr=ClampEdge,mip=0,cmp=Never); Vertex:ReadWriteResources[0:0]=Buffer 1876 (ResourceId::1876) (ReadWriteBuffer, addr=Wrap,mip=0,cmp=AlwaysTrue); Vertex:ReadWriteResources[1:0]=Buffer 1882 (ResourceId::1882) (ReadWriteBuffer, addr=Wrap,mip=0,cmp=AlwaysTrue); Vertex:ReadWriteResources[2:0]=Buffer 1888 (ResourceId::1888) (ReadWriteBuffer, addr=Wrap,mip=0,cmp=AlwaysTrue); Vertex:ReadWriteResources[3:0]=Buffer 1894 (ResourceId::1894) (ReadWriteBuffer, addr=Wrap,mip=0,cmp=AlwaysTrue)",0.000000,5.120000
5873,1.433600,1,vkCmdDrawIndexed(),Native Render > Render Pass [clear: Depth] > Native LIGHT_IMPACT.G2D (m: 0 l: 0) > None_0_0_0,Native Render,Native LIGHT_IMPACT.G2D (m: 0 l: 0),0,None_0_0_0,3,1-3,1,Native Previewer GLSL Blend 275 (ResourceId::16816),"rt0:blend=on,mask=RGBA",test=on write=off func=CompareFunction.Greater,rt0=RGBA,rt0=2D Color Attachment 3466 (ResourceId::3466),2D Depth/Stencil Attachment 3470 (ResourceId::3470),"GSTexImage Image (32, 32) pallete: 0 (ResourceId::7072) (ImageSampler, addr=ClampEdge,mip=0,cmp=Never)","Pixel:ReadOnlyResources[0:0]=GSTexImage Image (32, 32) pallete: 0 (ResourceId::7072) (ImageSampler, addr=ClampEdge,mip=0,cmp=Never); Vertex:ReadWriteResources[0:0]=Buffer 1876 (ResourceId::1876) (ReadWriteBuffer, addr=Wrap,mip=0,cmp=AlwaysTrue); Vertex:ReadWriteResources[1:0]=Buffer 1882 (ResourceId::1882) (ReadWriteBuffer, addr=Wrap,mip=0,cmp=AlwaysTrue); Vertex:ReadWriteResources[2:0]=Buffer 1888 (ResourceId::1888) (ReadWriteBuffer, addr=Wrap,mip=0,cmp=AlwaysTrue); Vertex:ReadWriteResources[3:0]=Buffer 1894 (ResourceId::1894) (ReadWriteBuffer, addr=Wrap,mip=0,cmp=AlwaysTrue)",0.000000,7.168000
5881,1.126400,1,vkCmdDrawIndexed(),Native Render > Render Pass [clear: Depth] > Native LIGHT_IMPACT.G2D (m: 0 l: 0) > None_0_0_0,Native Render,Native LIGHT_IMPACT.G2D (m: 0 l: 0),0,None_0_0_0,3,1-3,1,Native Previewer GLSL Blend 275 (ResourceId::16816),"rt0:blend=on,mask=RGBA",test=on write=off func=CompareFunction.Greater,rt0=RGBA,rt0=2D Color Attachment 3466 (ResourceId::3466),2D Depth/Stencil Attachment 3470 (ResourceId::3470),"GSTexImage Image (32, 32) pallete: 0 (ResourceId::7072) (ImageSampler, addr=ClampEdge,mip=0,cmp=Never)","Pixel:ReadOnlyResources[0:0]=GSTexImage Image (32, 32) pallete: 0 (ResourceId::7072) (ImageSampler, addr=ClampEdge,mip=0,cmp=Never); Vertex:ReadWriteResources[0:0]=Buffer 1876 (ResourceId::1876) (ReadWriteBuffer, addr=Wrap,mip=0,cmp=AlwaysTrue); Vertex:ReadWriteResources[1:0]=Buffer 1882 (ResourceId::1882) (ReadWriteBuffer, addr=Wrap,mip=0,cmp=AlwaysTrue); Vertex:ReadWriteResources[2:0]=Buffer 1888 (ResourceId::1888) (ReadWriteBuffer, addr=Wrap,mip=0,cmp=AlwaysTrue); Vertex:ReadWriteResources[3:0]=Buffer 1894 (ResourceId::1894) (ReadWriteBuffer, addr=Wrap,mip=0,cmp=AlwaysTrue)",0.000000,10.240000
5889,0.307200,1,vkCmdDrawIndexed(),Native Render > Render Pass [clear: Depth] > Native LIGHT_IMPACT.G2D (m: 0 l: 0) > None_0_0_0,Native Render,Native LIGHT_IMPACT.G2D (m: 0 l: 0),0,None_0_0_0,3,1-3,1,Native Previewer GLSL Blend 275 (ResourceId::16816),"rt0:blend=on,mask=RGBA",test=on write=off func=CompareFunction.Greater,rt0=RGBA,rt0=2D Color Attachment 3466 (ResourceId::3466),2D Depth/Stencil Attachment 3470 (ResourceId::3470),"GSTexImage Image (32, 32) pallete: 0 (ResourceId::7072) (ImageSampler, addr=ClampEdge,mip=0,cmp=Never)","Pixel:ReadOnlyResources[0:0]=GSTexImage Image (32, 32) pallete: 0 (ResourceId::7072) (ImageSampler, addr=ClampEdge,mip=0,cmp=Never); Vertex:ReadWriteResources[0:0]=Buffer 1876 (ResourceId::1876) (ReadWriteBuffer, addr=Wrap,mip=0,cmp=AlwaysTrue); Vertex:ReadWriteResources[1:0]=Buffer 1882 (ResourceId::1882) (ReadWriteBuffer, addr=Wrap,mip=0,cmp=AlwaysTrue); Vertex:ReadWriteResources[2:0]=Buffer 1888 (ResourceId::1888) (ReadWriteBuffer, addr=Wrap,mip=0,cmp=AlwaysTrue); Vertex:ReadWriteResources[3:0]=Buffer 1894 (ResourceId::1894) (ReadWriteBuffer, addr=Wrap,mip=0,cmp=AlwaysTrue)",0.000000,1.024000
5897,0.307200,1,vkCmdDrawIndexed(),Native Render > Render Pass [clear: Depth] > Native LIGHT_IMPACT.G2D (m: 0 l: 0) > None_0_0_0,Native Render,Native LIGHT_IMPACT.G2D (m: 0 l: 0),0,None_0_0_0,3,1-3,1,Native Previewer GLSL Blend 275 (ResourceId::16816),"rt0:blend=on,mask=RGBA",test=on write=off func=CompareFunction.Greater,rt0=RGBA,rt0=2D Color Attachment 3466 (ResourceId::3466),2D Depth/Stencil Attachment 3470 (ResourceId::3470),"GSTexImage Image (32, 32) pallete: 0 (ResourceId::7072) (ImageSampler, addr=ClampEdge,mip=0,cmp=Never)","Pixel:ReadOnlyResources[0:0]=GSTexImage Image (32, 32) pallete: 0 (ResourceId::7072) (ImageSampler, addr=ClampEdge,mip=0,cmp=Never); Vertex:ReadWriteResources[0:0]=Buffer 1876 (ResourceId::1876) (ReadWriteBuffer, addr=Wrap,mip=0,cmp=AlwaysTrue); Vertex:ReadWriteResources[1:0]=Buffer 1882 (ResourceId::1882) (ReadWriteBuffer, addr=Wrap,mip=0,cmp=AlwaysTrue); Vertex:ReadWriteResources[2:0]=Buffer 1888 (ResourceId::1888) (ReadWriteBuffer, addr=Wrap,mip=0,cmp=AlwaysTrue); Vertex:ReadWriteResources[3:0]=Buffer 1894 (ResourceId::1894) (ReadWriteBuffer, addr=Wrap,mip=0,cmp=AlwaysTrue)",0.000000,2.048000
5905,1.228800,1,vkCmdDrawIndexed(),Native Render > Render Pass [clear: Depth] > Native LIGHT_IMPACT.G2D (m: 0 l: 0) > None_0_0_0,Native Render,Native LIGHT_IMPACT.G2D (m: 0 l: 0),0,None_0_0_0,3,1-3,1,Native Previewer GLSL Blend 275 (ResourceId::16816),"rt0:blend=on,mask=RGBA",test=on write=off func=CompareFunction.Greater,rt0=RGBA,rt0=2D Color Attachment 3466 (ResourceId::3466),2D Depth/Stencil Attachment 3470 (ResourceId::3470),"GSTexImage Image (32, 32) pallete: 0 (ResourceId::7072) (ImageSampler, addr=ClampEdge,mip=0,cmp=Never)","Pixel:ReadOnlyResources[0:0]=GSTexImage Image (32, 32) pallete: 0 (ResourceId::7072) (ImageSampler, addr=ClampEdge,mip=0,cmp=Never); Vertex:ReadWriteResources[0:0]=Buffer 1876 (ResourceId::1876) (ReadWriteBuffer, addr=Wrap,mip=0,cmp=AlwaysTrue); Vertex:ReadWriteResources[1:0]=Buffer 1882 (ResourceId::1882) (ReadWriteBuffer, addr=Wrap,mip=0,cmp=AlwaysTrue); Vertex:ReadWriteResources[2:0]=Buffer 1888 (ResourceId::1888) (ReadWriteBuffer, addr=Wrap,mip=0,cmp=AlwaysTrue); Vertex:ReadWriteResources[3:0]=Buffer 1894 (ResourceId::1894) (ReadWriteBuffer, addr=Wrap,mip=0,cmp=AlwaysTrue)",0.000000,11.264000
5913,1.024000,1,vkCmdDrawIndexed(),Native Render > Render Pass [clear: Depth] > Native LIGHT_IMPACT.G2D (m: 0 l: 0) > None_0_0_0,Native Render,Native LIGHT_IMPACT.G2D (m: 0 l: 0),0,None_0_0_0,3,1-3,1,Native Previewer GLSL Blend 275 (ResourceId::16816),"rt0:blend=on,mask=RGBA",test=on write=off func=CompareFunction.Greater,rt0=RGBA,rt0=2D Color Attachment 3466 (ResourceId::3466),2D Depth/Stencil Attachment 3470 (ResourceId::3470),"GSTexImage Image (32, 32) pallete: 0 (ResourceId::7072) (ImageSampler, addr=ClampEdge,mip=0,cmp=Never)","Pixel:ReadOnlyResources[0:0]=GSTexImage Image (32, 32) pallete: 0 (ResourceId::7072) (ImageSampler, addr=ClampEdge,mip=0,cmp=Never); Vertex:ReadWriteResources[0:0]=Buffer 1876 (ResourceId::1876) (ReadWriteBuffer, addr=Wrap,mip=0,cmp=AlwaysTrue); Vertex:ReadWriteResources[1:0]=Buffer 1882 (ResourceId::1882) (ReadWriteBuffer, addr=Wrap,mip=0,cmp=AlwaysTrue); Vertex:ReadWriteResources[2:0]=Buffer 1888 (ResourceId::1888) (ReadWriteBuffer, addr=Wrap,mip=0,cmp=AlwaysTrue); Vertex:ReadWriteResources[3:0]=Buffer 1894 (ResourceId::1894) (ReadWriteBuffer, addr=Wrap,mip=0,cmp=AlwaysTrue)",0.000000,10.240000
5921,0.716800,1,vkCmdDrawIndexed(),Native Render > Render Pass [clear: Depth] > Native LIGHT_IMPACT.G2D (m: 0 l: 0) > None_0_0_0,Native Render,Native LIGHT_IMPACT.G2D (m: 0 l: 0),0,None_0_0_0,3,1-3,1,Native Previewer GLSL Blend 275 (ResourceId::16816),"rt0:blend=on,mask=RGBA",test=on write=off func=CompareFunction.Greater,rt0=RGBA,rt0=2D Color Attachment 3466 (ResourceId::3466),2D Depth/Stencil Attachment 3470 (ResourceId::3470),"GSTexImage Image (32, 32) pallete: 0 (ResourceId::7072) (ImageSampler, addr=ClampEdge,mip=0,cmp=Never)","Pixel:ReadOnlyResources[0:0]=GSTexImage Image (32, 32) pallete: 0 (ResourceId::7072) (ImageSampler, addr=ClampEdge,mip=0,cmp=Never); Vertex:ReadWriteResources[0:0]=Buffer 1876 (ResourceId::1876) (ReadWriteBuffer, addr=Wrap,mip=0,cmp=AlwaysTrue); Vertex:ReadWriteResources[1:0]=Buffer 1882 (ResourceId::1882) (ReadWriteBuffer, addr=Wrap,mip=0,cmp=AlwaysTrue); Vertex:ReadWriteResources[2:0]=Buffer 1888 (ResourceId::1888) (ReadWriteBuffer, addr=Wrap,mip=0,cmp=AlwaysTrue); Vertex:ReadWriteResources[3:0]=Buffer 1894 (ResourceId::1894) (ReadWriteBuffer, addr=Wrap,mip=0,cmp=AlwaysTrue)",0.000000,7.168000
5929,0.307200,1,vkCmdDrawIndexed(),Native Render > Render Pass [clear: Depth] > Native LIGHT_IMPACT.G2D (m: 0 l: 0) > None_0_0_0,Native Render,Native LIGHT_IMPACT.G2D (m: 0 l: 0),0,None_0_0_0,3,1-3,1,Native Previewer GLSL Blend 275 (ResourceId::16816),"rt0:blend=on,mask=RGBA",test=on write=off func=CompareFunction.Greater,rt0=RGBA,rt0=2D Color Attachment 3466 (ResourceId::3466),2D Depth/Stencil Attachment 3470 (ResourceId::3470),"GSTexImage Image (32, 32) pallete: 0 (ResourceId::7072) (ImageSampler, addr=ClampEdge,mip=0,cmp=Never)","Pixel:ReadOnlyResources[0:0]=GSTexImage Image (32, 32) pallete: 0 (ResourceId::7072) (ImageSampler, addr=ClampEdge,mip=0,cmp=Never); Vertex:ReadWriteResources[0:0]=Buffer 1876 (ResourceId::1876) (ReadWriteBuffer, addr=Wrap,mip=0,cmp=AlwaysTrue); Vertex:ReadWriteResources[1:0]=Buffer 1882 (ResourceId::1882) (ReadWriteBuffer, addr=Wrap,mip=0,cmp=AlwaysTrue); Vertex:ReadWriteResources[2:0]=Buffer 1888 (ResourceId::1888) (ReadWriteBuffer, addr=Wrap,mip=0,cmp=AlwaysTrue); Vertex:ReadWriteResources[3:0]=Buffer 1894 (ResourceId::1894) (ReadWriteBuffer, addr=Wrap,mip=0,cmp=AlwaysTrue)",0.000000,3.072000
5937,1.228800,1,vkCmdDrawIndexed(),Native Render > Render Pass [clear: Depth] > Native LIGHT_IMPACT.G2D (m: 0 l: 0) > None_0_0_0,Native Render,Native LIGHT_IMPACT.G2D (m: 0 l: 0),0,None_0_0_0,3,1-3,1,Native Previewer GLSL Blend 275 (ResourceId::16816),"rt0:blend=on,mask=RGBA",test=on write=off func=CompareFunction.Greater,rt0=RGBA,rt0=2D Color Attachment 3466 (ResourceId::3466),2D Depth/Stencil Attachment 3470 (ResourceId::3470),"GSTexImage Image (32, 32) pallete: 0 (ResourceId::7072) (ImageSampler, addr=ClampEdge,mip=0,cmp=Never)","Pixel:ReadOnlyResources[0:0]=GSTexImage Image (32, 32) pallete: 0 (ResourceId::7072) (ImageSampler, addr=ClampEdge,mip=0,cmp=Never); Vertex:ReadWriteResources[0:0]=Buffer 1876 (ResourceId::1876) (ReadWriteBuffer, addr=Wrap,mip=0,cmp=AlwaysTrue); Vertex:ReadWriteResources[1:0]=Buffer 1882 (ResourceId::1882) (ReadWriteBuffer, addr=Wrap,mip=0,cmp=AlwaysTrue); Vertex:ReadWriteResources[2:0]=Buffer 1888 (ResourceId::1888) (ReadWriteBuffer, addr=Wrap,mip=0,cmp=AlwaysTrue); Vertex:ReadWriteResources[3:0]=Buffer 1894 (ResourceId::1894) (ReadWriteBuffer, addr=Wrap,mip=0,cmp=AlwaysTrue)",0.000000,9.216000
5945,0.204800,1,vkCmdDrawIndexed(),Native Render > Render Pass [clear: Depth] > Native LIGHT_IMPACT.G2D (m: 0 l: 0) > None_0_0_0,Native Render,Native LIGHT_IMPACT.G2D (m: 0 l: 0),0,None_0_0_0,3,1-3,1,Native Previewer GLSL Blend 275 (ResourceId::16816),"rt0:blend=on,mask=RGBA",test=on write=off func=CompareFunction.Greater,rt0=RGBA,rt0=2D Color Attachment 3466 (ResourceId::3466),2D Depth/Stencil Attachment 3470 (ResourceId::3470),"GSTexImage Image (32, 32) pallete: 0 (ResourceId::7072) (ImageSampler, addr=ClampEdge,mip=0,cmp=Never)","Pixel:ReadOnlyResources[0:0]=GSTexImage Image (32, 32) pallete: 0 (ResourceId::7072) (ImageSampler, addr=ClampEdge,mip=0,cmp=Never); Vertex:ReadWriteResources[0:0]=Buffer 1876 (ResourceId::1876) (ReadWriteBuffer, addr=Wrap,mip=0,cmp=AlwaysTrue); Vertex:ReadWriteResources[1:0]=Buffer 1882 (ResourceId::1882) (ReadWriteBuffer, addr=Wrap,mip=0,cmp=AlwaysTrue); Vertex:ReadWriteResources[2:0]=Buffer 1888 (ResourceId::1888) (ReadWriteBuffer, addr=Wrap,mip=0,cmp=AlwaysTrue); Vertex:ReadWriteResources[3:0]=Buffer 1894 (ResourceId::1894) (ReadWriteBuffer, addr=Wrap,mip=0,cmp=AlwaysTrue)",0.000000,1.024000
5953,0.204800,1,vkCmdDrawIndexed(),Native Render > Render Pass [clear: Depth] > Native LIGHT_IMPACT.G2D (m: 0 l: 0) > None_0_0_0,Native Render,Native LIGHT_IMPACT.G2D (m: 0 l: 0),0,None_0_0_0,3,1-3,1,Native Previewer GLSL Blend 275 (ResourceId::16816),"rt0:blend=on,mask=RGBA",test=on write=off func=CompareFunction.Greater,rt0=RGBA,rt0=2D Color Attachment 3466 (ResourceId::3466),2D Depth/Stencil Attachment 3470 (ResourceId::3470),"GSTexImage Image (32, 32) pallete: 0 (ResourceId::7072) (ImageSampler, addr=ClampEdge,mip=0,cmp=Never)","Pixel:ReadOnlyResources[0:0]=GSTexImage Image (32, 32) pallete: 0 (ResourceId::7072) (ImageSampler, addr=ClampEdge,mip=0,cmp=Never); Vertex:ReadWriteResources[0:0]=Buffer 1876 (ResourceId::1876) (ReadWriteBuffer, addr=Wrap,mip=0,cmp=AlwaysTrue); Vertex:ReadWriteResources[1:0]=Buffer 1882 (ResourceId::1882) (ReadWriteBuffer, addr=Wrap,mip=0,cmp=AlwaysTrue); Vertex:ReadWriteResources[2:0]=Buffer 1888 (ResourceId::1888) (ReadWriteBuffer, addr=Wrap,mip=0,cmp=AlwaysTrue); Vertex:ReadWriteResources[3:0]=Buffer 1894 (ResourceId::1894) (ReadWriteBuffer, addr=Wrap,mip=0,cmp=AlwaysTrue)",0.000000,1.024000
5961,0.102400,1,vkCmdDrawIndexed(),Native Render > Render Pass [clear: Depth] > Native LIGHT_IMPACT.G2D (m: 0 l: 0) > None_0_0_0,Native Render,Native LIGHT_IMPACT.G2D (m: 0 l: 0),0,None_0_0_0,3,1-3,1,Native Previewer GLSL Blend 275 (ResourceId::16816),"rt0:blend=on,mask=RGBA",test=on write=off func=CompareFunction.Greater,rt0=RGBA,rt0=2D Color Attachment 3466 (ResourceId::3466),2D Depth/Stencil Attachment 3470 (ResourceId::3470),"GSTexImage Image (32, 32) pallete: 0 (ResourceId::7072) (ImageSampler, addr=ClampEdge,mip=0,cmp=Never)","Pixel:ReadOnlyResources[0:0]=GSTexImage Image (32, 32) pallete: 0 (ResourceId::7072) (ImageSampler, addr=ClampEdge,mip=0,cmp=Never); Vertex:ReadWriteResources[0:0]=Buffer 1876 (ResourceId::1876) (ReadWriteBuffer, addr=Wrap,mip=0,cmp=AlwaysTrue); Vertex:ReadWriteResources[1:0]=Buffer 1882 (ResourceId::1882) (ReadWriteBuffer, addr=Wrap,mip=0,cmp=AlwaysTrue); Vertex:ReadWriteResources[2:0]=Buffer 1888 (ResourceId::1888) (ReadWriteBuffer, addr=Wrap,mip=0,cmp=AlwaysTrue); Vertex:ReadWriteResources[3:0]=Buffer 1894 (ResourceId::1894) (ReadWriteBuffer, addr=Wrap,mip=0,cmp=AlwaysTrue)",0.000000,1.024000
5969,0.102400,1,vkCmdDrawIndexed(),Native Render > Render Pass [clear: Depth] > Native LIGHT_IMPACT.G2D (m: 0 l: 0) > None_0_0_0,Native Render,Native LIGHT_IMPACT.G2D (m: 0 l: 0),0,None_0_0_0,3,1-3,1,Native Previewer GLSL Blend 275 (ResourceId::16816),"rt0:blend=on,mask=RGBA",test=on write=off func=CompareFunction.Greater,rt0=RGBA,rt0=2D Color Attachment 3466 (ResourceId::3466),2D Depth/Stencil Attachment 3470 (ResourceId::3470),"GSTexImage Image (32, 32) pallete: 0 (ResourceId::7072) (ImageSampler, addr=ClampEdge,mip=0,cmp=Never)","Pixel:ReadOnlyResources[0:0]=GSTexImage Image (32, 32) pallete: 0 (ResourceId::7072) (ImageSampler, addr=ClampEdge,mip=0,cmp=Never); Vertex:ReadWriteResources[0:0]=Buffer 1876 (ResourceId::1876) (ReadWriteBuffer, addr=Wrap,mip=0,cmp=AlwaysTrue); Vertex:ReadWriteResources[1:0]=Buffer 1882 (ResourceId::1882) (ReadWriteBuffer, addr=Wrap,mip=0,cmp=AlwaysTrue); Vertex:ReadWriteResources[2:0]=Buffer 1888 (ResourceId::1888) (ReadWriteBuffer, addr=Wrap,mip=0,cmp=AlwaysTrue); Vertex:ReadWriteResources[3:0]=Buffer 1894 (ResourceId::1894) (ReadWriteBuffer, addr=Wrap,mip=0,cmp=AlwaysTrue)",0.000000,1.024000
5977,0.102400,1,vkCmdDrawIndexed(),Native Render > Render Pass [clear: Depth] > Native LIGHT_IMPACT.G2D (m: 0 l: 0) > None_0_0_0,Native Render,Native LIGHT_IMPACT.G2D (m: 0 l: 0),0,None_0_0_0,3,1-3,1,Native Previewer GLSL Blend 275 (ResourceId::16816),"rt0:blend=on,mask=RGBA",test=on write=off func=CompareFunction.Greater,rt0=RGBA,rt0=2D Color Attachment 3466 (ResourceId::3466),2D Depth/Stencil Attachment 3470 (ResourceId::3470),"GSTexImage Image (32, 32) pallete: 0 (ResourceId::7072) (ImageSampler, addr=ClampEdge,mip=0,cmp=Never)","Pixel:ReadOnlyResources[0:0]=GSTexImage Image (32, 32) pallete: 0 (ResourceId::7072) (ImageSampler, addr=ClampEdge,mip=0,cmp=Never); Vertex:ReadWriteResources[0:0]=Buffer 1876 (ResourceId::1876) (ReadWriteBuffer, addr=Wrap,mip=0,cmp=AlwaysTrue); Vertex:ReadWriteResources[1:0]=Buffer 1882 (ResourceId::1882) (ReadWriteBuffer, addr=Wrap,mip=0,cmp=AlwaysTrue); Vertex:ReadWriteResources[2:0]=Buffer 1888 (ResourceId::1888) (ReadWriteBuffer, addr=Wrap,mip=0,cmp=AlwaysTrue); Vertex:ReadWriteResources[3:0]=Buffer 1894 (ResourceId::1894) (ReadWriteBuffer, addr=Wrap,mip=0,cmp=AlwaysTrue)",0.000000,1.024000
5985,0.000000,1,vkCmdDrawIndexed(),Native Render > Render Pass [clear: Depth] > Native LIGHT_IMPACT.G2D (m: 0 l: 0) > None_0_0_0,Native Render,Native LIGHT_IMPACT.G2D (m: 0 l: 0),0,None_0_0_0,3,1-3,1,,,,,,,(none),,0.000000,0.000000
5993,0.000000,1,vkCmdDrawIndexed(),Native Render > Render Pass [clear: Depth] > Native LIGHT_IMPACT.G2D (m: 0 l: 0) > None_0_0_0,Native Render,Native LIGHT_IMPACT.G2D (m: 0 l: 0),0,None_0_0_0,3,1-3,1,,,,,,,(none),,0.000000,0.000000
6001,0.204800,1,vkCmdDrawIndexed(),Native Render > Render Pass [clear: Depth] > Native LIGHT_IMPACT.G2D (m: 0 l: 0) > None_0_0_0,Native Render,Native LIGHT_IMPACT.G2D (m: 0 l: 0),0,None_0_0_0,3,1-3,1,Native Previewer GLSL Blend 275 (ResourceId::16816),"rt0:blend=on,mask=RGBA",test=on write=off func=CompareFunction.Greater,rt0=RGBA,rt0=2D Color Attachment 3466 (ResourceId::3466),2D Depth/Stencil Attachment 3470 (ResourceId::3470),"GSTexImage Image (32, 32) pallete: 0 (ResourceId::7072) (ImageSampler, addr=ClampEdge,mip=0,cmp=Never)","Pixel:ReadOnlyResources[0:0]=GSTexImage Image (32, 32) pallete: 0 (ResourceId::7072) (ImageSampler, addr=ClampEdge,mip=0,cmp=Never); Vertex:ReadWriteResources[0:0]=Buffer 1876 (ResourceId::1876) (ReadWriteBuffer, addr=Wrap,mip=0,cmp=AlwaysTrue); Vertex:ReadWriteResources[1:0]=Buffer 1882 (ResourceId::1882) (ReadWriteBuffer, addr=Wrap,mip=0,cmp=AlwaysTrue); Vertex:ReadWriteResources[2:0]=Buffer 1888 (ResourceId::1888) (ReadWriteBuffer, addr=Wrap,mip=0,cmp=AlwaysTrue); Vertex:ReadWriteResources[3:0]=Buffer 1894 (ResourceId::1894) (ReadWriteBuffer, addr=Wrap,mip=0,cmp=AlwaysTrue)",0.000000,2.048000
6009,0.102400,1,vkCmdDrawIndexed(),Native Render > Render Pass [clear: Depth] > Native LIGHT_IMPACT.G2D (m: 0 l: 0) > None_0_0_0,Native Render,Native LIGHT_IMPACT.G2D (m: 0 l: 0),0,None_0_0_0,3,1-3,1,Native Previewer GLSL Blend 275 (ResourceId::16816),"rt0:blend=on,mask=RGBA",test=on write=off func=CompareFunction.Greater,rt0=RGBA,rt0=2D Color Attachment 3466 (ResourceId::3466),2D Depth/Stencil Attachment 3470 (ResourceId::3470),"GSTexImage Image (32, 32) pallete: 0 (ResourceId::7072) (ImageSampler, addr=ClampEdge,mip=0,cmp=Never)","Pixel:ReadOnlyResources[0:0]=GSTexImage Image (32, 32) pallete: 0 (ResourceId::7072) (ImageSampler, addr=ClampEdge,mip=0,cmp=Never); Vertex:ReadWriteResources[0:0]=Buffer 1876 (ResourceId::1876) (ReadWriteBuffer, addr=Wrap,mip=0,cmp=AlwaysTrue); Vertex:ReadWriteResources[1:0]=Buffer 1882 (ResourceId::1882) (ReadWriteBuffer, addr=Wrap,mip=0,cmp=AlwaysTrue); Vertex:ReadWriteResources[2:0]=Buffer 1888 (ResourceId::1888) (ReadWriteBuffer, addr=Wrap,mip=0,cmp=AlwaysTrue); Vertex:ReadWriteResources[3:0]=Buffer 1894 (ResourceId::1894) (ReadWriteBuffer, addr=Wrap,mip=0,cmp=AlwaysTrue)",0.000000,1.024000
6017,0.409600,1,vkCmdDrawIndexed(),Native Render > Render Pass [clear: Depth] > Native LIGHT_IMPACT.G2D (m: 0 l: 0) > None_0_0_0,Native Render,Native LIGHT_IMPACT.G2D (m: 0 l: 0),0,None_0_0_0,3,1-3,1,Native Previewer GLSL Blend 275 (ResourceId::16816),"rt0:blend=on,mask=RGBA",test=on write=off func=CompareFunction.Greater,rt0=RGBA,rt0=2D Color Attachment 3466 (ResourceId::3466),2D Depth/Stencil Attachment 3470 (ResourceId::3470),"GSTexImage Image (32, 32) pallete: 0 (ResourceId::7072) (ImageSampler, addr=ClampEdge,mip=0,cmp=Never)","Pixel:ReadOnlyResources[0:0]=GSTexImage Image (32, 32) pallete: 0 (ResourceId::7072) (ImageSampler, addr=ClampEdge,mip=0,cmp=Never); Vertex:ReadWriteResources[0:0]=Buffer 1876 (ResourceId::1876) (ReadWriteBuffer, addr=Wrap,mip=0,cmp=AlwaysTrue); Vertex:ReadWriteResources[1:0]=Buffer 1882 (ResourceId::1882) (ReadWriteBuffer, addr=Wrap,mip=0,cmp=AlwaysTrue); Vertex:ReadWriteResources[2:0]=Buffer 1888 (ResourceId::1888) (ReadWriteBuffer, addr=Wrap,mip=0,cmp=AlwaysTrue); Vertex:ReadWriteResources[3:0]=Buffer 1894 (ResourceId::1894) (ReadWriteBuffer, addr=Wrap,mip=0,cmp=AlwaysTrue)",0.000000,1.024000
6025,0.204800,1,vkCmdDrawIndexed(),Native Render > Render Pass [clear: Depth] > Native LIGHT_IMPACT.G2D (m: 0 l: 0) > None_0_0_0,Native Render,Native LIGHT_IMPACT.G2D (m: 0 l: 0),0,None_0_0_0,3,1-3,1,Native Previewer GLSL Blend 275 (ResourceId::16816),"rt0:blend=on,mask=RGBA",test=on write=off func=CompareFunction.Greater,rt0=RGBA,rt0=2D Color Attachment 3466 (ResourceId::3466),2D Depth/Stencil Attachment 3470 (ResourceId::3470),"GSTexImage Image (32, 32) pallete: 0 (ResourceId::7072) (ImageSampler, addr=ClampEdge,mip=0,cmp=Never)","Pixel:ReadOnlyResources[0:0]=GSTexImage Image (32, 32) pallete: 0 (ResourceId::7072) (ImageSampler, addr=ClampEdge,mip=0,cmp=Never); Vertex:ReadWriteResources[0:0]=Buffer 1876 (ResourceId::1876) (ReadWriteBuffer, addr=Wrap,mip=0,cmp=AlwaysTrue); Vertex:ReadWriteResources[1:0]=Buffer 1882 (ResourceId::1882) (ReadWriteBuffer, addr=Wrap,mip=0,cmp=AlwaysTrue); Vertex:ReadWriteResources[2:0]=Buffer 1888 (ResourceId::1888) (ReadWriteBuffer, addr=Wrap,mip=0,cmp=AlwaysTrue); Vertex:ReadWriteResources[3:0]=Buffer 1894 (ResourceId::1894) (ReadWriteBuffer, addr=Wrap,mip=0,cmp=AlwaysTrue)",0.000000,1.024000
6033,0.102400,1,vkCmdDrawIndexed(),Native Render > Render Pass [clear: Depth] > Native LIGHT_IMPACT.G2D (m: 0 l: 0) > None_0_0_0,Native Render,Native LIGHT_IMPACT.G2D (m: 0 l: 0),0,None_0_0_0,3,1-3,1,Native Previewer GLSL Blend 275 (ResourceId::16816),"rt0:blend=on,mask=RGBA",test=on write=off func=CompareFunction.Greater,rt0=RGBA,rt0=2D Color Attachment 3466 (ResourceId::3466),2D Depth/Stencil Attachment 3470 (ResourceId::3470),"GSTexImage Image (32, 32) pallete: 0 (ResourceId::7072) (ImageSampler, addr=ClampEdge,mip=0,cmp=Never)","Pixel:ReadOnlyResources[0:0]=GSTexImage Image (32, 32) pallete: 0 (ResourceId::7072) (ImageSampler, addr=ClampEdge,mip=0,cmp=Never); Vertex:ReadWriteResources[0:0]=Buffer 1876 (ResourceId::1876) (ReadWriteBuffer, addr=Wrap,mip=0,cmp=AlwaysTrue); Vertex:ReadWriteResources[1:0]=Buffer 1882 (ResourceId::1882) (ReadWriteBuffer, addr=Wrap,mip=0,cmp=AlwaysTrue); Vertex:ReadWriteResources[2:0]=Buffer 1888 (ResourceId::1888) (ReadWriteBuffer, addr=Wrap,mip=0,cmp=AlwaysTrue); Vertex:ReadWriteResources[3:0]=Buffer 1894 (ResourceId::1894) (ReadWriteBuffer, addr=Wrap,mip=0,cmp=AlwaysTrue)",0.000000,1.024000
6041,0.000000,1,vkCmdDrawIndexed(),Native Render > Render Pass [clear: Depth] > Native LIGHT_IMPACT.G2D (m: 0 l: 0) > None_0_0_0,Native Render,Native LIGHT_IMPACT.G2D (m: 0 l: 0),0,None_0_0_0,3,1-3,1,,,,,,,(none),,0.000000,0.000000
6049,0.307200,1,vkCmdDrawIndexed(),Native Render > Render Pass [clear: Depth] > Native LIGHT_IMPACT.G2D (m: 0 l: 0) > None_0_0_0,Native Render,Native LIGHT_IMPACT.G2D (m: 0 l: 0),0,None_0_0_0,3,1-3,1,Native Previewer GLSL Blend 275 (ResourceId::16816),"rt0:blend=on,mask=RGBA",test=on write=off func=CompareFunction.Greater,rt0=RGBA,rt0=2D Color Attachment 3466 (ResourceId::3466),2D Depth/Stencil Attachment 3470 (ResourceId::3470),"GSTexImage Image (32, 32) pallete: 0 (ResourceId::7072) (ImageSampler, addr=ClampEdge,mip=0,cmp=Never)","Pixel:ReadOnlyResources[0:0]=GSTexImage Image (32, 32) pallete: 0 (ResourceId::7072) (ImageSampler, addr=ClampEdge,mip=0,cmp=Never); Vertex:ReadWriteResources[0:0]=Buffer 1876 (ResourceId::1876) (ReadWriteBuffer, addr=Wrap,mip=0,cmp=AlwaysTrue); Vertex:ReadWriteResources[1:0]=Buffer 1882 (ResourceId::1882) (ReadWriteBuffer, addr=Wrap,mip=0,cmp=AlwaysTrue); Vertex:ReadWriteResources[2:0]=Buffer 1888 (ResourceId::1888) (ReadWriteBuffer, addr=Wrap,mip=0,cmp=AlwaysTrue); Vertex:ReadWriteResources[3:0]=Buffer 1894 (ResourceId::1894) (ReadWriteBuffer, addr=Wrap,mip=0,cmp=AlwaysTrue)",0.000000,2.048000
6057,0.000000,1,vkCmdDrawIndexed(),Native Render > Render Pass [clear: Depth] > Native LIGHT_IMPACT.G2D (m: 0 l: 0) > None_0_0_0,Native Render,Native LIGHT_IMPACT.G2D (m: 0 l: 0),0,None_0_0_0,3,1-3,1,,,,,,,(none),,0.000000,0.000000
6065,0.307200,1,vkCmdDrawIndexed(),Native Render > Render Pass [clear: Depth] > Native LIGHT_IMPACT.G2D (m: 0 l: 0) > None_0_0_0,Native Render,Native LIGHT_IMPACT.G2D (m: 0 l: 0),0,None_0_0_0,3,1-3,1,Native Previewer GLSL Blend 275 (ResourceId::16816),"rt0:blend=on,mask=RGBA",test=on write=off func=CompareFunction.Greater,rt0=RGBA,rt0=2D Color Attachment 3466 (ResourceId::3466),2D Depth/Stencil Attachment 3470 (ResourceId::3470),"GSTexImage Image (32, 32) pallete: 0 (ResourceId::7072) (ImageSampler, addr=ClampEdge,mip=0,cmp=Never)","Pixel:ReadOnlyResources[0:0]=GSTexImage Image (32, 32) pallete: 0 (ResourceId::7072) (ImageSampler, addr=ClampEdge,mip=0,cmp=Never); Vertex:ReadWriteResources[0:0]=Buffer 1876 (ResourceId::1876) (ReadWriteBuffer, addr=Wrap,mip=0,cmp=AlwaysTrue); Vertex:ReadWriteResources[1:0]=Buffer 1882 (ResourceId::1882) (ReadWriteBuffer, addr=Wrap,mip=0,cmp=AlwaysTrue); Vertex:ReadWriteResources[2:0]=Buffer 1888 (ResourceId::1888) (ReadWriteBuffer, addr=Wrap,mip=0,cmp=AlwaysTrue); Vertex:ReadWriteResources[3:0]=Buffer 1894 (ResourceId::1894) (ReadWriteBuffer, addr=Wrap,mip=0,cmp=AlwaysTrue)",0.000000,3.072000
6073,0.000000,1,vkCmdDrawIndexed(),Native Render > Render Pass [clear: Depth] > Native LIGHT_IMPACT.G2D (m: 0 l: 0) > None_0_0_0,Native Render,Native LIGHT_IMPACT.G2D (m: 0 l: 0),0,None_0_0_0,3,1-3,1,,,,,,,(none),,0.000000,0.000000
6084,0.409600,1,vkCmdDrawIndexed(),Native Render > Render Pass [clear: Depth] > Native SHADOW.G2D (m: 0 l: 0) > None_0_0_0,Native Render,Native SHADOW.G2D (m: 0 l: 0),0,None_0_0_0,3,1-3,1,Native Previewer GLSL Blend 266 (ResourceId::16579),"rt0:blend=on,mask=RGBA",test=on write=off func=CompareFunction.Greater,rt0=RGBA,rt0=2D Color Attachment 3466 (ResourceId::3466),2D Depth/Stencil Attachment 3470 (ResourceId::3470),"GSTexImage Image (32, 32) pallete: 0 (ResourceId::10416) (ImageSampler, addr=ClampEdge,mip=0,cmp=Never)","Pixel:ReadOnlyResources[0:0]=GSTexImage Image (32, 32) pallete: 0 (ResourceId::10416) (ImageSampler, addr=ClampEdge,mip=0,cmp=Never); Vertex:ReadWriteResources[0:0]=Buffer 1876 (ResourceId::1876) (ReadWriteBuffer, addr=Wrap,mip=0,cmp=AlwaysTrue); Vertex:ReadWriteResources[1:0]=Buffer 1882 (ResourceId::1882) (ReadWriteBuffer, addr=Wrap,mip=0,cmp=AlwaysTrue); Vertex:ReadWriteResources[2:0]=Buffer 1888 (ResourceId::1888) (ReadWriteBuffer, addr=Wrap,mip=0,cmp=AlwaysTrue); Vertex:ReadWriteResources[3:0]=Buffer 1894 (ResourceId::1894) (ReadWriteBuffer, addr=Wrap,mip=0,cmp=AlwaysTrue)",0.000000,1.024000
6092,0.204800,1,vkCmdDrawIndexed(),Native Render > Render Pass [clear: Depth] > Native SHADOW.G2D (m: 0 l: 0) > None_0_0_0,Native Render,Native SHADOW.G2D (m: 0 l: 0),0,None_0_0_0,3,1-3,1,Native Previewer GLSL Blend 266 (ResourceId::16579),"rt0:blend=on,mask=RGBA",test=on write=off func=CompareFunction.Greater,rt0=RGBA,rt0=2D Color Attachment 3466 (ResourceId::3466),2D Depth/Stencil Attachment 3470 (ResourceId::3470),"GSTexImage Image (32, 32) pallete: 0 (ResourceId::10416) (ImageSampler, addr=ClampEdge,mip=0,cmp=Never)","Pixel:ReadOnlyResources[0:0]=GSTexImage Image (32, 32) pallete: 0 (ResourceId::10416) (ImageSampler, addr=ClampEdge,mip=0,cmp=Never); Vertex:ReadWriteResources[0:0]=Buffer 1876 (ResourceId::1876) (ReadWriteBuffer, addr=Wrap,mip=0,cmp=AlwaysTrue); Vertex:ReadWriteResources[1:0]=Buffer 1882 (ResourceId::1882) (ReadWriteBuffer, addr=Wrap,mip=0,cmp=AlwaysTrue); Vertex:ReadWriteResources[2:0]=Buffer 1888 (ResourceId::1888) (ReadWriteBuffer, addr=Wrap,mip=0,cmp=AlwaysTrue); Vertex:ReadWriteResources[3:0]=Buffer 1894 (ResourceId::1894) (ReadWriteBuffer, addr=Wrap,mip=0,cmp=AlwaysTrue)",0.000000,1.024000
6100,0.307200,1,vkCmdDrawIndexed(),Native Render > Render Pass [clear: Depth] > Native SHADOW.G2D (m: 0 l: 0) > None_0_0_0,Native Render,Native SHADOW.G2D (m: 0 l: 0),0,None_0_0_0,3,1-3,1,Native Previewer GLSL Blend 266 (ResourceId::16579),"rt0:blend=on,mask=RGBA",test=on write=off func=CompareFunction.Greater,rt0=RGBA,rt0=2D Color Attachment 3466 (ResourceId::3466),2D Depth/Stencil Attachment 3470 (ResourceId::3470),"GSTexImage Image (32, 32) pallete: 0 (ResourceId::10416) (ImageSampler, addr=ClampEdge,mip=0,cmp=Never)","Pixel:ReadOnlyResources[0:0]=GSTexImage Image (32, 32) pallete: 0 (ResourceId::10416) (ImageSampler, addr=ClampEdge,mip=0,cmp=Never); Vertex:ReadWriteResources[0:0]=Buffer 1876 (ResourceId::1876) (ReadWriteBuffer, addr=Wrap,mip=0,cmp=AlwaysTrue); Vertex:ReadWriteResources[1:0]=Buffer 1882 (ResourceId::1882) (ReadWriteBuffer, addr=Wrap,mip=0,cmp=AlwaysTrue); Vertex:ReadWriteResources[2:0]=Buffer 1888 (ResourceId::1888) (ReadWriteBuffer, addr=Wrap,mip=0,cmp=AlwaysTrue); Vertex:ReadWriteResources[3:0]=Buffer 1894 (ResourceId::1894) (ReadWriteBuffer, addr=Wrap,mip=0,cmp=AlwaysTrue)",0.000000,1.024000
6108,0.000000,1,vkCmdDrawIndexed(),Native Render > Render Pass [clear: Depth] > Native SHADOW.G2D (m: 0 l: 0) > None_0_0_0,Native Render,Native SHADOW.G2D (m: 0 l: 0),0,None_0_0_0,3,1-3,1,,,,,,,(none),,0.000000,0.000000
6116,0.102400,1,vkCmdDrawIndexed(),Native Render > Render Pass [clear: Depth] > Native SHADOW.G2D (m: 0 l: 0) > None_0_0_0,Native Render,Native SHADOW.G2D (m: 0 l: 0),0,None_0_0_0,3,1-3,1,Native Previewer GLSL Blend 266 (ResourceId::16579),"rt0:blend=on,mask=RGBA",test=on write=off func=CompareFunction.Greater,rt0=RGBA,rt0=2D Color Attachment 3466 (ResourceId::3466),2D Depth/Stencil Attachment 3470 (ResourceId::3470),"GSTexImage Image (32, 32) pallete: 0 (ResourceId::10416) (ImageSampler, addr=ClampEdge,mip=0,cmp=Never)","Pixel:ReadOnlyResources[0:0]=GSTexImage Image (32, 32) pallete: 0 (ResourceId::10416) (ImageSampler, addr=ClampEdge,mip=0,cmp=Never); Vertex:ReadWriteResources[0:0]=Buffer 1876 (ResourceId::1876) (ReadWriteBuffer, addr=Wrap,mip=0,cmp=AlwaysTrue); Vertex:ReadWriteResources[1:0]=Buffer 1882 (ResourceId::1882) (ReadWriteBuffer, addr=Wrap,mip=0,cmp=AlwaysTrue); Vertex:ReadWriteResources[2:0]=Buffer 1888 (ResourceId::1888) (ReadWriteBuffer, addr=Wrap,mip=0,cmp=AlwaysTrue); Vertex:ReadWriteResources[3:0]=Buffer 1894 (ResourceId::1894) (ReadWriteBuffer, addr=Wrap,mip=0,cmp=AlwaysTrue)",0.000000,1.024000
6124,0.000000,1,vkCmdDrawIndexed(),Native Render > Render Pass [clear: Depth] > Native SHADOW.G2D (m: 0 l: 0) > None_0_0_0,Native Render,Native SHADOW.G2D (m: 0 l: 0),0,None_0_0_0,3,1-3,1,,,,,,,(none),,0.000000,0.000000
6132,0.000000,1,vkCmdDrawIndexed(),Native Render > Render Pass [clear: Depth] > Native SHADOW.G2D (m: 0 l: 0) > None_0_0_0,Native Render,Native SHADOW.G2D (m: 0 l: 0),0,None_0_0_0,3,1-3,1,,,,,,,(none),,0.000000,0.000000
6140,0.000000,1,vkCmdDrawIndexed(),Native Render > Render Pass [clear: Depth] > Native SHADOW.G2D (m: 0 l: 0) > None_0_0_0,Native Render,Native SHADOW.G2D (m: 0 l: 0),0,None_0_0_0,3,1-3,1,,,,,,,(none),,0.000000,0.000000
6148,0.307200,1,vkCmdDrawIndexed(),Native Render > Render Pass [clear: Depth] > Native SHADOW.G2D (m: 0 l: 0) > None_0_0_0,Native Render,Native SHADOW.G2D (m: 0 l: 0),0,None_0_0_0,3,1-3,1,Native Previewer GLSL Blend 266 (ResourceId::16579),"rt0:blend=on,mask=RGBA",test=on write=off func=CompareFunction.Greater,rt0=RGBA,rt0=2D Color Attachment 3466 (ResourceId::3466),2D Depth/Stencil Attachment 3470 (ResourceId::3470),"GSTexImage Image (32, 32) pallete: 0 (ResourceId::10416) (ImageSampler, addr=ClampEdge,mip=0,cmp=Never)","Pixel:ReadOnlyResources[0:0]=GSTexImage Image (32, 32) pallete: 0 (ResourceId::10416) (ImageSampler, addr=ClampEdge,mip=0,cmp=Never); Vertex:ReadWriteResources[0:0]=Buffer 1876 (ResourceId::1876) (ReadWriteBuffer, addr=Wrap,mip=0,cmp=AlwaysTrue); Vertex:ReadWriteResources[1:0]=Buffer 1882 (ResourceId::1882) (ReadWriteBuffer, addr=Wrap,mip=0,cmp=AlwaysTrue); Vertex:ReadWriteResources[2:0]=Buffer 1888 (ResourceId::1888) (ReadWriteBuffer, addr=Wrap,mip=0,cmp=AlwaysTrue); Vertex:ReadWriteResources[3:0]=Buffer 1894 (ResourceId::1894) (ReadWriteBuffer, addr=Wrap,mip=0,cmp=AlwaysTrue)",0.000000,1.024000
6156,0.307200,1,vkCmdDrawIndexed(),Native Render > Render Pass [clear: Depth] > Native SHADOW.G2D (m: 0 l: 0) > None_0_0_0,Native Render,Native SHADOW.G2D (m: 0 l: 0),0,None_0_0_0,3,1-3,1,Native Previewer GLSL Blend 266 (ResourceId::16579),"rt0:blend=on,mask=RGBA",test=on write=off func=CompareFunction.Greater,rt0=RGBA,rt0=2D Color Attachment 3466 (ResourceId::3466),2D Depth/Stencil Attachment 3470 (ResourceId::3470),"GSTexImage Image (32, 32) pallete: 0 (ResourceId::10416) (ImageSampler, addr=ClampEdge,mip=0,cmp=Never)","Pixel:ReadOnlyResources[0:0]=GSTexImage Image (32, 32) pallete: 0 (ResourceId::10416) (ImageSampler, addr=ClampEdge,mip=0,cmp=Never); Vertex:ReadWriteResources[0:0]=Buffer 1876 (ResourceId::1876) (ReadWriteBuffer, addr=Wrap,mip=0,cmp=AlwaysTrue); Vertex:ReadWriteResources[1:0]=Buffer 1882 (ResourceId::1882) (ReadWriteBuffer, addr=Wrap,mip=0,cmp=AlwaysTrue); Vertex:ReadWriteResources[2:0]=Buffer 1888 (ResourceId::1888) (ReadWriteBuffer, addr=Wrap,mip=0,cmp=AlwaysTrue); Vertex:ReadWriteResources[3:0]=Buffer 1894 (ResourceId::1894) (ReadWriteBuffer, addr=Wrap,mip=0,cmp=AlwaysTrue)",0.000000,1.024000
6164,0.307200,1,vkCmdDrawIndexed(),Native Render > Render Pass [clear: Depth] > Native SHADOW.G2D (m: 0 l: 0) > None_0_0_0,Native Render,Native SHADOW.G2D (m: 0 l: 0),0,None_0_0_0,3,1-3,1,Native Previewer GLSL Blend 266 (ResourceId::16579),"rt0:blend=on,mask=RGBA",test=on write=off func=CompareFunction.Greater,rt0=RGBA,rt0=2D Color Attachment 3466 (ResourceId::3466),2D Depth/Stencil Attachment 3470 (ResourceId::3470),"GSTexImage Image (32, 32) pallete: 0 (ResourceId::10416) (ImageSampler, addr=ClampEdge,mip=0,cmp=Never)","Pixel:ReadOnlyResources[0:0]=GSTexImage Image (32, 32) pallete: 0 (ResourceId::10416) (ImageSampler, addr=ClampEdge,mip=0,cmp=Never); Vertex:ReadWriteResources[0:0]=Buffer 1876 (ResourceId::1876) (ReadWriteBuffer, addr=Wrap,mip=0,cmp=AlwaysTrue); Vertex:ReadWriteResources[1:0]=Buffer 1882 (ResourceId::1882) (ReadWriteBuffer, addr=Wrap,mip=0,cmp=AlwaysTrue); Vertex:ReadWriteResources[2:0]=Buffer 1888 (ResourceId::1888) (ReadWriteBuffer, addr=Wrap,mip=0,cmp=AlwaysTrue); Vertex:ReadWriteResources[3:0]=Buffer 1894 (ResourceId::1894) (ReadWriteBuffer, addr=Wrap,mip=0,cmp=AlwaysTrue)",0.000000,1.024000
6172,0.000000,1,vkCmdDrawIndexed(),Native Render > Render Pass [clear: Depth] > Native SHADOW.G2D (m: 0 l: 0) > None_0_0_0,Native Render,Native SHADOW.G2D (m: 0 l: 0),0,None_0_0_0,3,1-3,1,,,,,,,(none),,0.000000,0.000000
6180,0.102400,1,vkCmdDrawIndexed(),Native Render > Render Pass [clear: Depth] > Native SHADOW.G2D (m: 0 l: 0) > None_0_0_0,Native Render,Native SHADOW.G2D (m: 0 l: 0),0,None_0_0_0,3,1-3,1,Native Previewer GLSL Blend 266 (ResourceId::16579),"rt0:blend=on,mask=RGBA",test=on write=off func=CompareFunction.Greater,rt0=RGBA,rt0=2D Color Attachment 3466 (ResourceId::3466),2D Depth/Stencil Attachment 3470 (ResourceId::3470),"GSTexImage Image (32, 32) pallete: 0 (ResourceId::10416) (ImageSampler, addr=ClampEdge,mip=0,cmp=Never)","Pixel:ReadOnlyResources[0:0]=GSTexImage Image (32, 32) pallete: 0 (ResourceId::10416) (ImageSampler, addr=ClampEdge,mip=0,cmp=Never); Vertex:ReadWriteResources[0:0]=Buffer 1876 (ResourceId::1876) (ReadWriteBuffer, addr=Wrap,mip=0,cmp=AlwaysTrue); Vertex:ReadWriteResources[1:0]=Buffer 1882 (ResourceId::1882) (ReadWriteBuffer, addr=Wrap,mip=0,cmp=AlwaysTrue); Vertex:ReadWriteResources[2:0]=Buffer 1888 (ResourceId::1888) (ReadWriteBuffer, addr=Wrap,mip=0,cmp=AlwaysTrue); Vertex:ReadWriteResources[3:0]=Buffer 1894 (ResourceId::1894) (ReadWriteBuffer, addr=Wrap,mip=0,cmp=AlwaysTrue)",0.000000,1.024000
6188,0.000000,1,vkCmdDrawIndexed(),Native Render > Render Pass [clear: Depth] > Native SHADOW.G2D (m: 0 l: 0) > None_0_0_0,Native Render,Native SHADOW.G2D (m: 0 l: 0),0,None_0_0_0,3,1-3,1,,,,,,,(none),,0.000000,0.000000
6196,0.921600,1,vkCmdDrawIndexed(),Native Render > Render Pass [clear: Depth] > Native SHADOW.G2D (m: 0 l: 0) > None_0_0_0,Native Render,Native SHADOW.G2D (m: 0 l: 0),0,None_0_0_0,3,1-3,1,Native Previewer GLSL Blend 266 (ResourceId::16579),"rt0:blend=on,mask=RGBA",test=on write=off func=CompareFunction.Greater,rt0=RGBA,rt0=2D Color Attachment 3466 (ResourceId::3466),2D Depth/Stencil Attachment 3470 (ResourceId::3470),"GSTexImage Image (32, 32) pallete: 0 (ResourceId::10416) (ImageSampler, addr=ClampEdge,mip=0,cmp=Never)","Pixel:ReadOnlyResources[0:0]=GSTexImage Image (32, 32) pallete: 0 (ResourceId::10416) (ImageSampler, addr=ClampEdge,mip=0,cmp=Never); Vertex:ReadWriteResources[0:0]=Buffer 1876 (ResourceId::1876) (ReadWriteBuffer, addr=Wrap,mip=0,cmp=AlwaysTrue); Vertex:ReadWriteResources[1:0]=Buffer 1882 (ResourceId::1882) (ReadWriteBuffer, addr=Wrap,mip=0,cmp=AlwaysTrue); Vertex:ReadWriteResources[2:0]=Buffer 1888 (ResourceId::1888) (ReadWriteBuffer, addr=Wrap,mip=0,cmp=AlwaysTrue); Vertex:ReadWriteResources[3:0]=Buffer 1894 (ResourceId::1894) (ReadWriteBuffer, addr=Wrap,mip=0,cmp=AlwaysTrue)",0.000000,9.216000
6204,1.843200,1,vkCmdDrawIndexed(),Native Render > Render Pass [clear: Depth] > Native SHADOW.G2D (m: 0 l: 0) > None_0_0_0,Native Render,Native SHADOW.G2D (m: 0 l: 0),0,None_0_0_0,3,1-3,1,Native Previewer GLSL Blend 266 (ResourceId::16579),"rt0:blend=on,mask=RGBA",test=on write=off func=CompareFunction.Greater,rt0=RGBA,rt0=2D Color Attachment 3466 (ResourceId::3466),2D Depth/Stencil Attachment 3470 (ResourceId::3470),"GSTexImage Image (32, 32) pallete: 0 (ResourceId::10416) (ImageSampler, addr=ClampEdge,mip=0,cmp=Never)","Pixel:ReadOnlyResources[0:0]=GSTexImage Image (32, 32) pallete: 0 (ResourceId::10416) (ImageSampler, addr=ClampEdge,mip=0,cmp=Never); Vertex:ReadWriteResources[0:0]=Buffer 1876 (ResourceId::1876) (ReadWriteBuffer, addr=Wrap,mip=0,cmp=AlwaysTrue); Vertex:ReadWriteResources[1:0]=Buffer 1882 (ResourceId::1882) (ReadWriteBuffer, addr=Wrap,mip=0,cmp=AlwaysTrue); Vertex:ReadWriteResources[2:0]=Buffer 1888 (ResourceId::1888) (ReadWriteBuffer, addr=Wrap,mip=0,cmp=AlwaysTrue); Vertex:ReadWriteResources[3:0]=Buffer 1894 (ResourceId::1894) (ReadWriteBuffer, addr=Wrap,mip=0,cmp=AlwaysTrue)",0.000000,14.336000
6212,2.764800,1,vkCmdDrawIndexed(),Native Render > Render Pass [clear: Depth] > Native SHADOW.G2D (m: 0 l: 0) > None_0_0_0,Native Render,Native SHADOW.G2D (m: 0 l: 0),0,None_0_0_0,3,1-3,1,Native Previewer GLSL Blend 266 (ResourceId::16579),"rt0:blend=on,mask=RGBA",test=on write=off func=CompareFunction.Greater,rt0=RGBA,rt0=2D Color Attachment 3466 (ResourceId::3466),2D Depth/Stencil Attachment 3470 (ResourceId::3470),"GSTexImage Image (32, 32) pallete: 0 (ResourceId::10416) (ImageSampler, addr=ClampEdge,mip=0,cmp=Never)","Pixel:ReadOnlyResources[0:0]=GSTexImage Image (32, 32) pallete: 0 (ResourceId::10416) (ImageSampler, addr=ClampEdge,mip=0,cmp=Never); Vertex:ReadWriteResources[0:0]=Buffer 1876 (ResourceId::1876) (ReadWriteBuffer, addr=Wrap,mip=0,cmp=AlwaysTrue); Vertex:ReadWriteResources[1:0]=Buffer 1882 (ResourceId::1882) (ReadWriteBuffer, addr=Wrap,mip=0,cmp=AlwaysTrue); Vertex:ReadWriteResources[2:0]=Buffer 1888 (ResourceId::1888) (ReadWriteBuffer, addr=Wrap,mip=0,cmp=AlwaysTrue); Vertex:ReadWriteResources[3:0]=Buffer 1894 (ResourceId::1894) (ReadWriteBuffer, addr=Wrap,mip=0,cmp=AlwaysTrue)",0.000000,14.336000
6220,2.355200,1,vkCmdDrawIndexed(),Native Render > Render Pass [clear: Depth] > Native SHADOW.G2D (m: 0 l: 0) > None_0_0_0,Native Render,Native SHADOW.G2D (m: 0 l: 0),0,None_0_0_0,3,1-3,1,Native Previewer GLSL Blend 266 (ResourceId::16579),"rt0:blend=on,mask=RGBA",test=on write=off func=CompareFunction.Greater,rt0=RGBA,rt0=2D Color Attachment 3466 (ResourceId::3466),2D Depth/Stencil Attachment 3470 (ResourceId::3470),"GSTexImage Image (32, 32) pallete: 0 (ResourceId::10416) (ImageSampler, addr=ClampEdge,mip=0,cmp=Never)","Pixel:ReadOnlyResources[0:0]=GSTexImage Image (32, 32) pallete: 0 (ResourceId::10416) (ImageSampler, addr=ClampEdge,mip=0,cmp=Never); Vertex:ReadWriteResources[0:0]=Buffer 1876 (ResourceId::1876) (ReadWriteBuffer, addr=Wrap,mip=0,cmp=AlwaysTrue); Vertex:ReadWriteResources[1:0]=Buffer 1882 (ResourceId::1882) (ReadWriteBuffer, addr=Wrap,mip=0,cmp=AlwaysTrue); Vertex:ReadWriteResources[2:0]=Buffer 1888 (ResourceId::1888) (ReadWriteBuffer, addr=Wrap,mip=0,cmp=AlwaysTrue); Vertex:ReadWriteResources[3:0]=Buffer 1894 (ResourceId::1894) (ReadWriteBuffer, addr=Wrap,mip=0,cmp=AlwaysTrue)",0.000000,13.312000
6228,1.843200,1,vkCmdDrawIndexed(),Native Render > Render Pass [clear: Depth] > Native SHADOW.G2D (m: 0 l: 0) > None_0_0_0,Native Render,Native SHADOW.G2D (m: 0 l: 0),0,None_0_0_0,3,1-3,1,Native Previewer GLSL Blend 266 (ResourceId::16579),"rt0:blend=on,mask=RGBA",test=on write=off func=CompareFunction.Greater,rt0=RGBA,rt0=2D Color Attachment 3466 (ResourceId::3466),2D Depth/Stencil Attachment 3470 (ResourceId::3470),"GSTexImage Image (32, 32) pallete: 0 (ResourceId::10416) (ImageSampler, addr=ClampEdge,mip=0,cmp=Never)","Pixel:ReadOnlyResources[0:0]=GSTexImage Image (32, 32) pallete: 0 (ResourceId::10416) (ImageSampler, addr=ClampEdge,mip=0,cmp=Never); Vertex:ReadWriteResources[0:0]=Buffer 1876 (ResourceId::1876) (ReadWriteBuffer, addr=Wrap,mip=0,cmp=AlwaysTrue); Vertex:ReadWriteResources[1:0]=Buffer 1882 (ResourceId::1882) (ReadWriteBuffer, addr=Wrap,mip=0,cmp=AlwaysTrue); Vertex:ReadWriteResources[2:0]=Buffer 1888 (ResourceId::1888) (ReadWriteBuffer, addr=Wrap,mip=0,cmp=AlwaysTrue); Vertex:ReadWriteResources[3:0]=Buffer 1894 (ResourceId::1894) (ReadWriteBuffer, addr=Wrap,mip=0,cmp=AlwaysTrue)",0.000000,9.216000
6236,0.204800,1,vkCmdDrawIndexed(),Native Render > Render Pass [clear: Depth] > Native SHADOW.G2D (m: 0 l: 0) > None_0_0_0,Native Render,Native SHADOW.G2D (m: 0 l: 0),0,None_0_0_0,3,1-3,1,Native Previewer GLSL Blend 266 (ResourceId::16579),"rt0:blend=on,mask=RGBA",test=on write=off func=CompareFunction.Greater,rt0=RGBA,rt0=2D Color Attachment 3466 (ResourceId::3466),2D Depth/Stencil Attachment 3470 (ResourceId::3470),"GSTexImage Image (32, 32) pallete: 0 (ResourceId::10416) (ImageSampler, addr=ClampEdge,mip=0,cmp=Never)","Pixel:ReadOnlyResources[0:0]=GSTexImage Image (32, 32) pallete: 0 (ResourceId::10416) (ImageSampler, addr=ClampEdge,mip=0,cmp=Never); Vertex:ReadWriteResources[0:0]=Buffer 1876 (ResourceId::1876) (ReadWriteBuffer, addr=Wrap,mip=0,cmp=AlwaysTrue); Vertex:ReadWriteResources[1:0]=Buffer 1882 (ResourceId::1882) (ReadWriteBuffer, addr=Wrap,mip=0,cmp=AlwaysTrue); Vertex:ReadWriteResources[2:0]=Buffer 1888 (ResourceId::1888) (ReadWriteBuffer, addr=Wrap,mip=0,cmp=AlwaysTrue); Vertex:ReadWriteResources[3:0]=Buffer 1894 (ResourceId::1894) (ReadWriteBuffer, addr=Wrap,mip=0,cmp=AlwaysTrue)",0.000000,1.024000
6244,0.102400,1,vkCmdDrawIndexed(),Native Render > Render Pass [clear: Depth] > Native SHADOW.G2D (m: 0 l: 0) > None_0_0_0,Native Render,Native SHADOW.G2D (m: 0 l: 0),0,None_0_0_0,3,1-3,1,Native Previewer GLSL Blend 266 (ResourceId::16579),"rt0:blend=on,mask=RGBA",test=on write=off func=CompareFunction.Greater,rt0=RGBA,rt0=2D Color Attachment 3466 (ResourceId::3466),2D Depth/Stencil Attachment 3470 (ResourceId::3470),"GSTexImage Image (32, 32) pallete: 0 (ResourceId::10416) (ImageSampler, addr=ClampEdge,mip=0,cmp=Never)","Pixel:ReadOnlyResources[0:0]=GSTexImage Image (32, 32) pallete: 0 (ResourceId::10416) (ImageSampler, addr=ClampEdge,mip=0,cmp=Never); Vertex:ReadWriteResources[0:0]=Buffer 1876 (ResourceId::1876) (ReadWriteBuffer, addr=Wrap,mip=0,cmp=AlwaysTrue); Vertex:ReadWriteResources[1:0]=Buffer 1882 (ResourceId::1882) (ReadWriteBuffer, addr=Wrap,mip=0,cmp=AlwaysTrue); Vertex:ReadWriteResources[2:0]=Buffer 1888 (ResourceId::1888) (ReadWriteBuffer, addr=Wrap,mip=0,cmp=AlwaysTrue); Vertex:ReadWriteResources[3:0]=Buffer 1894 (ResourceId::1894) (ReadWriteBuffer, addr=Wrap,mip=0,cmp=AlwaysTrue)",0.000000,1.024000
6252,0.102400,1,vkCmdDrawIndexed(),Native Render > Render Pass [clear: Depth] > Native SHADOW.G2D (m: 0 l: 0) > None_0_0_0,Native Render,Native SHADOW.G2D (m: 0 l: 0),0,None_0_0_0,3,1-3,1,Native Previewer GLSL Blend 266 (ResourceId::16579),"rt0:blend=on,mask=RGBA",test=on write=off func=CompareFunction.Greater,rt0=RGBA,rt0=2D Color Attachment 3466 (ResourceId::3466),2D Depth/Stencil Attachment 3470 (ResourceId::3470),"GSTexImage Image (32, 32) pallete: 0 (ResourceId::10416) (ImageSampler, addr=ClampEdge,mip=0,cmp=Never)","Pixel:ReadOnlyResources[0:0]=GSTexImage Image (32, 32) pallete: 0 (ResourceId::10416) (ImageSampler, addr=ClampEdge,mip=0,cmp=Never); Vertex:ReadWriteResources[0:0]=Buffer 1876 (ResourceId::1876) (ReadWriteBuffer, addr=Wrap,mip=0,cmp=AlwaysTrue); Vertex:ReadWriteResources[1:0]=Buffer 1882 (ResourceId::1882) (ReadWriteBuffer, addr=Wrap,mip=0,cmp=AlwaysTrue); Vertex:ReadWriteResources[2:0]=Buffer 1888 (ResourceId::1888) (ReadWriteBuffer, addr=Wrap,mip=0,cmp=AlwaysTrue); Vertex:ReadWriteResources[3:0]=Buffer 1894 (ResourceId::1894) (ReadWriteBuffer, addr=Wrap,mip=0,cmp=AlwaysTrue)",0.000000,1.024000
6260,0.000000,1,vkCmdDrawIndexed(),Native Render > Render Pass [clear: Depth] > Native SHADOW.G2D (m: 0 l: 0) > None_0_0_0,Native Render,Native SHADOW.G2D (m: 0 l: 0),0,None_0_0_0,3,1-3,1,,,,,,,(none),,0.000000,0.000000
6268,0.102400,1,vkCmdDrawIndexed(),Native Render > Render Pass [clear: Depth] > Native SHADOW.G2D (m: 0 l: 0) > None_0_0_0,Native Render,Native SHADOW.G2D (m: 0 l: 0),0,None_0_0_0,3,1-3,1,Native Previewer GLSL Blend 266 (ResourceId::16579),"rt0:blend=on,mask=RGBA",test=on write=off func=CompareFunction.Greater,rt0=RGBA,rt0=2D Color Attachment 3466 (ResourceId::3466),2D Depth/Stencil Attachment 3470 (ResourceId::3470),"GSTexImage Image (32, 32) pallete: 0 (ResourceId::10416) (ImageSampler, addr=ClampEdge,mip=0,cmp=Never)","Pixel:ReadOnlyResources[0:0]=GSTexImage Image (32, 32) pallete: 0 (ResourceId::10416) (ImageSampler, addr=ClampEdge,mip=0,cmp=Never); Vertex:ReadWriteResources[0:0]=Buffer 1876 (ResourceId::1876) (ReadWriteBuffer, addr=Wrap,mip=0,cmp=AlwaysTrue); Vertex:ReadWriteResources[1:0]=Buffer 1882 (ResourceId::1882) (ReadWriteBuffer, addr=Wrap,mip=0,cmp=AlwaysTrue); Vertex:ReadWriteResources[2:0]=Buffer 1888 (ResourceId::1888) (ReadWriteBuffer, addr=Wrap,mip=0,cmp=AlwaysTrue); Vertex:ReadWriteResources[3:0]=Buffer 1894 (ResourceId::1894) (ReadWriteBuffer, addr=Wrap,mip=0,cmp=AlwaysTrue)",0.000000,1.024000
6276,0.102400,1,vkCmdDrawIndexed(),Native Render > Render Pass [clear: Depth] > Native SHADOW.G2D (m: 0 l: 0) > None_0_0_0,Native Render,Native SHADOW.G2D (m: 0 l: 0),0,None_0_0_0,3,1-3,1,Native Previewer GLSL Blend 266 (ResourceId::16579),"rt0:blend=on,mask=RGBA",test=on write=off func=CompareFunction.Greater,rt0=RGBA,rt0=2D Color Attachment 3466 (ResourceId::3466),2D Depth/Stencil Attachment 3470 (ResourceId::3470),"GSTexImage Image (32, 32) pallete: 0 (ResourceId::10416) (ImageSampler, addr=ClampEdge,mip=0,cmp=Never)","Pixel:ReadOnlyResources[0:0]=GSTexImage Image (32, 32) pallete: 0 (ResourceId::10416) (ImageSampler, addr=ClampEdge,mip=0,cmp=Never); Vertex:ReadWriteResources[0:0]=Buffer 1876 (ResourceId::1876) (ReadWriteBuffer, addr=Wrap,mip=0,cmp=AlwaysTrue); Vertex:ReadWriteResources[1:0]=Buffer 1882 (ResourceId::1882) (ReadWriteBuffer, addr=Wrap,mip=0,cmp=AlwaysTrue); Vertex:ReadWriteResources[2:0]=Buffer 1888 (ResourceId::1888) (ReadWriteBuffer, addr=Wrap,mip=0,cmp=AlwaysTrue); Vertex:ReadWriteResources[3:0]=Buffer 1894 (ResourceId::1894) (ReadWriteBuffer, addr=Wrap,mip=0,cmp=AlwaysTrue)",0.000000,1.024000
6284,0.307200,1,vkCmdDrawIndexed(),Native Render > Render Pass [clear: Depth] > Native SHADOW.G2D (m: 0 l: 0) > None_0_0_0,Native Render,Native SHADOW.G2D (m: 0 l: 0),0,None_0_0_0,3,1-3,1,Native Previewer GLSL Blend 266 (ResourceId::16579),"rt0:blend=on,mask=RGBA",test=on write=off func=CompareFunction.Greater,rt0=RGBA,rt0=2D Color Attachment 3466 (ResourceId::3466),2D Depth/Stencil Attachment 3470 (ResourceId::3470),"GSTexImage Image (32, 32) pallete: 0 (ResourceId::10416) (ImageSampler, addr=ClampEdge,mip=0,cmp=Never)","Pixel:ReadOnlyResources[0:0]=GSTexImage Image (32, 32) pallete: 0 (ResourceId::10416) (ImageSampler, addr=ClampEdge,mip=0,cmp=Never); Vertex:ReadWriteResources[0:0]=Buffer 1876 (ResourceId::1876) (ReadWriteBuffer, addr=Wrap,mip=0,cmp=AlwaysTrue); Vertex:ReadWriteResources[1:0]=Buffer 1882 (ResourceId::1882) (ReadWriteBuffer, addr=Wrap,mip=0,cmp=AlwaysTrue); Vertex:ReadWriteResources[2:0]=Buffer 1888 (ResourceId::1888) (ReadWriteBuffer, addr=Wrap,mip=0,cmp=AlwaysTrue); Vertex:ReadWriteResources[3:0]=Buffer 1894 (ResourceId::1894) (ReadWriteBuffer, addr=Wrap,mip=0,cmp=AlwaysTrue)",0.000000,2.048000
6292,0.409600,1,vkCmdDrawIndexed(),Native Render > Render Pass [clear: Depth] > Native SHADOW.G2D (m: 0 l: 0) > None_0_0_0,Native Render,Native SHADOW.G2D (m: 0 l: 0),0,None_0_0_0,3,1-3,1,Native Previewer GLSL Blend 266 (ResourceId::16579),"rt0:blend=on,mask=RGBA",test=on write=off func=CompareFunction.Greater,rt0=RGBA,rt0=2D Color Attachment 3466 (ResourceId::3466),2D Depth/Stencil Attachment 3470 (ResourceId::3470),"GSTexImage Image (32, 32) pallete: 0 (ResourceId::10416) (ImageSampler, addr=ClampEdge,mip=0,cmp=Never)","Pixel:ReadOnlyResources[0:0]=GSTexImage Image (32, 32) pallete: 0 (ResourceId::10416) (ImageSampler, addr=ClampEdge,mip=0,cmp=Never); Vertex:ReadWriteResources[0:0]=Buffer 1876 (ResourceId::1876) (ReadWriteBuffer, addr=Wrap,mip=0,cmp=AlwaysTrue); Vertex:ReadWriteResources[1:0]=Buffer 1882 (ResourceId::1882) (ReadWriteBuffer, addr=Wrap,mip=0,cmp=AlwaysTrue); Vertex:ReadWriteResources[2:0]=Buffer 1888 (ResourceId::1888) (ReadWriteBuffer, addr=Wrap,mip=0,cmp=AlwaysTrue); Vertex:ReadWriteResources[3:0]=Buffer 1894 (ResourceId::1894) (ReadWriteBuffer, addr=Wrap,mip=0,cmp=AlwaysTrue)",0.000000,1.024000
6300,0.102400,1,vkCmdDrawIndexed(),Native Render > Render Pass [clear: Depth] > Native SHADOW.G2D (m: 0 l: 0) > None_0_0_0,Native Render,Native SHADOW.G2D (m: 0 l: 0),0,None_0_0_0,3,1-3,1,Native Previewer GLSL Blend 266 (ResourceId::16579),"rt0:blend=on,mask=RGBA",test=on write=off func=CompareFunction.Greater,rt0=RGBA,rt0=2D Color Attachment 3466 (ResourceId::3466),2D Depth/Stencil Attachment 3470 (ResourceId::3470),"GSTexImage Image (32, 32) pallete: 0 (ResourceId::10416) (ImageSampler, addr=ClampEdge,mip=0,cmp=Never)","Pixel:ReadOnlyResources[0:0]=GSTexImage Image (32, 32) pallete: 0 (ResourceId::10416) (ImageSampler, addr=ClampEdge,mip=0,cmp=Never); Vertex:ReadWriteResources[0:0]=Buffer 1876 (ResourceId::1876) (ReadWriteBuffer, addr=Wrap,mip=0,cmp=AlwaysTrue); Vertex:ReadWriteResources[1:0]=Buffer 1882 (ResourceId::1882) (ReadWriteBuffer, addr=Wrap,mip=0,cmp=AlwaysTrue); Vertex:ReadWriteResources[2:0]=Buffer 1888 (ResourceId::1888) (ReadWriteBuffer, addr=Wrap,mip=0,cmp=AlwaysTrue); Vertex:ReadWriteResources[3:0]=Buffer 1894 (ResourceId::1894) (ReadWriteBuffer, addr=Wrap,mip=0,cmp=AlwaysTrue)",0.000000,1.024000
6308,0.102400,1,vkCmdDrawIndexed(),Native Render > Render Pass [clear: Depth] > Native SHADOW.G2D (m: 0 l: 0) > None_0_0_0,Native Render,Native SHADOW.G2D (m: 0 l: 0),0,None_0_0_0,3,1-3,1,Native Previewer GLSL Blend 266 (ResourceId::16579),"rt0:blend=on,mask=RGBA",test=on write=off func=CompareFunction.Greater,rt0=RGBA,rt0=2D Color Attachment 3466 (ResourceId::3466),2D Depth/Stencil Attachment 3470 (ResourceId::3470),"GSTexImage Image (32, 32) pallete: 0 (ResourceId::10416) (ImageSampler, addr=ClampEdge,mip=0,cmp=Never)","Pixel:ReadOnlyResources[0:0]=GSTexImage Image (32, 32) pallete: 0 (ResourceId::10416) (ImageSampler, addr=ClampEdge,mip=0,cmp=Never); Vertex:ReadWriteResources[0:0]=Buffer 1876 (ResourceId::1876) (ReadWriteBuffer, addr=Wrap,mip=0,cmp=AlwaysTrue); Vertex:ReadWriteResources[1:0]=Buffer 1882 (ResourceId::1882) (ReadWriteBuffer, addr=Wrap,mip=0,cmp=AlwaysTrue); Vertex:ReadWriteResources[2:0]=Buffer 1888 (ResourceId::1888) (ReadWriteBuffer, addr=Wrap,mip=0,cmp=AlwaysTrue); Vertex:ReadWriteResources[3:0]=Buffer 1894 (ResourceId::1894) (ReadWriteBuffer, addr=Wrap,mip=0,cmp=AlwaysTrue)",0.000000,1.024000
6316,0.102400,1,vkCmdDrawIndexed(),Native Render > Render Pass [clear: Depth] > Native SHADOW.G2D (m: 0 l: 0) > None_0_0_0,Native Render,Native SHADOW.G2D (m: 0 l: 0),0,None_0_0_0,3,1-3,1,Native Previewer GLSL Blend 266 (ResourceId::16579),"rt0:blend=on,mask=RGBA",test=on write=off func=CompareFunction.Greater,rt0=RGBA,rt0=2D Color Attachment 3466 (ResourceId::3466),2D Depth/Stencil Attachment 3470 (ResourceId::3470),"GSTexImage Image (32, 32) pallete: 0 (ResourceId::10416) (ImageSampler, addr=ClampEdge,mip=0,cmp=Never)","Pixel:ReadOnlyResources[0:0]=GSTexImage Image (32, 32) pallete: 0 (ResourceId::10416) (ImageSampler, addr=ClampEdge,mip=0,cmp=Never); Vertex:ReadWriteResources[0:0]=Buffer 1876 (ResourceId::1876) (ReadWriteBuffer, addr=Wrap,mip=0,cmp=AlwaysTrue); Vertex:ReadWriteResources[1:0]=Buffer 1882 (ResourceId::1882) (ReadWriteBuffer, addr=Wrap,mip=0,cmp=AlwaysTrue); Vertex:ReadWriteResources[2:0]=Buffer 1888 (ResourceId::1888) (ReadWriteBuffer, addr=Wrap,mip=0,cmp=AlwaysTrue); Vertex:ReadWriteResources[3:0]=Buffer 1894 (ResourceId::1894) (ReadWriteBuffer, addr=Wrap,mip=0,cmp=AlwaysTrue)",0.000000,1.024000
6324,0.000000,1,vkCmdDrawIndexed(),Native Render > Render Pass [clear: Depth] > Native SHADOW.G2D (m: 0 l: 0) > None_0_0_0,Native Render,Native SHADOW.G2D (m: 0 l: 0),0,None_0_0_0,3,1-3,1,,,,,,,(none),,0.000000,0.000000
6332,0.102400,1,vkCmdDrawIndexed(),Native Render > Render Pass [clear: Depth] > Native SHADOW.G2D (m: 0 l: 0) > None_0_0_0,Native Render,Native SHADOW.G2D (m: 0 l: 0),0,None_0_0_0,3,1-3,1,Native Previewer GLSL Blend 266 (ResourceId::16579),"rt0:blend=on,mask=RGBA",test=on write=off func=CompareFunction.Greater,rt0=RGBA,rt0=2D Color Attachment 3466 (ResourceId::3466),2D Depth/Stencil Attachment 3470 (ResourceId::3470),"GSTexImage Image (32, 32) pallete: 0 (ResourceId::10416) (ImageSampler, addr=ClampEdge,mip=0,cmp=Never)","Pixel:ReadOnlyResources[0:0]=GSTexImage Image (32, 32) pallete: 0 (ResourceId::10416) (ImageSampler, addr=ClampEdge,mip=0,cmp=Never); Vertex:ReadWriteResources[0:0]=Buffer 1876 (ResourceId::1876) (ReadWriteBuffer, addr=Wrap,mip=0,cmp=AlwaysTrue); Vertex:ReadWriteResources[1:0]=Buffer 1882 (ResourceId::1882) (ReadWriteBuffer, addr=Wrap,mip=0,cmp=AlwaysTrue); Vertex:ReadWriteResources[2:0]=Buffer 1888 (ResourceId::1888) (ReadWriteBuffer, addr=Wrap,mip=0,cmp=AlwaysTrue); Vertex:ReadWriteResources[3:0]=Buffer 1894 (ResourceId::1894) (ReadWriteBuffer, addr=Wrap,mip=0,cmp=AlwaysTrue)",0.000000,1.024000
6340,0.000000,1,vkCmdDrawIndexed(),Native Render > Render Pass [clear: Depth] > Native SHADOW.G2D (m: 0 l: 0) > None_0_0_0,Native Render,Native SHADOW.G2D (m: 0 l: 0),0,None_0_0_0,3,1-3,1,,,,,,,(none),,0.000000,0.000000
6348,0.204800,1,vkCmdDrawIndexed(),Native Render > Render Pass [clear: Depth] > Native SHADOW.G2D (m: 0 l: 0) > None_0_0_0,Native Render,Native SHADOW.G2D (m: 0 l: 0),0,None_0_0_0,3,1-3,1,Native Previewer GLSL Blend 266 (ResourceId::16579),"rt0:blend=on,mask=RGBA",test=on write=off func=CompareFunction.Greater,rt0=RGBA,rt0=2D Color Attachment 3466 (ResourceId::3466),2D Depth/Stencil Attachment 3470 (ResourceId::3470),"GSTexImage Image (32, 32) pallete: 0 (ResourceId::10416) (ImageSampler, addr=ClampEdge,mip=0,cmp=Never)","Pixel:ReadOnlyResources[0:0]=GSTexImage Image (32, 32) pallete: 0 (ResourceId::10416) (ImageSampler, addr=ClampEdge,mip=0,cmp=Never); Vertex:ReadWriteResources[0:0]=Buffer 1876 (ResourceId::1876) (ReadWriteBuffer, addr=Wrap,mip=0,cmp=AlwaysTrue); Vertex:ReadWriteResources[1:0]=Buffer 1882 (ResourceId::1882) (ReadWriteBuffer, addr=Wrap,mip=0,cmp=AlwaysTrue); Vertex:ReadWriteResources[2:0]=Buffer 1888 (ResourceId::1888) (ReadWriteBuffer, addr=Wrap,mip=0,cmp=AlwaysTrue); Vertex:ReadWriteResources[3:0]=Buffer 1894 (ResourceId::1894) (ReadWriteBuffer, addr=Wrap,mip=0,cmp=AlwaysTrue)",0.000000,1.024000
6356,0.614400,1,vkCmdDrawIndexed(),Native Render > Render Pass [clear: Depth] > Native SHADOW.G2D (m: 0 l: 0) > None_0_0_0,Native Render,Native SHADOW.G2D (m: 0 l: 0),0,None_0_0_0,3,1-3,1,Native Previewer GLSL Blend 266 (ResourceId::16579),"rt0:blend=on,mask=RGBA",test=on write=off func=CompareFunction.Greater,rt0=RGBA,rt0=2D Color Attachment 3466 (ResourceId::3466),2D Depth/Stencil Attachment 3470 (ResourceId::3470),"GSTexImage Image (32, 32) pallete: 0 (ResourceId::10416) (ImageSampler, addr=ClampEdge,mip=0,cmp=Never)","Pixel:ReadOnlyResources[0:0]=GSTexImage Image (32, 32) pallete: 0 (ResourceId::10416) (ImageSampler, addr=ClampEdge,mip=0,cmp=Never); Vertex:ReadWriteResources[0:0]=Buffer 1876 (ResourceId::1876) (ReadWriteBuffer, addr=Wrap,mip=0,cmp=AlwaysTrue); Vertex:ReadWriteResources[1:0]=Buffer 1882 (ResourceId::1882) (ReadWriteBuffer, addr=Wrap,mip=0,cmp=AlwaysTrue); Vertex:ReadWriteResources[2:0]=Buffer 1888 (ResourceId::1888) (ReadWriteBuffer, addr=Wrap,mip=0,cmp=AlwaysTrue); Vertex:ReadWriteResources[3:0]=Buffer 1894 (ResourceId::1894) (ReadWriteBuffer, addr=Wrap,mip=0,cmp=AlwaysTrue)",0.000000,2.048000
6364,0.204800,1,vkCmdDrawIndexed(),Native Render > Render Pass [clear: Depth] > Native SHADOW.G2D (m: 0 l: 0) > None_0_0_0,Native Render,Native SHADOW.G2D (m: 0 l: 0),0,None_0_0_0,3,1-3,1,Native Previewer GLSL Blend 266 (ResourceId::16579),"rt0:blend=on,mask=RGBA",test=on write=off func=CompareFunction.Greater,rt0=RGBA,rt0=2D Color Attachment 3466 (ResourceId::3466),2D Depth/Stencil Attachment 3470 (ResourceId::3470),"GSTexImage Image (32, 32) pallete: 0 (ResourceId::10416) (ImageSampler, addr=ClampEdge,mip=0,cmp=Never)","Pixel:ReadOnlyResources[0:0]=GSTexImage Image (32, 32) pallete: 0 (ResourceId::10416) (ImageSampler, addr=ClampEdge,mip=0,cmp=Never); Vertex:ReadWriteResources[0:0]=Buffer 1876 (ResourceId::1876) (ReadWriteBuffer, addr=Wrap,mip=0,cmp=AlwaysTrue); Vertex:ReadWriteResources[1:0]=Buffer 1882 (ResourceId::1882) (ReadWriteBuffer, addr=Wrap,mip=0,cmp=AlwaysTrue); Vertex:ReadWriteResources[2:0]=Buffer 1888 (ResourceId::1888) (ReadWriteBuffer, addr=Wrap,mip=0,cmp=AlwaysTrue); Vertex:ReadWriteResources[3:0]=Buffer 1894 (ResourceId::1894) (ReadWriteBuffer, addr=Wrap,mip=0,cmp=AlwaysTrue)",0.000000,1.024000
6372,0.000000,1,vkCmdDrawIndexed(),Native Render > Render Pass [clear: Depth] > Native SHADOW.G2D (m: 0 l: 0) > None_0_0_0,Native Render,Native SHADOW.G2D (m: 0 l: 0),0,None_0_0_0,3,1-3,1,,,,,,,(none),,0.000000,0.000000
6380,0.102400,1,vkCmdDrawIndexed(),Native Render > Render Pass [clear: Depth] > Native SHADOW.G2D (m: 0 l: 0) > None_0_0_0,Native Render,Native SHADOW.G2D (m: 0 l: 0),0,None_0_0_0,3,1-3,1,Native Previewer GLSL Blend 266 (ResourceId::16579),"rt0:blend=on,mask=RGBA",test=on write=off func=CompareFunction.Greater,rt0=RGBA,rt0=2D Color Attachment 3466 (ResourceId::3466),2D Depth/Stencil Attachment 3470 (ResourceId::3470),"GSTexImage Image (32, 32) pallete: 0 (ResourceId::10416) (ImageSampler, addr=ClampEdge,mip=0,cmp=Never)","Pixel:ReadOnlyResources[0:0]=GSTexImage Image (32, 32) pallete: 0 (ResourceId::10416) (ImageSampler, addr=ClampEdge,mip=0,cmp=Never); Vertex:ReadWriteResources[0:0]=Buffer 1876 (ResourceId::1876) (ReadWriteBuffer, addr=Wrap,mip=0,cmp=AlwaysTrue); Vertex:ReadWriteResources[1:0]=Buffer 1882 (ResourceId::1882) (ReadWriteBuffer, addr=Wrap,mip=0,cmp=AlwaysTrue); Vertex:ReadWriteResources[2:0]=Buffer 1888 (ResourceId::1888) (ReadWriteBuffer, addr=Wrap,mip=0,cmp=AlwaysTrue); Vertex:ReadWriteResources[3:0]=Buffer 1894 (ResourceId::1894) (ReadWriteBuffer, addr=Wrap,mip=0,cmp=AlwaysTrue)",0.000000,1.024000
6388,0.000000,1,vkCmdDrawIndexed(),Native Render > Render Pass [clear: Depth] > Native SHADOW.G2D (m: 0 l: 0) > None_0_0_0,Native Render,Native SHADOW.G2D (m: 0 l: 0),0,None_0_0_0,3,1-3,1,,,,,,,(none),,0.000000,0.000000
6396,0.102400,1,vkCmdDrawIndexed(),Native Render > Render Pass [clear: Depth] > Native SHADOW.G2D (m: 0 l: 0) > None_0_0_0,Native Render,Native SHADOW.G2D (m: 0 l: 0),0,None_0_0_0,3,1-3,1,Native Previewer GLSL Blend 266 (ResourceId::16579),"rt0:blend=on,mask=RGBA",test=on write=off func=CompareFunction.Greater,rt0=RGBA,rt0=2D Color Attachment 3466 (ResourceId::3466),2D Depth/Stencil Attachment 3470 (ResourceId::3470),"GSTexImage Image (32, 32) pallete: 0 (ResourceId::10416) (ImageSampler, addr=ClampEdge,mip=0,cmp=Never)","Pixel:ReadOnlyResources[0:0]=GSTexImage Image (32, 32) pallete: 0 (ResourceId::10416) (ImageSampler, addr=ClampEdge,mip=0,cmp=Never); Vertex:ReadWriteResources[0:0]=Buffer 1876 (ResourceId::1876) (ReadWriteBuffer, addr=Wrap,mip=0,cmp=AlwaysTrue); Vertex:ReadWriteResources[1:0]=Buffer 1882 (ResourceId::1882) (ReadWriteBuffer, addr=Wrap,mip=0,cmp=AlwaysTrue); Vertex:ReadWriteResources[2:0]=Buffer 1888 (ResourceId::1888) (ReadWriteBuffer, addr=Wrap,mip=0,cmp=AlwaysTrue); Vertex:ReadWriteResources[3:0]=Buffer 1894 (ResourceId::1894) (ReadWriteBuffer, addr=Wrap,mip=0,cmp=AlwaysTrue)",0.000000,1.024000
6404,0.000000,1,vkCmdDrawIndexed(),Native Render > Render Pass [clear: Depth] > Native SHADOW.G2D (m: 0 l: 0) > None_0_0_0,Native Render,Native SHADOW.G2D (m: 0 l: 0),0,None_0_0_0,3,1-3,1,,,,,,,(none),,0.000000,0.000000
6412,0.102400,1,vkCmdDrawIndexed(),Native Render > Render Pass [clear: Depth] > Native SHADOW.G2D (m: 0 l: 0) > None_0_0_0,Native Render,Native SHADOW.G2D (m: 0 l: 0),0,None_0_0_0,3,1-3,1,Native Previewer GLSL Blend 266 (ResourceId::16579),"rt0:blend=on,mask=RGBA",test=on write=off func=CompareFunction.Greater,rt0=RGBA,rt0=2D Color Attachment 3466 (ResourceId::3466),2D Depth/Stencil Attachment 3470 (ResourceId::3470),"GSTexImage Image (32, 32) pallete: 0 (ResourceId::10416) (ImageSampler, addr=ClampEdge,mip=0,cmp=Never)","Pixel:ReadOnlyResources[0:0]=GSTexImage Image (32, 32) pallete: 0 (ResourceId::10416) (ImageSampler, addr=ClampEdge,mip=0,cmp=Never); Vertex:ReadWriteResources[0:0]=Buffer 1876 (ResourceId::1876) (ReadWriteBuffer, addr=Wrap,mip=0,cmp=AlwaysTrue); Vertex:ReadWriteResources[1:0]=Buffer 1882 (ResourceId::1882) (ReadWriteBuffer, addr=Wrap,mip=0,cmp=AlwaysTrue); Vertex:ReadWriteResources[2:0]=Buffer 1888 (ResourceId::1888) (ReadWriteBuffer, addr=Wrap,mip=0,cmp=AlwaysTrue); Vertex:ReadWriteResources[3:0]=Buffer 1894 (ResourceId::1894) (ReadWriteBuffer, addr=Wrap,mip=0,cmp=AlwaysTrue)",0.000000,1.024000
6420,0.307200,1,vkCmdDrawIndexed(),Native Render > Render Pass [clear: Depth] > Native SHADOW.G2D (m: 0 l: 0) > None_0_0_0,Native Render,Native SHADOW.G2D (m: 0 l: 0),0,None_0_0_0,3,1-3,1,Native Previewer GLSL Blend 266 (ResourceId::16579),"rt0:blend=on,mask=RGBA",test=on write=off func=CompareFunction.Greater,rt0=RGBA,rt0=2D Color Attachment 3466 (ResourceId::3466),2D Depth/Stencil Attachment 3470 (ResourceId::3470),"GSTexImage Image (32, 32) pallete: 0 (ResourceId::10416) (ImageSampler, addr=ClampEdge,mip=0,cmp=Never)","Pixel:ReadOnlyResources[0:0]=GSTexImage Image (32, 32) pallete: 0 (ResourceId::10416) (ImageSampler, addr=ClampEdge,mip=0,cmp=Never); Vertex:ReadWriteResources[0:0]=Buffer 1876 (ResourceId::1876) (ReadWriteBuffer, addr=Wrap,mip=0,cmp=AlwaysTrue); Vertex:ReadWriteResources[1:0]=Buffer 1882 (ResourceId::1882) (ReadWriteBuffer, addr=Wrap,mip=0,cmp=AlwaysTrue); Vertex:ReadWriteResources[2:0]=Buffer 1888 (ResourceId::1888) (ReadWriteBuffer, addr=Wrap,mip=0,cmp=AlwaysTrue); Vertex:ReadWriteResources[3:0]=Buffer 1894 (ResourceId::1894) (ReadWriteBuffer, addr=Wrap,mip=0,cmp=AlwaysTrue)",0.000000,1.024000
6428,0.409600,1,vkCmdDrawIndexed(),Native Render > Render Pass [clear: Depth] > Native SHADOW.G2D (m: 0 l: 0) > None_0_0_0,Native Render,Native SHADOW.G2D (m: 0 l: 0),0,None_0_0_0,3,1-3,1,Native Previewer GLSL Blend 266 (ResourceId::16579),"rt0:blend=on,mask=RGBA",test=on write=off func=CompareFunction.Greater,rt0=RGBA,rt0=2D Color Attachment 3466 (ResourceId::3466),2D Depth/Stencil Attachment 3470 (ResourceId::3470),"GSTexImage Image (32, 32) pallete: 0 (ResourceId::10416) (ImageSampler, addr=ClampEdge,mip=0,cmp=Never)","Pixel:ReadOnlyResources[0:0]=GSTexImage Image (32, 32) pallete: 0 (ResourceId::10416) (ImageSampler, addr=ClampEdge,mip=0,cmp=Never); Vertex:ReadWriteResources[0:0]=Buffer 1876 (ResourceId::1876) (ReadWriteBuffer, addr=Wrap,mip=0,cmp=AlwaysTrue); Vertex:ReadWriteResources[1:0]=Buffer 1882 (ResourceId::1882) (ReadWriteBuffer, addr=Wrap,mip=0,cmp=AlwaysTrue); Vertex:ReadWriteResources[2:0]=Buffer 1888 (ResourceId::1888) (ReadWriteBuffer, addr=Wrap,mip=0,cmp=AlwaysTrue); Vertex:ReadWriteResources[3:0]=Buffer 1894 (ResourceId::1894) (ReadWriteBuffer, addr=Wrap,mip=0,cmp=AlwaysTrue)",0.000000,1.024000
6436,0.000000,1,vkCmdDrawIndexed(),Native Render > Render Pass [clear: Depth] > Native SHADOW.G2D (m: 0 l: 0) > None_0_0_0,Native Render,Native SHADOW.G2D (m: 0 l: 0),0,None_0_0_0,3,1-3,1,,,,,,,(none),,0.000000,0.000000
6444,0.102400,1,vkCmdDrawIndexed(),Native Render > Render Pass [clear: Depth] > Native SHADOW.G2D (m: 0 l: 0) > None_0_0_0,Native Render,Native SHADOW.G2D (m: 0 l: 0),0,None_0_0_0,3,1-3,1,Native Previewer GLSL Blend 266 (ResourceId::16579),"rt0:blend=on,mask=RGBA",test=on write=off func=CompareFunction.Greater,rt0=RGBA,rt0=2D Color Attachment 3466 (ResourceId::3466),2D Depth/Stencil Attachment 3470 (ResourceId::3470),"GSTexImage Image (32, 32) pallete: 0 (ResourceId::10416) (ImageSampler, addr=ClampEdge,mip=0,cmp=Never)","Pixel:ReadOnlyResources[0:0]=GSTexImage Image (32, 32) pallete: 0 (ResourceId::10416) (ImageSampler, addr=ClampEdge,mip=0,cmp=Never); Vertex:ReadWriteResources[0:0]=Buffer 1876 (ResourceId::1876) (ReadWriteBuffer, addr=Wrap,mip=0,cmp=AlwaysTrue); Vertex:ReadWriteResources[1:0]=Buffer 1882 (ResourceId::1882) (ReadWriteBuffer, addr=Wrap,mip=0,cmp=AlwaysTrue); Vertex:ReadWriteResources[2:0]=Buffer 1888 (ResourceId::1888) (ReadWriteBuffer, addr=Wrap,mip=0,cmp=AlwaysTrue); Vertex:ReadWriteResources[3:0]=Buffer 1894 (ResourceId::1894) (ReadWriteBuffer, addr=Wrap,mip=0,cmp=AlwaysTrue)",0.000000,1.024000
6452,0.000000,1,vkCmdDrawIndexed(),Native Render > Render Pass [clear: Depth] > Native SHADOW.G2D (m: 0 l: 0) > None_0_0_0,Native Render,Native SHADOW.G2D (m: 0 l: 0),0,None_0_0_0,3,1-3,1,,,,,,,(none),,0.000000,0.000000
6460,0.102400,1,vkCmdDrawIndexed(),Native Render > Render Pass [clear: Depth] > Native SHADOW.G2D (m: 0 l: 0) > None_0_0_0,Native Render,Native SHADOW.G2D (m: 0 l: 0),0,None_0_0_0,3,1-3,1,Native Previewer GLSL Blend 266 (ResourceId::16579),"rt0:blend=on,mask=RGBA",test=on write=off func=CompareFunction.Greater,rt0=RGBA,rt0=2D Color Attachment 3466 (ResourceId::3466),2D Depth/Stencil Attachment 3470 (ResourceId::3470),"GSTexImage Image (32, 32) pallete: 0 (ResourceId::10416) (ImageSampler, addr=ClampEdge,mip=0,cmp=Never)","Pixel:ReadOnlyResources[0:0]=GSTexImage Image (32, 32) pallete: 0 (ResourceId::10416) (ImageSampler, addr=ClampEdge,mip=0,cmp=Never); Vertex:ReadWriteResources[0:0]=Buffer 1876 (ResourceId::1876) (ReadWriteBuffer, addr=Wrap,mip=0,cmp=AlwaysTrue); Vertex:ReadWriteResources[1:0]=Buffer 1882 (ResourceId::1882) (ReadWriteBuffer, addr=Wrap,mip=0,cmp=AlwaysTrue); Vertex:ReadWriteResources[2:0]=Buffer 1888 (ResourceId::1888) (ReadWriteBuffer, addr=Wrap,mip=0,cmp=AlwaysTrue); Vertex:ReadWriteResources[3:0]=Buffer 1894 (ResourceId::1894) (ReadWriteBuffer, addr=Wrap,mip=0,cmp=AlwaysTrue)",0.000000,1.024000
6468,0.102400,1,vkCmdDrawIndexed(),Native Render > Render Pass [clear: Depth] > Native SHADOW.G2D (m: 0 l: 0) > None_0_0_0,Native Render,Native SHADOW.G2D (m: 0 l: 0),0,None_0_0_0,3,1-3,1,Native Previewer GLSL Blend 266 (ResourceId::16579),"rt0:blend=on,mask=RGBA",test=on write=off func=CompareFunction.Greater,rt0=RGBA,rt0=2D Color Attachment 3466 (ResourceId::3466),2D Depth/Stencil Attachment 3470 (ResourceId::3470),"GSTexImage Image (32, 32) pallete: 0 (ResourceId::10416) (ImageSampler, addr=ClampEdge,mip=0,cmp=Never)","Pixel:ReadOnlyResources[0:0]=GSTexImage Image (32, 32) pallete: 0 (ResourceId::10416) (ImageSampler, addr=ClampEdge,mip=0,cmp=Never); Vertex:ReadWriteResources[0:0]=Buffer 1876 (ResourceId::1876) (ReadWriteBuffer, addr=Wrap,mip=0,cmp=AlwaysTrue); Vertex:ReadWriteResources[1:0]=Buffer 1882 (ResourceId::1882) (ReadWriteBuffer, addr=Wrap,mip=0,cmp=AlwaysTrue); Vertex:ReadWriteResources[2:0]=Buffer 1888 (ResourceId::1888) (ReadWriteBuffer, addr=Wrap,mip=0,cmp=AlwaysTrue); Vertex:ReadWriteResources[3:0]=Buffer 1894 (ResourceId::1894) (ReadWriteBuffer, addr=Wrap,mip=0,cmp=AlwaysTrue)",0.000000,1.024000
6476,0.102400,1,vkCmdDrawIndexed(),Native Render > Render Pass [clear: Depth] > Native SHADOW.G2D (m: 0 l: 0) > None_0_0_0,Native Render,Native SHADOW.G2D (m: 0 l: 0),0,None_0_0_0,3,1-3,1,Native Previewer GLSL Blend 266 (ResourceId::16579),"rt0:blend=on,mask=RGBA",test=on write=off func=CompareFunction.Greater,rt0=RGBA,rt0=2D Color Attachment 3466 (ResourceId::3466),2D Depth/Stencil Attachment 3470 (ResourceId::3470),"GSTexImage Image (32, 32) pallete: 0 (ResourceId::10416) (ImageSampler, addr=ClampEdge,mip=0,cmp=Never)","Pixel:ReadOnlyResources[0:0]=GSTexImage Image (32, 32) pallete: 0 (ResourceId::10416) (ImageSampler, addr=ClampEdge,mip=0,cmp=Never); Vertex:ReadWriteResources[0:0]=Buffer 1876 (ResourceId::1876) (ReadWriteBuffer, addr=Wrap,mip=0,cmp=AlwaysTrue); Vertex:ReadWriteResources[1:0]=Buffer 1882 (ResourceId::1882) (ReadWriteBuffer, addr=Wrap,mip=0,cmp=AlwaysTrue); Vertex:ReadWriteResources[2:0]=Buffer 1888 (ResourceId::1888) (ReadWriteBuffer, addr=Wrap,mip=0,cmp=AlwaysTrue); Vertex:ReadWriteResources[3:0]=Buffer 1894 (ResourceId::1894) (ReadWriteBuffer, addr=Wrap,mip=0,cmp=AlwaysTrue)",0.000000,1.024000
6484,0.307200,1,vkCmdDrawIndexed(),Native Render > Render Pass [clear: Depth] > Native SHADOW.G2D (m: 0 l: 0) > None_0_0_0,Native Render,Native SHADOW.G2D (m: 0 l: 0),0,None_0_0_0,3,1-3,1,Native Previewer GLSL Blend 266 (ResourceId::16579),"rt0:blend=on,mask=RGBA",test=on write=off func=CompareFunction.Greater,rt0=RGBA,rt0=2D Color Attachment 3466 (ResourceId::3466),2D Depth/Stencil Attachment 3470 (ResourceId::3470),"GSTexImage Image (32, 32) pallete: 0 (ResourceId::10416) (ImageSampler, addr=ClampEdge,mip=0,cmp=Never)","Pixel:ReadOnlyResources[0:0]=GSTexImage Image (32, 32) pallete: 0 (ResourceId::10416) (ImageSampler, addr=ClampEdge,mip=0,cmp=Never); Vertex:ReadWriteResources[0:0]=Buffer 1876 (ResourceId::1876) (ReadWriteBuffer, addr=Wrap,mip=0,cmp=AlwaysTrue); Vertex:ReadWriteResources[1:0]=Buffer 1882 (ResourceId::1882) (ReadWriteBuffer, addr=Wrap,mip=0,cmp=AlwaysTrue); Vertex:ReadWriteResources[2:0]=Buffer 1888 (ResourceId::1888) (ReadWriteBuffer, addr=Wrap,mip=0,cmp=AlwaysTrue); Vertex:ReadWriteResources[3:0]=Buffer 1894 (ResourceId::1894) (ReadWriteBuffer, addr=Wrap,mip=0,cmp=AlwaysTrue)",0.000000,1.024000
6492,0.307200,1,vkCmdDrawIndexed(),Native Render > Render Pass [clear: Depth] > Native SHADOW.G2D (m: 0 l: 0) > None_0_0_0,Native Render,Native SHADOW.G2D (m: 0 l: 0),0,None_0_0_0,3,1-3,1,Native Previewer GLSL Blend 266 (ResourceId::16579),"rt0:blend=on,mask=RGBA",test=on write=off func=CompareFunction.Greater,rt0=RGBA,rt0=2D Color Attachment 3466 (ResourceId::3466),2D Depth/Stencil Attachment 3470 (ResourceId::3470),"GSTexImage Image (32, 32) pallete: 0 (ResourceId::10416) (ImageSampler, addr=ClampEdge,mip=0,cmp=Never)","Pixel:ReadOnlyResources[0:0]=GSTexImage Image (32, 32) pallete: 0 (ResourceId::10416) (ImageSampler, addr=ClampEdge,mip=0,cmp=Never); Vertex:ReadWriteResources[0:0]=Buffer 1876 (ResourceId::1876) (ReadWriteBuffer, addr=Wrap,mip=0,cmp=AlwaysTrue); Vertex:ReadWriteResources[1:0]=Buffer 1882 (ResourceId::1882) (ReadWriteBuffer, addr=Wrap,mip=0,cmp=AlwaysTrue); Vertex:ReadWriteResources[2:0]=Buffer 1888 (ResourceId::1888) (ReadWriteBuffer, addr=Wrap,mip=0,cmp=AlwaysTrue); Vertex:ReadWriteResources[3:0]=Buffer 1894 (ResourceId::1894) (ReadWriteBuffer, addr=Wrap,mip=0,cmp=AlwaysTrue)",0.000000,1.024000
6500,0.000000,1,vkCmdDrawIndexed(),Native Render > Render Pass [clear: Depth] > Native SHADOW.G2D (m: 0 l: 0) > None_0_0_0,Native Render,Native SHADOW.G2D (m: 0 l: 0),0,None_0_0_0,3,1-3,1,,,,,,,(none),,0.000000,0.000000
6508,0.102400,1,vkCmdDrawIndexed(),Native Render > Render Pass [clear: Depth] > Native SHADOW.G2D (m: 0 l: 0) > None_0_0_0,Native Render,Native SHADOW.G2D (m: 0 l: 0),0,None_0_0_0,3,1-3,1,Native Previewer GLSL Blend 266 (ResourceId::16579),"rt0:blend=on,mask=RGBA",test=on write=off func=CompareFunction.Greater,rt0=RGBA,rt0=2D Color Attachment 3466 (ResourceId::3466),2D Depth/Stencil Attachment 3470 (ResourceId::3470),"GSTexImage Image (32, 32) pallete: 0 (ResourceId::10416) (ImageSampler, addr=ClampEdge,mip=0,cmp=Never)","Pixel:ReadOnlyResources[0:0]=GSTexImage Image (32, 32) pallete: 0 (ResourceId::10416) (ImageSampler, addr=ClampEdge,mip=0,cmp=Never); Vertex:ReadWriteResources[0:0]=Buffer 1876 (ResourceId::1876) (ReadWriteBuffer, addr=Wrap,mip=0,cmp=AlwaysTrue); Vertex:ReadWriteResources[1:0]=Buffer 1882 (ResourceId::1882) (ReadWriteBuffer, addr=Wrap,mip=0,cmp=AlwaysTrue); Vertex:ReadWriteResources[2:0]=Buffer 1888 (ResourceId::1888) (ReadWriteBuffer, addr=Wrap,mip=0,cmp=AlwaysTrue); Vertex:ReadWriteResources[3:0]=Buffer 1894 (ResourceId::1894) (ReadWriteBuffer, addr=Wrap,mip=0,cmp=AlwaysTrue)",0.000000,1.024000
6516,0.102400,1,vkCmdDrawIndexed(),Native Render > Render Pass [clear: Depth] > Native SHADOW.G2D (m: 0 l: 0) > None_0_0_0,Native Render,Native SHADOW.G2D (m: 0 l: 0),0,None_0_0_0,3,1-3,1,Native Previewer GLSL Blend 266 (ResourceId::16579),"rt0:blend=on,mask=RGBA",test=on write=off func=CompareFunction.Greater,rt0=RGBA,rt0=2D Color Attachment 3466 (ResourceId::3466),2D Depth/Stencil Attachment 3470 (ResourceId::3470),"GSTexImage Image (32, 32) pallete: 0 (ResourceId::10416) (ImageSampler, addr=ClampEdge,mip=0,cmp=Never)","Pixel:ReadOnlyResources[0:0]=GSTexImage Image (32, 32) pallete: 0 (ResourceId::10416) (ImageSampler, addr=ClampEdge,mip=0,cmp=Never); Vertex:ReadWriteResources[0:0]=Buffer 1876 (ResourceId::1876) (ReadWriteBuffer, addr=Wrap,mip=0,cmp=AlwaysTrue); Vertex:ReadWriteResources[1:0]=Buffer 1882 (ResourceId::1882) (ReadWriteBuffer, addr=Wrap,mip=0,cmp=AlwaysTrue); Vertex:ReadWriteResources[2:0]=Buffer 1888 (ResourceId::1888) (ReadWriteBuffer, addr=Wrap,mip=0,cmp=AlwaysTrue); Vertex:ReadWriteResources[3:0]=Buffer 1894 (ResourceId::1894) (ReadWriteBuffer, addr=Wrap,mip=0,cmp=AlwaysTrue)",0.000000,1.024000
6524,0.102400,1,vkCmdDrawIndexed(),Native Render > Render Pass [clear: Depth] > Native SHADOW.G2D (m: 0 l: 0) > None_0_0_0,Native Render,Native SHADOW.G2D (m: 0 l: 0),0,None_0_0_0,3,1-3,1,Native Previewer GLSL Blend 266 (ResourceId::16579),"rt0:blend=on,mask=RGBA",test=on write=off func=CompareFunction.Greater,rt0=RGBA,rt0=2D Color Attachment 3466 (ResourceId::3466),2D Depth/Stencil Attachment 3470 (ResourceId::3470),"GSTexImage Image (32, 32) pallete: 0 (ResourceId::10416) (ImageSampler, addr=ClampEdge,mip=0,cmp=Never)","Pixel:ReadOnlyResources[0:0]=GSTexImage Image (32, 32) pallete: 0 (ResourceId::10416) (ImageSampler, addr=ClampEdge,mip=0,cmp=Never); Vertex:ReadWriteResources[0:0]=Buffer 1876 (ResourceId::1876) (ReadWriteBuffer, addr=Wrap,mip=0,cmp=AlwaysTrue); Vertex:ReadWriteResources[1:0]=Buffer 1882 (ResourceId::1882) (ReadWriteBuffer, addr=Wrap,mip=0,cmp=AlwaysTrue); Vertex:ReadWriteResources[2:0]=Buffer 1888 (ResourceId::1888) (ReadWriteBuffer, addr=Wrap,mip=0,cmp=AlwaysTrue); Vertex:ReadWriteResources[3:0]=Buffer 1894 (ResourceId::1894) (ReadWriteBuffer, addr=Wrap,mip=0,cmp=AlwaysTrue)",0.000000,1.024000
6532,0.000000,1,vkCmdDrawIndexed(),Native Render > Render Pass [clear: Depth] > Native SHADOW.G2D (m: 0 l: 0) > None_0_0_0,Native Render,Native SHADOW.G2D (m: 0 l: 0),0,None_0_0_0,3,1-3,1,,,,,,,(none),,0.000000,0.000000
6540,0.102400,1,vkCmdDrawIndexed(),Native Render > Render Pass [clear: Depth] > Native SHADOW.G2D (m: 0 l: 0) > None_0_0_0,Native Render,Native SHADOW.G2D (m: 0 l: 0),0,None_0_0_0,3,1-3,1,Native Previewer GLSL Blend 266 (ResourceId::16579),"rt0:blend=on,mask=RGBA",test=on write=off func=CompareFunction.Greater,rt0=RGBA,rt0=2D Color Attachment 3466 (ResourceId::3466),2D Depth/Stencil Attachment 3470 (ResourceId::3470),"GSTexImage Image (32, 32) pallete: 0 (ResourceId::10416) (ImageSampler, addr=ClampEdge,mip=0,cmp=Never)","Pixel:ReadOnlyResources[0:0]=GSTexImage Image (32, 32) pallete: 0 (ResourceId::10416) (ImageSampler, addr=ClampEdge,mip=0,cmp=Never); Vertex:ReadWriteResources[0:0]=Buffer 1876 (ResourceId::1876) (ReadWriteBuffer, addr=Wrap,mip=0,cmp=AlwaysTrue); Vertex:ReadWriteResources[1:0]=Buffer 1882 (ResourceId::1882) (ReadWriteBuffer, addr=Wrap,mip=0,cmp=AlwaysTrue); Vertex:ReadWriteResources[2:0]=Buffer 1888 (ResourceId::1888) (ReadWriteBuffer, addr=Wrap,mip=0,cmp=AlwaysTrue); Vertex:ReadWriteResources[3:0]=Buffer 1894 (ResourceId::1894) (ReadWriteBuffer, addr=Wrap,mip=0,cmp=AlwaysTrue)",0.000000,1.024000
6551,0.000000,1,vkCmdDrawIndexed(),Native Render > Render Pass [clear: Depth] > Native NEW_BONUS_ANI.G2D (m: 0 l: 0) > Sprite - Material Index: 112 Texture: NEW_BONUS_ANI.G2D (m: 0 l: 0),Native Render,Native NEW_BONUS_ANI.G2D (m: 0 l: 0),0,Sprite - Material Index: 112 Texture: NEW_BONUS_ANI.G2D (m: 0 l: 0),720,257-1024,1,,,,,,,(none),,0.000000,0.000000
6560,0.102400,1,vkCmdDrawIndexed(),Native Render > Render Pass [clear: Depth] > Native NEW_BONUS_ANI.G2D (m: 0 l: 0) > Sprite - Material Index: 112 Texture: NEW_BONUS_ANI.G2D (m: 0 l: 0),Native Render,Native NEW_BONUS_ANI.G2D (m: 0 l: 0),0,Sprite - Material Index: 112 Texture: NEW_BONUS_ANI.G2D (m: 0 l: 0),720,257-1024,1,Native Previewer GLSL Blend 275 (ResourceId::16816),"rt0:blend=on,mask=RGBA",test=on write=off func=CompareFunction.Greater,rt0=RGBA,rt0=2D Color Attachment 3466 (ResourceId::3466),2D Depth/Stencil Attachment 3470 (ResourceId::3470),"GSTexImage Image (256, 64) pallete: 0 (ResourceId::9488) (ImageSampler, addr=ClampEdge,mip=0,cmp=Never)","Pixel:ReadOnlyResources[0:0]=GSTexImage Image (256, 64) pallete: 0 (ResourceId::9488) (ImageSampler, addr=ClampEdge,mip=0,cmp=Never); Vertex:ReadWriteResources[0:0]=Buffer 1876 (ResourceId::1876) (ReadWriteBuffer, addr=Wrap,mip=0,cmp=AlwaysTrue); Vertex:ReadWriteResources[1:0]=Buffer 1882 (ResourceId::1882) (ReadWriteBuffer, addr=Wrap,mip=0,cmp=AlwaysTrue); Vertex:ReadWriteResources[2:0]=Buffer 1888 (ResourceId::1888) (ReadWriteBuffer, addr=Wrap,mip=0,cmp=AlwaysTrue); Vertex:ReadWriteResources[3:0]=Buffer 1894 (ResourceId::1894) (ReadWriteBuffer, addr=Wrap,mip=0,cmp=AlwaysTrue)",0.000000,1.024000
6569,0.000000,1,vkCmdDrawIndexed(),Native Render > Render Pass [clear: Depth] > Native NEW_BONUS_ANI.G2D (m: 0 l: 0) > Sprite - Material Index: 112 Texture: NEW_BONUS_ANI.G2D (m: 0 l: 0),Native Render,Native NEW_BONUS_ANI.G2D (m: 0 l: 0),0,Sprite - Material Index: 112 Texture: NEW_BONUS_ANI.G2D (m: 0 l: 0),720,257-1024,1,,,,,,,(none),,0.000000,0.000000
6578,0.000000,1,vkCmdDrawIndexed(),Native Render > Render Pass [clear: Depth] > Native NEW_BONUS_ANI.G2D (m: 0 l: 0) > Sprite - Material Index: 112 Texture: NEW_BONUS_ANI.G2D (m: 0 l: 0),Native Render,Native NEW_BONUS_ANI.G2D (m: 0 l: 0),0,Sprite - Material Index: 112 Texture: NEW_BONUS_ANI.G2D (m: 0 l: 0),720,257-1024,1,,,,,,,(none),,0.000000,0.000000
6587,0.000000,1,vkCmdDrawIndexed(),Native Render > Render Pass [clear: Depth] > Native NEW_BONUS_ANI.G2D (m: 0 l: 0) > Sprite - Material Index: 112 Texture: NEW_BONUS_ANI.G2D (m: 0 l: 0),Native Render,Native NEW_BONUS_ANI.G2D (m: 0 l: 0),0,Sprite - Material Index: 112 Texture: NEW_BONUS_ANI.G2D (m: 0 l: 0),720,257-1024,1,,,,,,,(none),,0.000000,0.000000
6596,0.000000,1,vkCmdDrawIndexed(),Native Render > Render Pass [clear: Depth] > Native NEW_BONUS_ANI.G2D (m: 0 l: 0) > Sprite - Material Index: 112 Texture: NEW_BONUS_ANI.G2D (m: 0 l: 0),Native Render,Native NEW_BONUS_ANI.G2D (m: 0 l: 0),0,Sprite - Material Index: 112 Texture: NEW_BONUS_ANI.G2D (m: 0 l: 0),720,257-1024,1,,,,,,,(none),,0.000000,0.000000
6605,0.000000,1,vkCmdDrawIndexed(),Native Render > Render Pass [clear: Depth] > Native NEW_BONUS_ANI.G2D (m: 0 l: 0) > Sprite - Material Index: 112 Texture: NEW_BONUS_ANI.G2D (m: 0 l: 0),Native Render,Native NEW_BONUS_ANI.G2D (m: 0 l: 0),0,Sprite - Material Index: 112 Texture: NEW_BONUS_ANI.G2D (m: 0 l: 0),720,257-1024,1,,,,,,,(none),,0.000000,0.000000
6614,0.102400,1,vkCmdDrawIndexed(),Native Render > Render Pass [clear: Depth] > Native NEW_BONUS_ANI.G2D (m: 0 l: 0) > Sprite - Material Index: 112 Texture: NEW_BONUS_ANI.G2D (m: 0 l: 0),Native Render,Native NEW_BONUS_ANI.G2D (m: 0 l: 0),0,Sprite - Material Index: 112 Texture: NEW_BONUS_ANI.G2D (m: 0 l: 0),18,13-48,1,Native Previewer GLSL Blend 275 (ResourceId::16816),"rt0:blend=on,mask=RGBA",test=on write=off func=CompareFunction.Greater,rt0=RGBA,rt0=2D Color Attachment 3466 (ResourceId::3466),2D Depth/Stencil Attachment 3470 (ResourceId::3470),"GSTexImage Image (256, 64) pallete: 0 (ResourceId::9488) (ImageSampler, addr=ClampEdge,mip=0,cmp=Never)","Pixel:ReadOnlyResources[0:0]=GSTexImage Image (256, 64) pallete: 0 (ResourceId::9488) (ImageSampler, addr=ClampEdge,mip=0,cmp=Never); Vertex:ReadWriteResources[0:0]=Buffer 1876 (ResourceId::1876) (ReadWriteBuffer, addr=Wrap,mip=0,cmp=AlwaysTrue); Vertex:ReadWriteResources[1:0]=Buffer 1882 (ResourceId::1882) (ReadWriteBuffer, addr=Wrap,mip=0,cmp=AlwaysTrue); Vertex:ReadWriteResources[2:0]=Buffer 1888 (ResourceId::1888) (ReadWriteBuffer, addr=Wrap,mip=0,cmp=AlwaysTrue); Vertex:ReadWriteResources[3:0]=Buffer 1894 (ResourceId::1894) (ReadWriteBuffer, addr=Wrap,mip=0,cmp=AlwaysTrue)",0.000000,1.024000
6623,4.403200,1,vkCmdDrawIndexed(),Native Render > Render Pass [clear: Depth] > Native NEW_BONUS_ANI.G2D (m: 0 l: 0) > Sprite - Material Index: 112 Texture: NEW_BONUS_ANI.G2D (m: 0 l: 0),Native Render,Native NEW_BONUS_ANI.G2D (m: 0 l: 0),0,Sprite - Material Index: 112 Texture: NEW_BONUS_ANI.G2D (m: 0 l: 0),36,13-48,1,Native Previewer GLSL Blend 275 (ResourceId::16816),"rt0:blend=on,mask=RGBA",test=on write=off func=CompareFunction.Greater,rt0=RGBA,rt0=2D Color Attachment 3466 (ResourceId::3466),2D Depth/Stencil Attachment 3470 (ResourceId::3470),"GSTexImage Image (256, 64) pallete: 0 (ResourceId::9488) (ImageSampler, addr=ClampEdge,mip=0,cmp=Never)","Pixel:ReadOnlyResources[0:0]=GSTexImage Image (256, 64) pallete: 0 (ResourceId::9488) (ImageSampler, addr=ClampEdge,mip=0,cmp=Never); Vertex:ReadWriteResources[0:0]=Buffer 1876 (ResourceId::1876) (ReadWriteBuffer, addr=Wrap,mip=0,cmp=AlwaysTrue); Vertex:ReadWriteResources[1:0]=Buffer 1882 (ResourceId::1882) (ReadWriteBuffer, addr=Wrap,mip=0,cmp=AlwaysTrue); Vertex:ReadWriteResources[2:0]=Buffer 1888 (ResourceId::1888) (ReadWriteBuffer, addr=Wrap,mip=0,cmp=AlwaysTrue); Vertex:ReadWriteResources[3:0]=Buffer 1894 (ResourceId::1894) (ReadWriteBuffer, addr=Wrap,mip=0,cmp=AlwaysTrue)",1.024000,10.240000
6632,0.000000,1,vkCmdDrawIndexed(),Native Render > Render Pass [clear: Depth] > Native NEW_BONUS_ANI.G2D (m: 0 l: 0) > Sprite - Material Index: 112 Texture: NEW_BONUS_ANI.G2D (m: 0 l: 0),Native Render,Native NEW_BONUS_ANI.G2D (m: 0 l: 0),0,Sprite - Material Index: 112 Texture: NEW_BONUS_ANI.G2D (m: 0 l: 0),42,13-48,1,,,,,,,(none),,0.000000,0.000000
6641,0.000000,1,vkCmdDrawIndexed(),Native Render > Render Pass [clear: Depth] > Native NEW_BONUS_ANI.G2D (m: 0 l: 0) > Sprite - Material Index: 112 Texture: NEW_BONUS_ANI.G2D (m: 0 l: 0),Native Render,Native NEW_BONUS_ANI.G2D (m: 0 l: 0),0,Sprite - Material Index: 112 Texture: NEW_BONUS_ANI.G2D (m: 0 l: 0),72,49-256,1,,,,,,,(none),,0.000000,0.000000
6650,0.000000,1,vkCmdDrawIndexed(),Native Render > Render Pass [clear: Depth] > Native NEW_BONUS_ANI.G2D (m: 0 l: 0) > Sprite - Material Index: 112 Texture: NEW_BONUS_ANI.G2D (m: 0 l: 0),Native Render,Native NEW_BONUS_ANI.G2D (m: 0 l: 0),0,Sprite - Material Index: 112 Texture: NEW_BONUS_ANI.G2D (m: 0 l: 0),36,13-48,1,,,,,,,(none),,0.000000,0.000000
6659,0.000000,1,vkCmdDrawIndexed(),Native Render > Render Pass [clear: Depth] > Native NEW_BONUS_ANI.G2D (m: 0 l: 0) > Sprite - Material Index: 112 Texture: NEW_BONUS_ANI.G2D (m: 0 l: 0),Native Render,Native NEW_BONUS_ANI.G2D (m: 0 l: 0),0,Sprite - Material Index: 112 Texture: NEW_BONUS_ANI.G2D (m: 0 l: 0),48,13-48,1,,,,,,,(none),,0.000000,0.000000
6668,0.000000,1,vkCmdDrawIndexed(),Native Render > Render Pass [clear: Depth] > Native NEW_BONUS_ANI.G2D (m: 0 l: 0) > Sprite - Material Index: 112 Texture: NEW_BONUS_ANI.G2D (m: 0 l: 0),Native Render,Native NEW_BONUS_ANI.G2D (m: 0 l: 0),0,Sprite - Material Index: 112 Texture: NEW_BONUS_ANI.G2D (m: 0 l: 0),54,49-256,1,,,,,,,(none),,0.000000,0.000000
6677,0.000000,1,vkCmdDrawIndexed(),Native Render > Render Pass [clear: Depth] > Native NEW_BONUS_ANI.G2D (m: 0 l: 0) > Sprite - Material Index: 112 Texture: NEW_BONUS_ANI.G2D (m: 0 l: 0),Native Render,Native NEW_BONUS_ANI.G2D (m: 0 l: 0),0,Sprite - Material Index: 112 Texture: NEW_BONUS_ANI.G2D (m: 0 l: 0),24,13-48,1,,,,,,,(none),,0.000000,0.000000
6686,0.000000,1,vkCmdDrawIndexed(),Native Render > Render Pass [clear: Depth] > Native NEW_BONUS_ANI.G2D (m: 0 l: 0) > Sprite - Material Index: 112 Texture: NEW_BONUS_ANI.G2D (m: 0 l: 0),Native Render,Native NEW_BONUS_ANI.G2D (m: 0 l: 0),0,Sprite - Material Index: 112 Texture: NEW_BONUS_ANI.G2D (m: 0 l: 0),30,13-48,1,,,,,,,(none),,0.000000,0.000000
6695,0.000000,1,vkCmdDrawIndexed(),Native Render > Render Pass [clear: Depth] > Native NEW_BONUS_ANI.G2D (m: 0 l: 0) > Sprite - Material Index: 112 Texture: NEW_BONUS_ANI.G2D (m: 0 l: 0),Native Render,Native NEW_BONUS_ANI.G2D (m: 0 l: 0),0,Sprite - Material Index: 112 Texture: NEW_BONUS_ANI.G2D (m: 0 l: 0),24,13-48,1,,,,,,,(none),,0.000000,0.000000
6704,0.000000,1,vkCmdDrawIndexed(),Native Render > Render Pass [clear: Depth] > Native NEW_BONUS_ANI.G2D (m: 0 l: 0) > Sprite - Material Index: 112 Texture: NEW_BONUS_ANI.G2D (m: 0 l: 0),Native Render,Native NEW_BONUS_ANI.G2D (m: 0 l: 0),0,Sprite - Material Index: 112 Texture: NEW_BONUS_ANI.G2D (m: 0 l: 0),36,13-48,1,,,,,,,(none),,0.000000,0.000000
6713,0.000000,1,vkCmdDrawIndexed(),Native Render > Render Pass [clear: Depth] > Native NEW_BONUS_ANI.G2D (m: 0 l: 0) > Sprite - Material Index: 112 Texture: NEW_BONUS_ANI.G2D (m: 0 l: 0),Native Render,Native NEW_BONUS_ANI.G2D (m: 0 l: 0),0,Sprite - Material Index: 112 Texture: NEW_BONUS_ANI.G2D (m: 0 l: 0),42,13-48,1,,,,,,,(none),,0.000000,0.000000
6722,0.000000,1,vkCmdDrawIndexed(),Native Render > Render Pass [clear: Depth] > Native NEW_BONUS_ANI.G2D (m: 0 l: 0) > Sprite - Material Index: 112 Texture: NEW_BONUS_ANI.G2D (m: 0 l: 0),Native Render,Native NEW_BONUS_ANI.G2D (m: 0 l: 0),0,Sprite - Material Index: 112 Texture: NEW_BONUS_ANI.G2D (m: 0 l: 0),30,13-48,1,,,,,,,(none),,0.000000,0.000000
6731,0.000000,1,vkCmdDrawIndexed(),Native Render > Render Pass [clear: Depth] > Native NEW_BONUS_ANI.G2D (m: 0 l: 0) > Sprite - Material Index: 112 Texture: NEW_BONUS_ANI.G2D (m: 0 l: 0),Native Render,Native NEW_BONUS_ANI.G2D (m: 0 l: 0),0,Sprite - Material Index: 112 Texture: NEW_BONUS_ANI.G2D (m: 0 l: 0),48,13-48,1,,,,,,,(none),,0.000000,0.000000
6740,0.000000,1,vkCmdDrawIndexed(),Native Render > Render Pass [clear: Depth] > Native NEW_BONUS_ANI.G2D (m: 0 l: 0) > Sprite - Material Index: 112 Texture: NEW_BONUS_ANI.G2D (m: 0 l: 0),Native Render,Native NEW_BONUS_ANI.G2D (m: 0 l: 0),0,Sprite - Material Index: 112 Texture: NEW_BONUS_ANI.G2D (m: 0 l: 0),36,13-48,1,,,,,,,(none),,0.000000,0.000000
6751,0.512000,1,vkCmdDrawIndexed(),Native Render > Render Pass [clear: Depth] > Native NEW_BONUS_FLARE.G2D (m: 0 l: 0) > Sprite - Material Index: 111 Texture: NEW_BONUS_FLARE.G2D (m: 0 l: 0),Native Render,Native NEW_BONUS_FLARE.G2D (m: 0 l: 0),0,Sprite - Material Index: 111 Texture: NEW_BONUS_FLARE.G2D (m: 0 l: 0),720,257-1024,1,Native Previewer GLSL Blend 311 (ResourceId::16729),"rt0:blend=on,mask=RGBA",test=on write=off func=CompareFunction.Greater,rt0=RGBA,rt0=2D Color Attachment 3466 (ResourceId::3466),2D Depth/Stencil Attachment 3470 (ResourceId::3470),"GSTexImage Image (32, 32) pallete: 0 (ResourceId::9472) (ImageSampler, addr=ClampEdge,mip=0,cmp=Never)","Pixel:ReadOnlyResources[0:0]=GSTexImage Image (32, 32) pallete: 0 (ResourceId::9472) (ImageSampler, addr=ClampEdge,mip=0,cmp=Never); Vertex:ReadWriteResources[0:0]=Buffer 1876 (ResourceId::1876) (ReadWriteBuffer, addr=Wrap,mip=0,cmp=AlwaysTrue); Vertex:ReadWriteResources[1:0]=Buffer 1882 (ResourceId::1882) (ReadWriteBuffer, addr=Wrap,mip=0,cmp=AlwaysTrue); Vertex:ReadWriteResources[2:0]=Buffer 1888 (ResourceId::1888) (ReadWriteBuffer, addr=Wrap,mip=0,cmp=AlwaysTrue); Vertex:ReadWriteResources[3:0]=Buffer 1894 (ResourceId::1894) (ReadWriteBuffer, addr=Wrap,mip=0,cmp=AlwaysTrue)",0.000000,3.072000
6760,1.331200,1,vkCmdDrawIndexed(),Native Render > Render Pass [clear: Depth] > Native NEW_BONUS_FLARE.G2D (m: 0 l: 0) > Sprite - Material Index: 111 Texture: NEW_BONUS_FLARE.G2D (m: 0 l: 0),Native Render,Native NEW_BONUS_FLARE.G2D (m: 0 l: 0),0,Sprite - Material Index: 111 Texture: NEW_BONUS_FLARE.G2D (m: 0 l: 0),720,257-1024,1,Native Previewer GLSL Blend 311 (ResourceId::16729),"rt0:blend=on,mask=RGBA",test=on write=off func=CompareFunction.Greater,rt0=RGBA,rt0=2D Color Attachment 3466 (ResourceId::3466),2D Depth/Stencil Attachment 3470 (ResourceId::3470),"GSTexImage Image (32, 32) pallete: 0 (ResourceId::9472) (ImageSampler, addr=ClampEdge,mip=0,cmp=Never)","Pixel:ReadOnlyResources[0:0]=GSTexImage Image (32, 32) pallete: 0 (ResourceId::9472) (ImageSampler, addr=ClampEdge,mip=0,cmp=Never); Vertex:ReadWriteResources[0:0]=Buffer 1876 (ResourceId::1876) (ReadWriteBuffer, addr=Wrap,mip=0,cmp=AlwaysTrue); Vertex:ReadWriteResources[1:0]=Buffer 1882 (ResourceId::1882) (ReadWriteBuffer, addr=Wrap,mip=0,cmp=AlwaysTrue); Vertex:ReadWriteResources[2:0]=Buffer 1888 (ResourceId::1888) (ReadWriteBuffer, addr=Wrap,mip=0,cmp=AlwaysTrue); Vertex:ReadWriteResources[3:0]=Buffer 1894 (ResourceId::1894) (ReadWriteBuffer, addr=Wrap,mip=0,cmp=AlwaysTrue)",0.000000,6.144000
6769,0.409600,1,vkCmdDrawIndexed(),Native Render > Render Pass [clear: Depth] > Native NEW_BONUS_FLARE.G2D (m: 0 l: 0) > Sprite - Material Index: 111 Texture: NEW_BONUS_FLARE.G2D (m: 0 l: 0),Native Render,Native NEW_BONUS_FLARE.G2D (m: 0 l: 0),0,Sprite - Material Index: 111 Texture: NEW_BONUS_FLARE.G2D (m: 0 l: 0),720,257-1024,1,Native Previewer GLSL Blend 311 (ResourceId::16729),"rt0:blend=on,mask=RGBA",test=on write=off func=CompareFunction.Greater,rt0=RGBA,rt0=2D Color Attachment 3466 (ResourceId::3466),2D Depth/Stencil Attachment 3470 (ResourceId::3470),"GSTexImage Image (32, 32) pallete: 0 (ResourceId::9472) (ImageSampler, addr=ClampEdge,mip=0,cmp=Never)","Pixel:ReadOnlyResources[0:0]=GSTexImage Image (32, 32) pallete: 0 (ResourceId::9472) (ImageSampler, addr=ClampEdge,mip=0,cmp=Never); Vertex:ReadWriteResources[0:0]=Buffer 1876 (ResourceId::1876) (ReadWriteBuffer, addr=Wrap,mip=0,cmp=AlwaysTrue); Vertex:ReadWriteResources[1:0]=Buffer 1882 (ResourceId::1882) (ReadWriteBuffer, addr=Wrap,mip=0,cmp=AlwaysTrue); Vertex:ReadWriteResources[2:0]=Buffer 1888 (ResourceId::1888) (ReadWriteBuffer, addr=Wrap,mip=0,cmp=AlwaysTrue); Vertex:ReadWriteResources[3:0]=Buffer 1894 (ResourceId::1894) (ReadWriteBuffer, addr=Wrap,mip=0,cmp=AlwaysTrue)",0.000000,4.096000
6778,0.102400,1,vkCmdDrawIndexed(),Native Render > Render Pass [clear: Depth] > Native NEW_BONUS_FLARE.G2D (m: 0 l: 0) > Sprite - Material Index: 111 Texture: NEW_BONUS_FLARE.G2D (m: 0 l: 0),Native Render,Native NEW_BONUS_FLARE.G2D (m: 0 l: 0),0,Sprite - Material Index: 111 Texture: NEW_BONUS_FLARE.G2D (m: 0 l: 0),720,257-1024,1,Native Previewer GLSL Blend 311 (ResourceId::16729),"rt0:blend=on,mask=RGBA",test=on write=off func=CompareFunction.Greater,rt0=RGBA,rt0=2D Color Attachment 3466 (ResourceId::3466),2D Depth/Stencil Attachment 3470 (ResourceId::3470),"GSTexImage Image (32, 32) pallete: 0 (ResourceId::9472) (ImageSampler, addr=ClampEdge,mip=0,cmp=Never)","Pixel:ReadOnlyResources[0:0]=GSTexImage Image (32, 32) pallete: 0 (ResourceId::9472) (ImageSampler, addr=ClampEdge,mip=0,cmp=Never); Vertex:ReadWriteResources[0:0]=Buffer 1876 (ResourceId::1876) (ReadWriteBuffer, addr=Wrap,mip=0,cmp=AlwaysTrue); Vertex:ReadWriteResources[1:0]=Buffer 1882 (ResourceId::1882) (ReadWriteBuffer, addr=Wrap,mip=0,cmp=AlwaysTrue); Vertex:ReadWriteResources[2:0]=Buffer 1888 (ResourceId::1888) (ReadWriteBuffer, addr=Wrap,mip=0,cmp=AlwaysTrue); Vertex:ReadWriteResources[3:0]=Buffer 1894 (ResourceId::1894) (ReadWriteBuffer, addr=Wrap,mip=0,cmp=AlwaysTrue)",0.000000,1.024000
6787,1.126400,1,vkCmdDrawIndexed(),Native Render > Render Pass [clear: Depth] > Native NEW_BONUS_FLARE.G2D (m: 0 l: 0) > Sprite - Material Index: 111 Texture: NEW_BONUS_FLARE.G2D (m: 0 l: 0),Native Render,Native NEW_BONUS_FLARE.G2D (m: 0 l: 0),0,Sprite - Material Index: 111 Texture: NEW_BONUS_FLARE.G2D (m: 0 l: 0),720,257-1024,1,Native Previewer GLSL Blend 311 (ResourceId::16729),"rt0:blend=on,mask=RGBA",test=on write=off func=CompareFunction.Greater,rt0=RGBA,rt0=2D Color Attachment 3466 (ResourceId::3466),2D Depth/Stencil Attachment 3470 (ResourceId::3470),"GSTexImage Image (32, 32) pallete: 0 (ResourceId::9472) (ImageSampler, addr=ClampEdge,mip=0,cmp=Never)","Pixel:ReadOnlyResources[0:0]=GSTexImage Image (32, 32) pallete: 0 (ResourceId::9472) (ImageSampler, addr=ClampEdge,mip=0,cmp=Never); Vertex:ReadWriteResources[0:0]=Buffer 1876 (ResourceId::1876) (ReadWriteBuffer, addr=Wrap,mip=0,cmp=AlwaysTrue); Vertex:ReadWriteResources[1:0]=Buffer 1882 (ResourceId::1882) (ReadWriteBuffer, addr=Wrap,mip=0,cmp=AlwaysTrue); Vertex:ReadWriteResources[2:0]=Buffer 1888 (ResourceId::1888) (ReadWriteBuffer, addr=Wrap,mip=0,cmp=AlwaysTrue); Vertex:ReadWriteResources[3:0]=Buffer 1894 (ResourceId::1894) (ReadWriteBuffer, addr=Wrap,mip=0,cmp=AlwaysTrue)",0.000000,9.216000
6796,0.409600,1,vkCmdDrawIndexed(),Native Render > Render Pass [clear: Depth] > Native NEW_BONUS_FLARE.G2D (m: 0 l: 0) > Sprite - Material Index: 111 Texture: NEW_BONUS_FLARE.G2D (m: 0 l: 0),Native Render,Native NEW_BONUS_FLARE.G2D (m: 0 l: 0),0,Sprite - Material Index: 111 Texture: NEW_BONUS_FLARE.G2D (m: 0 l: 0),720,257-1024,1,Native Previewer GLSL Blend 311 (ResourceId::16729),"rt0:blend=on,mask=RGBA",test=on write=off func=CompareFunction.Greater,rt0=RGBA,rt0=2D Color Attachment 3466 (ResourceId::3466),2D Depth/Stencil Attachment 3470 (ResourceId::3470),"GSTexImage Image (32, 32) pallete: 0 (ResourceId::9472) (ImageSampler, addr=ClampEdge,mip=0,cmp=Never)","Pixel:ReadOnlyResources[0:0]=GSTexImage Image (32, 32) pallete: 0 (ResourceId::9472) (ImageSampler, addr=ClampEdge,mip=0,cmp=Never); Vertex:ReadWriteResources[0:0]=Buffer 1876 (ResourceId::1876) (ReadWriteBuffer, addr=Wrap,mip=0,cmp=AlwaysTrue); Vertex:ReadWriteResources[1:0]=Buffer 1882 (ResourceId::1882) (ReadWriteBuffer, addr=Wrap,mip=0,cmp=AlwaysTrue); Vertex:ReadWriteResources[2:0]=Buffer 1888 (ResourceId::1888) (ReadWriteBuffer, addr=Wrap,mip=0,cmp=AlwaysTrue); Vertex:ReadWriteResources[3:0]=Buffer 1894 (ResourceId::1894) (ReadWriteBuffer, addr=Wrap,mip=0,cmp=AlwaysTrue)",0.000000,3.072000
6805,0.204800,1,vkCmdDrawIndexed(),Native Render > Render Pass [clear: Depth] > Native NEW_BONUS_FLARE.G2D (m: 0 l: 0) > Sprite - Material Index: 111 Texture: NEW_BONUS_FLARE.G2D (m: 0 l: 0),Native Render,Native NEW_BONUS_FLARE.G2D (m: 0 l: 0),0,Sprite - Material Index: 111 Texture: NEW_BONUS_FLARE.G2D (m: 0 l: 0),720,257-1024,1,Native Previewer GLSL Blend 311 (ResourceId::16729),"rt0:blend=on,mask=RGBA",test=on write=off func=CompareFunction.Greater,rt0=RGBA,rt0=2D Color Attachment 3466 (ResourceId::3466),2D Depth/Stencil Attachment 3470 (ResourceId::3470),"GSTexImage Image (32, 32) pallete: 0 (ResourceId::9472) (ImageSampler, addr=ClampEdge,mip=0,cmp=Never)","Pixel:ReadOnlyResources[0:0]=GSTexImage Image (32, 32) pallete: 0 (ResourceId::9472) (ImageSampler, addr=ClampEdge,mip=0,cmp=Never); Vertex:ReadWriteResources[0:0]=Buffer 1876 (ResourceId::1876) (ReadWriteBuffer, addr=Wrap,mip=0,cmp=AlwaysTrue); Vertex:ReadWriteResources[1:0]=Buffer 1882 (ResourceId::1882) (ReadWriteBuffer, addr=Wrap,mip=0,cmp=AlwaysTrue); Vertex:ReadWriteResources[2:0]=Buffer 1888 (ResourceId::1888) (ReadWriteBuffer, addr=Wrap,mip=0,cmp=AlwaysTrue); Vertex:ReadWriteResources[3:0]=Buffer 1894 (ResourceId::1894) (ReadWriteBuffer, addr=Wrap,mip=0,cmp=AlwaysTrue)",0.000000,2.048000
6814,0.000000,1,vkCmdDrawIndexed(),Native Render > Render Pass [clear: Depth] > Native NEW_BONUS_FLARE.G2D (m: 0 l: 0) > Sprite - Material Index: 111 Texture: NEW_BONUS_FLARE.G2D (m: 0 l: 0),Native Render,Native NEW_BONUS_FLARE.G2D (m: 0 l: 0),0,Sprite - Material Index: 111 Texture: NEW_BONUS_FLARE.G2D (m: 0 l: 0),18,13-48,1,,,,,,,(none),,0.000000,0.000000
6823,2.150400,1,vkCmdDrawIndexed(),Native Render > Render Pass [clear: Depth] > Native NEW_BONUS_FLARE.G2D (m: 0 l: 0) > Sprite - Material Index: 111 Texture: NEW_BONUS_FLARE.G2D (m: 0 l: 0),Native Render,Native NEW_BONUS_FLARE.G2D (m: 0 l: 0),0,Sprite - Material Index: 111 Texture: NEW_BONUS_FLARE.G2D (m: 0 l: 0),36,13-48,1,Native Previewer GLSL Blend 311 (ResourceId::16729),"rt0:blend=on,mask=RGBA",test=on write=off func=CompareFunction.Greater,rt0=RGBA,rt0=2D Color Attachment 3466 (ResourceId::3466),2D Depth/Stencil Attachment 3470 (ResourceId::3470),"GSTexImage Image (32, 32) pallete: 0 (ResourceId::9472) (ImageSampler, addr=ClampEdge,mip=0,cmp=Never)","Pixel:ReadOnlyResources[0:0]=GSTexImage Image (32, 32) pallete: 0 (ResourceId::9472) (ImageSampler, addr=ClampEdge,mip=0,cmp=Never); Vertex:ReadWriteResources[0:0]=Buffer 1876 (ResourceId::1876) (ReadWriteBuffer, addr=Wrap,mip=0,cmp=AlwaysTrue); Vertex:ReadWriteResources[1:0]=Buffer 1882 (ResourceId::1882) (ReadWriteBuffer, addr=Wrap,mip=0,cmp=AlwaysTrue); Vertex:ReadWriteResources[2:0]=Buffer 1888 (ResourceId::1888) (ReadWriteBuffer, addr=Wrap,mip=0,cmp=AlwaysTrue); Vertex:ReadWriteResources[3:0]=Buffer 1894 (ResourceId::1894) (ReadWriteBuffer, addr=Wrap,mip=0,cmp=AlwaysTrue)",0.000000,8.192000
6832,0.000000,1,vkCmdDrawIndexed(),Native Render > Render Pass [clear: Depth] > Native NEW_BONUS_FLARE.G2D (m: 0 l: 0) > Sprite - Material Index: 111 Texture: NEW_BONUS_FLARE.G2D (m: 0 l: 0),Native Render,Native NEW_BONUS_FLARE.G2D (m: 0 l: 0),0,Sprite - Material Index: 111 Texture: NEW_BONUS_FLARE.G2D (m: 0 l: 0),42,13-48,1,,,,,,,(none),,0.000000,0.000000
6841,0.000000,1,vkCmdDrawIndexed(),Native Render > Render Pass [clear: Depth] > Native NEW_BONUS_FLARE.G2D (m: 0 l: 0) > Sprite - Material Index: 111 Texture: NEW_BONUS_FLARE.G2D (m: 0 l: 0),Native Render,Native NEW_BONUS_FLARE.G2D (m: 0 l: 0),0,Sprite - Material Index: 111 Texture: NEW_BONUS_FLARE.G2D (m: 0 l: 0),72,49-256,1,,,,,,,(none),,0.000000,0.000000
6850,0.000000,1,vkCmdDrawIndexed(),Native Render > Render Pass [clear: Depth] > Native NEW_BONUS_FLARE.G2D (m: 0 l: 0) > Sprite - Material Index: 111 Texture: NEW_BONUS_FLARE.G2D (m: 0 l: 0),Native Render,Native NEW_BONUS_FLARE.G2D (m: 0 l: 0),0,Sprite - Material Index: 111 Texture: NEW_BONUS_FLARE.G2D (m: 0 l: 0),36,13-48,1,,,,,,,(none),,0.000000,0.000000
6859,0.000000,1,vkCmdDrawIndexed(),Native Render > Render Pass [clear: Depth] > Native NEW_BONUS_FLARE.G2D (m: 0 l: 0) > Sprite - Material Index: 111 Texture: NEW_BONUS_FLARE.G2D (m: 0 l: 0),Native Render,Native NEW_BONUS_FLARE.G2D (m: 0 l: 0),0,Sprite - Material Index: 111 Texture: NEW_BONUS_FLARE.G2D (m: 0 l: 0),48,13-48,1,,,,,,,(none),,0.000000,0.000000
6868,0.000000,1,vkCmdDrawIndexed(),Native Render > Render Pass [clear: Depth] > Native NEW_BONUS_FLARE.G2D (m: 0 l: 0) > Sprite - Material Index: 111 Texture: NEW_BONUS_FLARE.G2D (m: 0 l: 0),Native Render,Native NEW_BONUS_FLARE.G2D (m: 0 l: 0),0,Sprite - Material Index: 111 Texture: NEW_BONUS_FLARE.G2D (m: 0 l: 0),54,49-256,1,,,,,,,(none),,0.000000,0.000000
6877,0.102400,1,vkCmdDrawIndexed(),Native Render > Render Pass [clear: Depth] > Native NEW_BONUS_FLARE.G2D (m: 0 l: 0) > Sprite - Material Index: 111 Texture: NEW_BONUS_FLARE.G2D (m: 0 l: 0),Native Render,Native NEW_BONUS_FLARE.G2D (m: 0 l: 0),0,Sprite - Material Index: 111 Texture: NEW_BONUS_FLARE.G2D (m: 0 l: 0),24,13-48,1,Native Previewer GLSL Blend 311 (ResourceId::16729),"rt0:blend=on,mask=RGBA",test=on write=off func=CompareFunction.Greater,rt0=RGBA,rt0=2D Color Attachment 3466 (ResourceId::3466),2D Depth/Stencil Attachment 3470 (ResourceId::3470),"GSTexImage Image (32, 32) pallete: 0 (ResourceId::9472) (ImageSampler, addr=ClampEdge,mip=0,cmp=Never)","Pixel:ReadOnlyResources[0:0]=GSTexImage Image (32, 32) pallete: 0 (ResourceId::9472) (ImageSampler, addr=ClampEdge,mip=0,cmp=Never); Vertex:ReadWriteResources[0:0]=Buffer 1876 (ResourceId::1876) (ReadWriteBuffer, addr=Wrap,mip=0,cmp=AlwaysTrue); Vertex:ReadWriteResources[1:0]=Buffer 1882 (ResourceId::1882) (ReadWriteBuffer, addr=Wrap,mip=0,cmp=AlwaysTrue); Vertex:ReadWriteResources[2:0]=Buffer 1888 (ResourceId::1888) (ReadWriteBuffer, addr=Wrap,mip=0,cmp=AlwaysTrue); Vertex:ReadWriteResources[3:0]=Buffer 1894 (ResourceId::1894) (ReadWriteBuffer, addr=Wrap,mip=0,cmp=AlwaysTrue)",0.000000,1.024000
6886,0.000000,1,vkCmdDrawIndexed(),Native Render > Render Pass [clear: Depth] > Native NEW_BONUS_FLARE.G2D (m: 0 l: 0) > Sprite - Material Index: 111 Texture: NEW_BONUS_FLARE.G2D (m: 0 l: 0),Native Render,Native NEW_BONUS_FLARE.G2D (m: 0 l: 0),0,Sprite - Material Index: 111 Texture: NEW_BONUS_FLARE.G2D (m: 0 l: 0),30,13-48,1,,,,,,,(none),,0.000000,0.000000
6895,0.000000,1,vkCmdDrawIndexed(),Native Render > Render Pass [clear: Depth] > Native NEW_BONUS_FLARE.G2D (m: 0 l: 0) > Sprite - Material Index: 111 Texture: NEW_BONUS_FLARE.G2D (m: 0 l: 0),Native Render,Native NEW_BONUS_FLARE.G2D (m: 0 l: 0),0,Sprite - Material Index: 111 Texture: NEW_BONUS_FLARE.G2D (m: 0 l: 0),24,13-48,1,,,,,,,(none),,0.000000,0.000000
6904,0.000000,1,vkCmdDrawIndexed(),Native Render > Render Pass [clear: Depth] > Native NEW_BONUS_FLARE.G2D (m: 0 l: 0) > Sprite - Material Index: 111 Texture: NEW_BONUS_FLARE.G2D (m: 0 l: 0),Native Render,Native NEW_BONUS_FLARE.G2D (m: 0 l: 0),0,Sprite - Material Index: 111 Texture: NEW_BONUS_FLARE.G2D (m: 0 l: 0),36,13-48,1,,,,,,,(none),,0.000000,0.000000
6913,0.000000,1,vkCmdDrawIndexed(),Native Render > Render Pass [clear: Depth] > Native NEW_BONUS_FLARE.G2D (m: 0 l: 0) > Sprite - Material Index: 111 Texture: NEW_BONUS_FLARE.G2D (m: 0 l: 0),Native Render,Native NEW_BONUS_FLARE.G2D (m: 0 l: 0),0,Sprite - Material Index: 111 Texture: NEW_BONUS_FLARE.G2D (m: 0 l: 0),42,13-48,1,,,,,,,(none),,0.000000,0.000000
6922,116.633600,1,vkCmdDrawIndexed(),Native Render > Render Pass [clear: Depth] > Native NEW_BONUS_FLARE.G2D (m: 0 l: 0) > Sprite - Material Index: 111 Texture: NEW_BONUS_FLARE.G2D (m: 0 l: 0),Native Render,Native NEW_BONUS_FLARE.G2D (m: 0 l: 0),0,Sprite - Material Index: 111 Texture: NEW_BONUS_FLARE.G2D (m: 0 l: 0),30,13-48,1,Native Previewer GLSL Blend 311 (ResourceId::16729),"rt0:blend=on,mask=RGBA",test=on write=off func=CompareFunction.Greater,rt0=RGBA,rt0=2D Color Attachment 3466 (ResourceId::3466),2D Depth/Stencil Attachment 3470 (ResourceId::3470),"GSTexImage Image (32, 32) pallete: 0 (ResourceId::9472) (ImageSampler, addr=ClampEdge,mip=0,cmp=Never)","Pixel:ReadOnlyResources[0:0]=GSTexImage Image (32, 32) pallete: 0 (ResourceId::9472) (ImageSampler, addr=ClampEdge,mip=0,cmp=Never); Vertex:ReadWriteResources[0:0]=Buffer 1876 (ResourceId::1876) (ReadWriteBuffer, addr=Wrap,mip=0,cmp=AlwaysTrue); Vertex:ReadWriteResources[1:0]=Buffer 1882 (ResourceId::1882) (ReadWriteBuffer, addr=Wrap,mip=0,cmp=AlwaysTrue); Vertex:ReadWriteResources[2:0]=Buffer 1888 (ResourceId::1888) (ReadWriteBuffer, addr=Wrap,mip=0,cmp=AlwaysTrue); Vertex:ReadWriteResources[3:0]=Buffer 1894 (ResourceId::1894) (ReadWriteBuffer, addr=Wrap,mip=0,cmp=AlwaysTrue)",0.000000,1166.336000
6931,0.000000,1,vkCmdDrawIndexed(),Native Render > Render Pass [clear: Depth] > Native NEW_BONUS_FLARE.G2D (m: 0 l: 0) > Sprite - Material Index: 111 Texture: NEW_BONUS_FLARE.G2D (m: 0 l: 0),Native Render,Native NEW_BONUS_FLARE.G2D (m: 0 l: 0),0,Sprite - Material Index: 111 Texture: NEW_BONUS_FLARE.G2D (m: 0 l: 0),48,13-48,1,,,,,,,(none),,0.000000,0.000000
6940,0.307200,1,vkCmdDrawIndexed(),Native Render > Render Pass [clear: Depth] > Native NEW_BONUS_FLARE.G2D (m: 0 l: 0) > Sprite - Material Index: 111 Texture: NEW_BONUS_FLARE.G2D (m: 0 l: 0),Native Render,Native NEW_BONUS_FLARE.G2D (m: 0 l: 0),0,Sprite - Material Index: 111 Texture: NEW_BONUS_FLARE.G2D (m: 0 l: 0),36,13-48,1,Native Previewer GLSL Blend 311 (ResourceId::16729),"rt0:blend=on,mask=RGBA",test=on write=off func=CompareFunction.Greater,rt0=RGBA,rt0=2D Color Attachment 3466 (ResourceId::3466),2D Depth/Stencil Attachment 3470 (ResourceId::3470),"GSTexImage Image (32, 32) pallete: 0 (ResourceId::9472) (ImageSampler, addr=ClampEdge,mip=0,cmp=Never)","Pixel:ReadOnlyResources[0:0]=GSTexImage Image (32, 32) pallete: 0 (ResourceId::9472) (ImageSampler, addr=ClampEdge,mip=0,cmp=Never); Vertex:ReadWriteResources[0:0]=Buffer 1876 (ResourceId::1876) (ReadWriteBuffer, addr=Wrap,mip=0,cmp=AlwaysTrue); Vertex:ReadWriteResources[1:0]=Buffer 1882 (ResourceId::1882) (ReadWriteBuffer, addr=Wrap,mip=0,cmp=AlwaysTrue); Vertex:ReadWriteResources[2:0]=Buffer 1888 (ResourceId::1888) (ReadWriteBuffer, addr=Wrap,mip=0,cmp=AlwaysTrue); Vertex:ReadWriteResources[3:0]=Buffer 1894 (ResourceId::1894) (ReadWriteBuffer, addr=Wrap,mip=0,cmp=AlwaysTrue)",0.000000,3.072000
6951,0.000000,1,vkCmdDrawIndexed(),Native Render > Render Pass [clear: Depth] > Native BNS_HALO.G2D (m: 0 l: 0) > None_0_0_0,Native Render,Native BNS_HALO.G2D (m: 0 l: 0),0,None_0_0_0,3,1-3,1,,,,,,,(none),,0.000000,0.000000
6959,0.102400,1,vkCmdDrawIndexed(),Native Render > Render Pass [clear: Depth] > Native BNS_HALO.G2D (m: 0 l: 0) > None_0_0_0,Native Render,Native BNS_HALO.G2D (m: 0 l: 0),0,None_0_0_0,12,4-12,1,Native Previewer GLSL Blend 275 (ResourceId::16816),"rt0:blend=on,mask=RGBA",test=on write=off func=CompareFunction.Greater,rt0=RGBA,rt0=2D Color Attachment 3466 (ResourceId::3466),2D Depth/Stencil Attachment 3470 (ResourceId::3470),"GSTexImage Image (64, 64) pallete: 0 (ResourceId::9456) (ImageSampler, addr=ClampEdge,mip=0,cmp=Never)","Pixel:ReadOnlyResources[0:0]=GSTexImage Image (64, 64) pallete: 0 (ResourceId::9456) (ImageSampler, addr=ClampEdge,mip=0,cmp=Never); Vertex:ReadWriteResources[0:0]=Buffer 1876 (ResourceId::1876) (ReadWriteBuffer, addr=Wrap,mip=0,cmp=AlwaysTrue); Vertex:ReadWriteResources[1:0]=Buffer 1882 (ResourceId::1882) (ReadWriteBuffer, addr=Wrap,mip=0,cmp=AlwaysTrue); Vertex:ReadWriteResources[2:0]=Buffer 1888 (ResourceId::1888) (ReadWriteBuffer, addr=Wrap,mip=0,cmp=AlwaysTrue); Vertex:ReadWriteResources[3:0]=Buffer 1894 (ResourceId::1894) (ReadWriteBuffer, addr=Wrap,mip=0,cmp=AlwaysTrue)",0.000000,1.024000
6967,0.512000,1,vkCmdDrawIndexed(),Native Render > Render Pass [clear: Depth] > Native BNS_HALO.G2D (m: 0 l: 0) > None_0_0_0,Native Render,Native BNS_HALO.G2D (m: 0 l: 0),0,None_0_0_0,3,1-3,1,Native Previewer GLSL Blend 275 (ResourceId::16816),"rt0:blend=on,mask=RGBA",test=on write=off func=CompareFunction.Greater,rt0=RGBA,rt0=2D Color Attachment 3466 (ResourceId::3466),2D Depth/Stencil Attachment 3470 (ResourceId::3470),"GSTexImage Image (64, 64) pallete: 0 (ResourceId::9456) (ImageSampler, addr=ClampEdge,mip=0,cmp=Never)","Pixel:ReadOnlyResources[0:0]=GSTexImage Image (64, 64) pallete: 0 (ResourceId::9456) (ImageSampler, addr=ClampEdge,mip=0,cmp=Never); Vertex:ReadWriteResources[0:0]=Buffer 1876 (ResourceId::1876) (ReadWriteBuffer, addr=Wrap,mip=0,cmp=AlwaysTrue); Vertex:ReadWriteResources[1:0]=Buffer 1882 (ResourceId::1882) (ReadWriteBuffer, addr=Wrap,mip=0,cmp=AlwaysTrue); Vertex:ReadWriteResources[2:0]=Buffer 1888 (ResourceId::1888) (ReadWriteBuffer, addr=Wrap,mip=0,cmp=AlwaysTrue); Vertex:ReadWriteResources[3:0]=Buffer 1894 (ResourceId::1894) (ReadWriteBuffer, addr=Wrap,mip=0,cmp=AlwaysTrue)",0.000000,5.120000
6975,1.433600,1,vkCmdDrawIndexed(),Native Render > Render Pass [clear: Depth] > Native BNS_HALO.G2D (m: 0 l: 0) > None_0_0_0,Native Render,Native BNS_HALO.G2D (m: 0 l: 0),0,None_0_0_0,48,13-48,1,Native Previewer GLSL Blend 275 (ResourceId::16816),"rt0:blend=on,mask=RGBA",test=on write=off func=CompareFunction.Greater,rt0=RGBA,rt0=2D Color Attachment 3466 (ResourceId::3466),2D Depth/Stencil Attachment 3470 (ResourceId::3470),"GSTexImage Image (64, 64) pallete: 0 (ResourceId::9456) (ImageSampler, addr=ClampEdge,mip=0,cmp=Never)","Pixel:ReadOnlyResources[0:0]=GSTexImage Image (64, 64) pallete: 0 (ResourceId::9456) (ImageSampler, addr=ClampEdge,mip=0,cmp=Never); Vertex:ReadWriteResources[0:0]=Buffer 1876 (ResourceId::1876) (ReadWriteBuffer, addr=Wrap,mip=0,cmp=AlwaysTrue); Vertex:ReadWriteResources[1:0]=Buffer 1882 (ResourceId::1882) (ReadWriteBuffer, addr=Wrap,mip=0,cmp=AlwaysTrue); Vertex:ReadWriteResources[2:0]=Buffer 1888 (ResourceId::1888) (ReadWriteBuffer, addr=Wrap,mip=0,cmp=AlwaysTrue); Vertex:ReadWriteResources[3:0]=Buffer 1894 (ResourceId::1894) (ReadWriteBuffer, addr=Wrap,mip=0,cmp=AlwaysTrue)",0.000000,14.336000
6983,1.433600,1,vkCmdDrawIndexed(),Native Render > Render Pass [clear: Depth] > Native BNS_HALO.G2D (m: 0 l: 0) > None_0_0_0,Native Render,Native BNS_HALO.G2D (m: 0 l: 0),0,None_0_0_0,3,1-3,1,Native Previewer GLSL Blend 275 (ResourceId::16816),"rt0:blend=on,mask=RGBA",test=on write=off func=CompareFunction.Greater,rt0=RGBA,rt0=2D Color Attachment 3466 (ResourceId::3466),2D Depth/Stencil Attachment 3470 (ResourceId::3470),"GSTexImage Image (64, 64) pallete: 0 (ResourceId::9456) (ImageSampler, addr=ClampEdge,mip=0,cmp=Never)","Pixel:ReadOnlyResources[0:0]=GSTexImage Image (64, 64) pallete: 0 (ResourceId::9456) (ImageSampler, addr=ClampEdge,mip=0,cmp=Never); Vertex:ReadWriteResources[0:0]=Buffer 1876 (ResourceId::1876) (ReadWriteBuffer, addr=Wrap,mip=0,cmp=AlwaysTrue); Vertex:ReadWriteResources[1:0]=Buffer 1882 (ResourceId::1882) (ReadWriteBuffer, addr=Wrap,mip=0,cmp=AlwaysTrue); Vertex:ReadWriteResources[2:0]=Buffer 1888 (ResourceId::1888) (ReadWriteBuffer, addr=Wrap,mip=0,cmp=AlwaysTrue); Vertex:ReadWriteResources[3:0]=Buffer 1894 (ResourceId::1894) (ReadWriteBuffer, addr=Wrap,mip=0,cmp=AlwaysTrue)",1.024000,2.048000
6991,0.000000,1,vkCmdDrawIndexed(),Native Render > Render Pass [clear: Depth] > Native BNS_HALO.G2D (m: 0 l: 0) > None_0_0_0,Native Render,Native BNS_HALO.G2D (m: 0 l: 0),0,None_0_0_0,36,13-48,1,,,,,,,(none),,0.000000,0.000000
6999,0.000000,1,vkCmdDrawIndexed(),Native Render > Render Pass [clear: Depth] > Native BNS_HALO.G2D (m: 0 l: 0) > None_0_0_0,Native Render,Native BNS_HALO.G2D (m: 0 l: 0),0,None_0_0_0,3,1-3,1,,,,,,,(none),,0.000000,0.000000
7007,25.907200,1,vkCmdDrawIndexed(),Native Render > Render Pass [clear: Depth] > Native BNS_HALO.G2D (m: 0 l: 0) > None_0_0_0,Native Render,Native BNS_HALO.G2D (m: 0 l: 0),0,None_0_0_0,66,49-256,1,Native Previewer GLSL Blend 275 (ResourceId::16816),"rt0:blend=on,mask=RGBA",test=on write=off func=CompareFunction.Greater,rt0=RGBA,rt0=2D Color Attachment 3466 (ResourceId::3466),2D Depth/Stencil Attachment 3470 (ResourceId::3470),"GSTexImage Image (64, 64) pallete: 0 (ResourceId::9456) (ImageSampler, addr=ClampEdge,mip=0,cmp=Never)","Pixel:ReadOnlyResources[0:0]=GSTexImage Image (64, 64) pallete: 0 (ResourceId::9456) (ImageSampler, addr=ClampEdge,mip=0,cmp=Never); Vertex:ReadWriteResources[0:0]=Buffer 1876 (ResourceId::1876) (ReadWriteBuffer, addr=Wrap,mip=0,cmp=AlwaysTrue); Vertex:ReadWriteResources[1:0]=Buffer 1882 (ResourceId::1882) (ReadWriteBuffer, addr=Wrap,mip=0,cmp=AlwaysTrue); Vertex:ReadWriteResources[2:0]=Buffer 1888 (ResourceId::1888) (ReadWriteBuffer, addr=Wrap,mip=0,cmp=AlwaysTrue); Vertex:ReadWriteResources[3:0]=Buffer 1894 (ResourceId::1894) (ReadWriteBuffer, addr=Wrap,mip=0,cmp=AlwaysTrue)",0.000000,259.072000
7015,0.000000,1,vkCmdDrawIndexed(),Native Render > Render Pass [clear: Depth] > Native BNS_HALO.G2D (m: 0 l: 0) > None_0_0_0,Native Render,Native BNS_HALO.G2D (m: 0 l: 0),0,None_0_0_0,3,1-3,1,,,,,,,(none),,0.000000,0.000000
7023,0.000000,1,vkCmdDrawIndexed(),Native Render > Render Pass [clear: Depth] > Native BNS_HALO.G2D (m: 0 l: 0) > None_0_0_0,Native Render,Native BNS_HALO.G2D (m: 0 l: 0),0,None_0_0_0,30,13-48,1,,,,,,,(none),,0.000000,0.000000
7031,0.000000,1,vkCmdDrawIndexed(),Native Render > Render Pass [clear: Depth] > Native BNS_HALO.G2D (m: 0 l: 0) > None_0_0_0,Native Render,Native BNS_HALO.G2D (m: 0 l: 0),0,None_0_0_0,3,1-3,1,,,,,,,(none),,0.000000,0.000000
7039,0.204800,1,vkCmdDrawIndexed(),Native Render > Render Pass [clear: Depth] > Native BNS_HALO.G2D (m: 0 l: 0) > None_0_0_0,Native Render,Native BNS_HALO.G2D (m: 0 l: 0),0,None_0_0_0,42,13-48,1,Native Previewer GLSL Blend 275 (ResourceId::16816),"rt0:blend=on,mask=RGBA",test=on write=off func=CompareFunction.Greater,rt0=RGBA,rt0=2D Color Attachment 3466 (ResourceId::3466),2D Depth/Stencil Attachment 3470 (ResourceId::3470),"GSTexImage Image (64, 64) pallete: 0 (ResourceId::9456) (ImageSampler, addr=ClampEdge,mip=0,cmp=Never)","Pixel:ReadOnlyResources[0:0]=GSTexImage Image (64, 64) pallete: 0 (ResourceId::9456) (ImageSampler, addr=ClampEdge,mip=0,cmp=Never); Vertex:ReadWriteResources[0:0]=Buffer 1876 (ResourceId::1876) (ReadWriteBuffer, addr=Wrap,mip=0,cmp=AlwaysTrue); Vertex:ReadWriteResources[1:0]=Buffer 1882 (ResourceId::1882) (ReadWriteBuffer, addr=Wrap,mip=0,cmp=AlwaysTrue); Vertex:ReadWriteResources[2:0]=Buffer 1888 (ResourceId::1888) (ReadWriteBuffer, addr=Wrap,mip=0,cmp=AlwaysTrue); Vertex:ReadWriteResources[3:0]=Buffer 1894 (ResourceId::1894) (ReadWriteBuffer, addr=Wrap,mip=0,cmp=AlwaysTrue)",0.000000,1.024000
7047,0.000000,1,vkCmdDrawIndexed(),Native Render > Render Pass [clear: Depth] > Native BNS_HALO.G2D (m: 0 l: 0) > None_0_0_0,Native Render,Native BNS_HALO.G2D (m: 0 l: 0),0,None_0_0_0,3,1-3,1,,,,,,,(none),,0.000000,0.000000
7055,0.204800,1,vkCmdDrawIndexed(),Native Render > Render Pass [clear: Depth] > Native BNS_HALO.G2D (m: 0 l: 0) > None_0_0_0,Native Render,Native BNS_HALO.G2D (m: 0 l: 0),0,None_0_0_0,48,13-48,1,Native Previewer GLSL Blend 275 (ResourceId::16816),"rt0:blend=on,mask=RGBA",test=on write=off func=CompareFunction.Greater,rt0=RGBA,rt0=2D Color Attachment 3466 (ResourceId::3466),2D Depth/Stencil Attachment 3470 (ResourceId::3470),"GSTexImage Image (64, 64) pallete: 0 (ResourceId::9456) (ImageSampler, addr=ClampEdge,mip=0,cmp=Never)","Pixel:ReadOnlyResources[0:0]=GSTexImage Image (64, 64) pallete: 0 (ResourceId::9456) (ImageSampler, addr=ClampEdge,mip=0,cmp=Never); Vertex:ReadWriteResources[0:0]=Buffer 1876 (ResourceId::1876) (ReadWriteBuffer, addr=Wrap,mip=0,cmp=AlwaysTrue); Vertex:ReadWriteResources[1:0]=Buffer 1882 (ResourceId::1882) (ReadWriteBuffer, addr=Wrap,mip=0,cmp=AlwaysTrue); Vertex:ReadWriteResources[2:0]=Buffer 1888 (ResourceId::1888) (ReadWriteBuffer, addr=Wrap,mip=0,cmp=AlwaysTrue); Vertex:ReadWriteResources[3:0]=Buffer 1894 (ResourceId::1894) (ReadWriteBuffer, addr=Wrap,mip=0,cmp=AlwaysTrue)",0.000000,1.024000
7063,0.204800,1,vkCmdDrawIndexed(),Native Render > Render Pass [clear: Depth] > Native BNS_HALO.G2D (m: 0 l: 0) > None_0_0_0,Native Render,Native BNS_HALO.G2D (m: 0 l: 0),0,None_0_0_0,3,1-3,1,Native Previewer GLSL Blend 275 (ResourceId::16816),"rt0:blend=on,mask=RGBA",test=on write=off func=CompareFunction.Greater,rt0=RGBA,rt0=2D Color Attachment 3466 (ResourceId::3466),2D Depth/Stencil Attachment 3470 (ResourceId::3470),"GSTexImage Image (64, 64) pallete: 0 (ResourceId::9456) (ImageSampler, addr=ClampEdge,mip=0,cmp=Never)","Pixel:ReadOnlyResources[0:0]=GSTexImage Image (64, 64) pallete: 0 (ResourceId::9456) (ImageSampler, addr=ClampEdge,mip=0,cmp=Never); Vertex:ReadWriteResources[0:0]=Buffer 1876 (ResourceId::1876) (ReadWriteBuffer, addr=Wrap,mip=0,cmp=AlwaysTrue); Vertex:ReadWriteResources[1:0]=Buffer 1882 (ResourceId::1882) (ReadWriteBuffer, addr=Wrap,mip=0,cmp=AlwaysTrue); Vertex:ReadWriteResources[2:0]=Buffer 1888 (ResourceId::1888) (ReadWriteBuffer, addr=Wrap,mip=0,cmp=AlwaysTrue); Vertex:ReadWriteResources[3:0]=Buffer 1894 (ResourceId::1894) (ReadWriteBuffer, addr=Wrap,mip=0,cmp=AlwaysTrue)",0.000000,1.024000
7071,0.000000,1,vkCmdDrawIndexed(),Native Render > Render Pass [clear: Depth] > Native BNS_HALO.G2D (m: 0 l: 0) > None_0_0_0,Native Render,Native BNS_HALO.G2D (m: 0 l: 0),0,None_0_0_0,18,13-48,1,,,,,,,(none),,0.000000,0.000000
7079,0.102400,1,vkCmdDrawIndexed(),Native Render > Render Pass [clear: Depth] > Native BNS_HALO.G2D (m: 0 l: 0) > None_0_0_0,Native Render,Native BNS_HALO.G2D (m: 0 l: 0),0,None_0_0_0,3,1-3,1,Native Previewer GLSL Blend 275 (ResourceId::16816),"rt0:blend=on,mask=RGBA",test=on write=off func=CompareFunction.Greater,rt0=RGBA,rt0=2D Color Attachment 3466 (ResourceId::3466),2D Depth/Stencil Attachment 3470 (ResourceId::3470),"GSTexImage Image (64, 64) pallete: 0 (ResourceId::9456) (ImageSampler, addr=ClampEdge,mip=0,cmp=Never)","Pixel:ReadOnlyResources[0:0]=GSTexImage Image (64, 64) pallete: 0 (ResourceId::9456) (ImageSampler, addr=ClampEdge,mip=0,cmp=Never); Vertex:ReadWriteResources[0:0]=Buffer 1876 (ResourceId::1876) (ReadWriteBuffer, addr=Wrap,mip=0,cmp=AlwaysTrue); Vertex:ReadWriteResources[1:0]=Buffer 1882 (ResourceId::1882) (ReadWriteBuffer, addr=Wrap,mip=0,cmp=AlwaysTrue); Vertex:ReadWriteResources[2:0]=Buffer 1888 (ResourceId::1888) (ReadWriteBuffer, addr=Wrap,mip=0,cmp=AlwaysTrue); Vertex:ReadWriteResources[3:0]=Buffer 1894 (ResourceId::1894) (ReadWriteBuffer, addr=Wrap,mip=0,cmp=AlwaysTrue)",0.000000,1.024000
7087,0.102400,1,vkCmdDrawIndexed(),Native Render > Render Pass [clear: Depth] > Native BNS_HALO.G2D (m: 0 l: 0) > None_0_0_0,Native Render,Native BNS_HALO.G2D (m: 0 l: 0),0,None_0_0_0,24,13-48,1,Native Previewer GLSL Blend 275 (ResourceId::16816),"rt0:blend=on,mask=RGBA",test=on write=off func=CompareFunction.Greater,rt0=RGBA,rt0=2D Color Attachment 3466 (ResourceId::3466),2D Depth/Stencil Attachment 3470 (ResourceId::3470),"GSTexImage Image (64, 64) pallete: 0 (ResourceId::9456) (ImageSampler, addr=ClampEdge,mip=0,cmp=Never)","Pixel:ReadOnlyResources[0:0]=GSTexImage Image (64, 64) pallete: 0 (ResourceId::9456) (ImageSampler, addr=ClampEdge,mip=0,cmp=Never); Vertex:ReadWriteResources[0:0]=Buffer 1876 (ResourceId::1876) (ReadWriteBuffer, addr=Wrap,mip=0,cmp=AlwaysTrue); Vertex:ReadWriteResources[1:0]=Buffer 1882 (ResourceId::1882) (ReadWriteBuffer, addr=Wrap,mip=0,cmp=AlwaysTrue); Vertex:ReadWriteResources[2:0]=Buffer 1888 (ResourceId::1888) (ReadWriteBuffer, addr=Wrap,mip=0,cmp=AlwaysTrue); Vertex:ReadWriteResources[3:0]=Buffer 1894 (ResourceId::1894) (ReadWriteBuffer, addr=Wrap,mip=0,cmp=AlwaysTrue)",0.000000,1.024000
7095,0.102400,1,vkCmdDrawIndexed(),Native Render > Render Pass [clear: Depth] > Native BNS_HALO.G2D (m: 0 l: 0) > None_0_0_0,Native Render,Native BNS_HALO.G2D (m: 0 l: 0),0,None_0_0_0,3,1-3,1,Native Previewer GLSL Blend 275 (ResourceId::16816),"rt0:blend=on,mask=RGBA",test=on write=off func=CompareFunction.Greater,rt0=RGBA,rt0=2D Color Attachment 3466 (ResourceId::3466),2D Depth/Stencil Attachment 3470 (ResourceId::3470),"GSTexImage Image (64, 64) pallete: 0 (ResourceId::9456) (ImageSampler, addr=ClampEdge,mip=0,cmp=Never)","Pixel:ReadOnlyResources[0:0]=GSTexImage Image (64, 64) pallete: 0 (ResourceId::9456) (ImageSampler, addr=ClampEdge,mip=0,cmp=Never); Vertex:ReadWriteResources[0:0]=Buffer 1876 (ResourceId::1876) (ReadWriteBuffer, addr=Wrap,mip=0,cmp=AlwaysTrue); Vertex:ReadWriteResources[1:0]=Buffer 1882 (ResourceId::1882) (ReadWriteBuffer, addr=Wrap,mip=0,cmp=AlwaysTrue); Vertex:ReadWriteResources[2:0]=Buffer 1888 (ResourceId::1888) (ReadWriteBuffer, addr=Wrap,mip=0,cmp=AlwaysTrue); Vertex:ReadWriteResources[3:0]=Buffer 1894 (ResourceId::1894) (ReadWriteBuffer, addr=Wrap,mip=0,cmp=AlwaysTrue)",0.000000,1.024000
7103,0.102400,1,vkCmdDrawIndexed(),Native Render > Render Pass [clear: Depth] > Native BNS_HALO.G2D (m: 0 l: 0) > None_0_0_0,Native Render,Native BNS_HALO.G2D (m: 0 l: 0),0,None_0_0_0,18,13-48,1,Native Previewer GLSL Blend 275 (ResourceId::16816),"rt0:blend=on,mask=RGBA",test=on write=off func=CompareFunction.Greater,rt0=RGBA,rt0=2D Color Attachment 3466 (ResourceId::3466),2D Depth/Stencil Attachment 3470 (ResourceId::3470),"GSTexImage Image (64, 64) pallete: 0 (ResourceId::9456) (ImageSampler, addr=ClampEdge,mip=0,cmp=Never)","Pixel:ReadOnlyResources[0:0]=GSTexImage Image (64, 64) pallete: 0 (ResourceId::9456) (ImageSampler, addr=ClampEdge,mip=0,cmp=Never); Vertex:ReadWriteResources[0:0]=Buffer 1876 (ResourceId::1876) (ReadWriteBuffer, addr=Wrap,mip=0,cmp=AlwaysTrue); Vertex:ReadWriteResources[1:0]=Buffer 1882 (ResourceId::1882) (ReadWriteBuffer, addr=Wrap,mip=0,cmp=AlwaysTrue); Vertex:ReadWriteResources[2:0]=Buffer 1888 (ResourceId::1888) (ReadWriteBuffer, addr=Wrap,mip=0,cmp=AlwaysTrue); Vertex:ReadWriteResources[3:0]=Buffer 1894 (ResourceId::1894) (ReadWriteBuffer, addr=Wrap,mip=0,cmp=AlwaysTrue)",0.000000,1.024000
7111,0.102400,1,vkCmdDrawIndexed(),Native Render > Render Pass [clear: Depth] > Native BNS_HALO.G2D (m: 0 l: 0) > None_0_0_0,Native Render,Native BNS_HALO.G2D (m: 0 l: 0),0,None_0_0_0,3,1-3,1,Native Previewer GLSL Blend 275 (ResourceId::16816),"rt0:blend=on,mask=RGBA",test=on write=off func=CompareFunction.Greater,rt0=RGBA,rt0=2D Color Attachment 3466 (ResourceId::3466),2D Depth/Stencil Attachment 3470 (ResourceId::3470),"GSTexImage Image (64, 64) pallete: 0 (ResourceId::9456) (ImageSampler, addr=ClampEdge,mip=0,cmp=Never)","Pixel:ReadOnlyResources[0:0]=GSTexImage Image (64, 64) pallete: 0 (ResourceId::9456) (ImageSampler, addr=ClampEdge,mip=0,cmp=Never); Vertex:ReadWriteResources[0:0]=Buffer 1876 (ResourceId::1876) (ReadWriteBuffer, addr=Wrap,mip=0,cmp=AlwaysTrue); Vertex:ReadWriteResources[1:0]=Buffer 1882 (ResourceId::1882) (ReadWriteBuffer, addr=Wrap,mip=0,cmp=AlwaysTrue); Vertex:ReadWriteResources[2:0]=Buffer 1888 (ResourceId::1888) (ReadWriteBuffer, addr=Wrap,mip=0,cmp=AlwaysTrue); Vertex:ReadWriteResources[3:0]=Buffer 1894 (ResourceId::1894) (ReadWriteBuffer, addr=Wrap,mip=0,cmp=AlwaysTrue)",0.000000,1.024000
7119,0.307200,1,vkCmdDrawIndexed(),Native Render > Render Pass [clear: Depth] > Native BNS_HALO.G2D (m: 0 l: 0) > None_0_0_0,Native Render,Native BNS_HALO.G2D (m: 0 l: 0),0,None_0_0_0,30,13-48,1,Native Previewer GLSL Blend 275 (ResourceId::16816),"rt0:blend=on,mask=RGBA",test=on write=off func=CompareFunction.Greater,rt0=RGBA,rt0=2D Color Attachment 3466 (ResourceId::3466),2D Depth/Stencil Attachment 3470 (ResourceId::3470),"GSTexImage Image (64, 64) pallete: 0 (ResourceId::9456) (ImageSampler, addr=ClampEdge,mip=0,cmp=Never)","Pixel:ReadOnlyResources[0:0]=GSTexImage Image (64, 64) pallete: 0 (ResourceId::9456) (ImageSampler, addr=ClampEdge,mip=0,cmp=Never); Vertex:ReadWriteResources[0:0]=Buffer 1876 (ResourceId::1876) (ReadWriteBuffer, addr=Wrap,mip=0,cmp=AlwaysTrue); Vertex:ReadWriteResources[1:0]=Buffer 1882 (ResourceId::1882) (ReadWriteBuffer, addr=Wrap,mip=0,cmp=AlwaysTrue); Vertex:ReadWriteResources[2:0]=Buffer 1888 (ResourceId::1888) (ReadWriteBuffer, addr=Wrap,mip=0,cmp=AlwaysTrue); Vertex:ReadWriteResources[3:0]=Buffer 1894 (ResourceId::1894) (ReadWriteBuffer, addr=Wrap,mip=0,cmp=AlwaysTrue)",0.000000,1.024000
7127,0.204800,1,vkCmdDrawIndexed(),Native Render > Render Pass [clear: Depth] > Native BNS_HALO.G2D (m: 0 l: 0) > None_0_0_0,Native Render,Native BNS_HALO.G2D (m: 0 l: 0),0,None_0_0_0,3,1-3,1,Native Previewer GLSL Blend 275 (ResourceId::16816),"rt0:blend=on,mask=RGBA",test=on write=off func=CompareFunction.Greater,rt0=RGBA,rt0=2D Color Attachment 3466 (ResourceId::3466),2D Depth/Stencil Attachment 3470 (ResourceId::3470),"GSTexImage Image (64, 64) pallete: 0 (ResourceId::9456) (ImageSampler, addr=ClampEdge,mip=0,cmp=Never)","Pixel:ReadOnlyResources[0:0]=GSTexImage Image (64, 64) pallete: 0 (ResourceId::9456) (ImageSampler, addr=ClampEdge,mip=0,cmp=Never); Vertex:ReadWriteResources[0:0]=Buffer 1876 (ResourceId::1876) (ReadWriteBuffer, addr=Wrap,mip=0,cmp=AlwaysTrue); Vertex:ReadWriteResources[1:0]=Buffer 1882 (ResourceId::1882) (ReadWriteBuffer, addr=Wrap,mip=0,cmp=AlwaysTrue); Vertex:ReadWriteResources[2:0]=Buffer 1888 (ResourceId::1888) (ReadWriteBuffer, addr=Wrap,mip=0,cmp=AlwaysTrue); Vertex:ReadWriteResources[3:0]=Buffer 1894 (ResourceId::1894) (ReadWriteBuffer, addr=Wrap,mip=0,cmp=AlwaysTrue)",0.000000,1.024000
7135,0.307200,1,vkCmdDrawIndexed(),Native Render > Render Pass [clear: Depth] > Native BNS_HALO.G2D (m: 0 l: 0) > None_0_0_0,Native Render,Native BNS_HALO.G2D (m: 0 l: 0),0,None_0_0_0,36,13-48,1,Native Previewer GLSL Blend 275 (ResourceId::16816),"rt0:blend=on,mask=RGBA",test=on write=off func=CompareFunction.Greater,rt0=RGBA,rt0=2D Color Attachment 3466 (ResourceId::3466),2D Depth/Stencil Attachment 3470 (ResourceId::3470),"GSTexImage Image (64, 64) pallete: 0 (ResourceId::9456) (ImageSampler, addr=ClampEdge,mip=0,cmp=Never)","Pixel:ReadOnlyResources[0:0]=GSTexImage Image (64, 64) pallete: 0 (ResourceId::9456) (ImageSampler, addr=ClampEdge,mip=0,cmp=Never); Vertex:ReadWriteResources[0:0]=Buffer 1876 (ResourceId::1876) (ReadWriteBuffer, addr=Wrap,mip=0,cmp=AlwaysTrue); Vertex:ReadWriteResources[1:0]=Buffer 1882 (ResourceId::1882) (ReadWriteBuffer, addr=Wrap,mip=0,cmp=AlwaysTrue); Vertex:ReadWriteResources[2:0]=Buffer 1888 (ResourceId::1888) (ReadWriteBuffer, addr=Wrap,mip=0,cmp=AlwaysTrue); Vertex:ReadWriteResources[3:0]=Buffer 1894 (ResourceId::1894) (ReadWriteBuffer, addr=Wrap,mip=0,cmp=AlwaysTrue)",0.000000,1.024000
7143,0.000000,1,vkCmdDrawIndexed(),Native Render > Render Pass [clear: Depth] > Native BNS_HALO.G2D (m: 0 l: 0) > None_0_0_0,Native Render,Native BNS_HALO.G2D (m: 0 l: 0),0,None_0_0_0,3,1-3,1,,,,,,,(none),,0.000000,0.000000
7151,0.102400,1,vkCmdDrawIndexed(),Native Render > Render Pass [clear: Depth] > Native BNS_HALO.G2D (m: 0 l: 0) > None_0_0_0,Native Render,Native BNS_HALO.G2D (m: 0 l: 0),0,None_0_0_0,24,13-48,1,Native Previewer GLSL Blend 275 (ResourceId::16816),"rt0:blend=on,mask=RGBA",test=on write=off func=CompareFunction.Greater,rt0=RGBA,rt0=2D Color Attachment 3466 (ResourceId::3466),2D Depth/Stencil Attachment 3470 (ResourceId::3470),"GSTexImage Image (64, 64) pallete: 0 (ResourceId::9456) (ImageSampler, addr=ClampEdge,mip=0,cmp=Never)","Pixel:ReadOnlyResources[0:0]=GSTexImage Image (64, 64) pallete: 0 (ResourceId::9456) (ImageSampler, addr=ClampEdge,mip=0,cmp=Never); Vertex:ReadWriteResources[0:0]=Buffer 1876 (ResourceId::1876) (ReadWriteBuffer, addr=Wrap,mip=0,cmp=AlwaysTrue); Vertex:ReadWriteResources[1:0]=Buffer 1882 (ResourceId::1882) (ReadWriteBuffer, addr=Wrap,mip=0,cmp=AlwaysTrue); Vertex:ReadWriteResources[2:0]=Buffer 1888 (ResourceId::1888) (ReadWriteBuffer, addr=Wrap,mip=0,cmp=AlwaysTrue); Vertex:ReadWriteResources[3:0]=Buffer 1894 (ResourceId::1894) (ReadWriteBuffer, addr=Wrap,mip=0,cmp=AlwaysTrue)",0.000000,1.024000
7159,0.102400,1,vkCmdDrawIndexed(),Native Render > Render Pass [clear: Depth] > Native BNS_HALO.G2D (m: 0 l: 0) > None_0_0_0,Native Render,Native BNS_HALO.G2D (m: 0 l: 0),0,None_0_0_0,3,1-3,1,Native Previewer GLSL Blend 275 (ResourceId::16816),"rt0:blend=on,mask=RGBA",test=on write=off func=CompareFunction.Greater,rt0=RGBA,rt0=2D Color Attachment 3466 (ResourceId::3466),2D Depth/Stencil Attachment 3470 (ResourceId::3470),"GSTexImage Image (64, 64) pallete: 0 (ResourceId::9456) (ImageSampler, addr=ClampEdge,mip=0,cmp=Never)","Pixel:ReadOnlyResources[0:0]=GSTexImage Image (64, 64) pallete: 0 (ResourceId::9456) (ImageSampler, addr=ClampEdge,mip=0,cmp=Never); Vertex:ReadWriteResources[0:0]=Buffer 1876 (ResourceId::1876) (ReadWriteBuffer, addr=Wrap,mip=0,cmp=AlwaysTrue); Vertex:ReadWriteResources[1:0]=Buffer 1882 (ResourceId::1882) (ReadWriteBuffer, addr=Wrap,mip=0,cmp=AlwaysTrue); Vertex:ReadWriteResources[2:0]=Buffer 1888 (ResourceId::1888) (ReadWriteBuffer, addr=Wrap,mip=0,cmp=AlwaysTrue); Vertex:ReadWriteResources[3:0]=Buffer 1894 (ResourceId::1894) (ReadWriteBuffer, addr=Wrap,mip=0,cmp=AlwaysTrue)",0.000000,1.024000
7167,0.307200,1,vkCmdDrawIndexed(),Native Render > Render Pass [clear: Depth] > Native BNS_HALO.G2D (m: 0 l: 0) > None_0_0_0,Native Render,Native BNS_HALO.G2D (m: 0 l: 0),0,None_0_0_0,42,13-48,1,Native Previewer GLSL Blend 275 (ResourceId::16816),"rt0:blend=on,mask=RGBA",test=on write=off func=CompareFunction.Greater,rt0=RGBA,rt0=2D Color Attachment 3466 (ResourceId::3466),2D Depth/Stencil Attachment 3470 (ResourceId::3470),"GSTexImage Image (64, 64) pallete: 0 (ResourceId::9456) (ImageSampler, addr=ClampEdge,mip=0,cmp=Never)","Pixel:ReadOnlyResources[0:0]=GSTexImage Image (64, 64) pallete: 0 (ResourceId::9456) (ImageSampler, addr=ClampEdge,mip=0,cmp=Never); Vertex:ReadWriteResources[0:0]=Buffer 1876 (ResourceId::1876) (ReadWriteBuffer, addr=Wrap,mip=0,cmp=AlwaysTrue); Vertex:ReadWriteResources[1:0]=Buffer 1882 (ResourceId::1882) (ReadWriteBuffer, addr=Wrap,mip=0,cmp=AlwaysTrue); Vertex:ReadWriteResources[2:0]=Buffer 1888 (ResourceId::1888) (ReadWriteBuffer, addr=Wrap,mip=0,cmp=AlwaysTrue); Vertex:ReadWriteResources[3:0]=Buffer 1894 (ResourceId::1894) (ReadWriteBuffer, addr=Wrap,mip=0,cmp=AlwaysTrue)",0.000000,1.024000
7175,0.102400,1,vkCmdDrawIndexed(),Native Render > Render Pass [clear: Depth] > Native BNS_HALO.G2D (m: 0 l: 0) > None_0_0_0,Native Render,Native BNS_HALO.G2D (m: 0 l: 0),0,None_0_0_0,3,1-3,1,Native Previewer GLSL Blend 275 (ResourceId::16816),"rt0:blend=on,mask=RGBA",test=on write=off func=CompareFunction.Greater,rt0=RGBA,rt0=2D Color Attachment 3466 (ResourceId::3466),2D Depth/Stencil Attachment 3470 (ResourceId::3470),"GSTexImage Image (64, 64) pallete: 0 (ResourceId::9456) (ImageSampler, addr=ClampEdge,mip=0,cmp=Never)","Pixel:ReadOnlyResources[0:0]=GSTexImage Image (64, 64) pallete: 0 (ResourceId::9456) (ImageSampler, addr=ClampEdge,mip=0,cmp=Never); Vertex:ReadWriteResources[0:0]=Buffer 1876 (ResourceId::1876) (ReadWriteBuffer, addr=Wrap,mip=0,cmp=AlwaysTrue); Vertex:ReadWriteResources[1:0]=Buffer 1882 (ResourceId::1882) (ReadWriteBuffer, addr=Wrap,mip=0,cmp=AlwaysTrue); Vertex:ReadWriteResources[2:0]=Buffer 1888 (ResourceId::1888) (ReadWriteBuffer, addr=Wrap,mip=0,cmp=AlwaysTrue); Vertex:ReadWriteResources[3:0]=Buffer 1894 (ResourceId::1894) (ReadWriteBuffer, addr=Wrap,mip=0,cmp=AlwaysTrue)",0.000000,1.024000
7183,0.307200,1,vkCmdDrawIndexed(),Native Render > Render Pass [clear: Depth] > Native BNS_HALO.G2D (m: 0 l: 0) > None_0_0_0,Native Render,Native BNS_HALO.G2D (m: 0 l: 0),0,None_0_0_0,30,13-48,1,Native Previewer GLSL Blend 275 (ResourceId::16816),"rt0:blend=on,mask=RGBA",test=on write=off func=CompareFunction.Greater,rt0=RGBA,rt0=2D Color Attachment 3466 (ResourceId::3466),2D Depth/Stencil Attachment 3470 (ResourceId::3470),"GSTexImage Image (64, 64) pallete: 0 (ResourceId::9456) (ImageSampler, addr=ClampEdge,mip=0,cmp=Never)","Pixel:ReadOnlyResources[0:0]=GSTexImage Image (64, 64) pallete: 0 (ResourceId::9456) (ImageSampler, addr=ClampEdge,mip=0,cmp=Never); Vertex:ReadWriteResources[0:0]=Buffer 1876 (ResourceId::1876) (ReadWriteBuffer, addr=Wrap,mip=0,cmp=AlwaysTrue); Vertex:ReadWriteResources[1:0]=Buffer 1882 (ResourceId::1882) (ReadWriteBuffer, addr=Wrap,mip=0,cmp=AlwaysTrue); Vertex:ReadWriteResources[2:0]=Buffer 1888 (ResourceId::1888) (ReadWriteBuffer, addr=Wrap,mip=0,cmp=AlwaysTrue); Vertex:ReadWriteResources[3:0]=Buffer 1894 (ResourceId::1894) (ReadWriteBuffer, addr=Wrap,mip=0,cmp=AlwaysTrue)",0.000000,1.024000
7191,0.102400,1,vkCmdDrawIndexed(),Native Render > Render Pass [clear: Depth] > Native BNS_HALO.G2D (m: 0 l: 0) > None_0_0_0,Native Render,Native BNS_HALO.G2D (m: 0 l: 0),0,None_0_0_0,3,1-3,1,Native Previewer GLSL Blend 275 (ResourceId::16816),"rt0:blend=on,mask=RGBA",test=on write=off func=CompareFunction.Greater,rt0=RGBA,rt0=2D Color Attachment 3466 (ResourceId::3466),2D Depth/Stencil Attachment 3470 (ResourceId::3470),"GSTexImage Image (64, 64) pallete: 0 (ResourceId::9456) (ImageSampler, addr=ClampEdge,mip=0,cmp=Never)","Pixel:ReadOnlyResources[0:0]=GSTexImage Image (64, 64) pallete: 0 (ResourceId::9456) (ImageSampler, addr=ClampEdge,mip=0,cmp=Never); Vertex:ReadWriteResources[0:0]=Buffer 1876 (ResourceId::1876) (ReadWriteBuffer, addr=Wrap,mip=0,cmp=AlwaysTrue); Vertex:ReadWriteResources[1:0]=Buffer 1882 (ResourceId::1882) (ReadWriteBuffer, addr=Wrap,mip=0,cmp=AlwaysTrue); Vertex:ReadWriteResources[2:0]=Buffer 1888 (ResourceId::1888) (ReadWriteBuffer, addr=Wrap,mip=0,cmp=AlwaysTrue); Vertex:ReadWriteResources[3:0]=Buffer 1894 (ResourceId::1894) (ReadWriteBuffer, addr=Wrap,mip=0,cmp=AlwaysTrue)",0.000000,1.024000
7203,0.102400,1,vkCmdDrawIndexed(),Native Render > Render Pass [clear: Depth] > Native COUNTERDIGITS.G2D (m: 0 l: 0) > Material 0 > None_0_0_0,Native Render,Native COUNTERDIGITS.G2D (m: 0 l: 0),0,None_0_0_0,6,4-12,1,Native Previewer GLSL Blend 311 (ResourceId::16729),"rt0:blend=on,mask=RGBA",test=on write=off func=CompareFunction.Greater,rt0=RGBA,rt0=2D Color Attachment 3466 (ResourceId::3466),2D Depth/Stencil Attachment 3470 (ResourceId::3470),"GSTexImage Image (32, 32) pallete: 0 (ResourceId::11392) (ImageSampler, addr=ClampEdge,mip=0,cmp=Never)","Pixel:ReadOnlyResources[0:0]=GSTexImage Image (32, 32) pallete: 0 (ResourceId::11392) (ImageSampler, addr=ClampEdge,mip=0,cmp=Never); Vertex:ReadWriteResources[0:0]=Buffer 1876 (ResourceId::1876) (ReadWriteBuffer, addr=Wrap,mip=0,cmp=AlwaysTrue); Vertex:ReadWriteResources[1:0]=Buffer 1882 (ResourceId::1882) (ReadWriteBuffer, addr=Wrap,mip=0,cmp=AlwaysTrue); Vertex:ReadWriteResources[2:0]=Buffer 1888 (ResourceId::1888) (ReadWriteBuffer, addr=Wrap,mip=0,cmp=AlwaysTrue); Vertex:ReadWriteResources[3:0]=Buffer 1894 (ResourceId::1894) (ReadWriteBuffer, addr=Wrap,mip=0,cmp=AlwaysTrue)",0.000000,1.024000
7211,0.000000,1,vkCmdDrawIndexed(),Native Render > Render Pass [clear: Depth] > Native COUNTERDIGITS.G2D (m: 0 l: 0) > Material 0 > None_0_0_0,Native Render,Native COUNTERDIGITS.G2D (m: 0 l: 0),0,None_0_0_0,6,4-12,1,,,,,,,(none),,0.000000,0.000000
7223,2.252800,1,vkCmdDrawIndexed(),Native Render > Render Pass [clear: Depth] > Native RAY.G2D (m: 0 l: 0) > None_0_0_0,Native Render,Native RAY.G2D (m: 0 l: 0),0,None_0_0_0,72,49-256,1,Native Previewer GLSL Blend 275 (ResourceId::16816),"rt0:blend=on,mask=RGBA",test=on write=off func=CompareFunction.Greater,rt0=RGBA,rt0=2D Color Attachment 3466 (ResourceId::3466),2D Depth/Stencil Attachment 3470 (ResourceId::3470),"GSTexImage Image (64, 64) pallete: 0 (ResourceId::9680) (ImageSampler, addr=Wrap,mip=0,cmp=Never)","Pixel:ReadOnlyResources[0:0]=GSTexImage Image (64, 64) pallete: 0 (ResourceId::9680) (ImageSampler, addr=Wrap,mip=0,cmp=Never); Vertex:ReadWriteResources[0:0]=Buffer 1876 (ResourceId::1876) (ReadWriteBuffer, addr=Wrap,mip=0,cmp=AlwaysTrue); Vertex:ReadWriteResources[1:0]=Buffer 1882 (ResourceId::1882) (ReadWriteBuffer, addr=Wrap,mip=0,cmp=AlwaysTrue); Vertex:ReadWriteResources[2:0]=Buffer 1888 (ResourceId::1888) (ReadWriteBuffer, addr=Wrap,mip=0,cmp=AlwaysTrue); Vertex:ReadWriteResources[3:0]=Buffer 1894 (ResourceId::1894) (ReadWriteBuffer, addr=Wrap,mip=0,cmp=AlwaysTrue)",1.024000,8.192000
7229,187.558400,0,vkCmdCopyImage(),Native Render > Render Pass [clear: Depth],Native Render,(none),(none),Render Pass [clear: Depth],0,0,0,,,,,,,(none),,16.384000,1721.344000
7248,5.222400,1,vkCmdDrawIndexed(),Display List Render > frontend_2D.g2d (m: 10 l: 0),Display List Render,(none),(none),frontend_2D.g2d (m: 10 l: 0),4,4-12,1,,,,,,,(none),,4.096000,6.144000
7256,0.819200,1,vkCmdDrawIndexed(),Display List Render > frontend_2D.g2d (m: 11 l: 0),Display List Render,(none),(none),frontend_2D.g2d (m: 11 l: 0),4,4-12,1,,,,,,,(none),,0.000000,2.048000
7263,1.331200,1,vkCmdDrawIndexed(),Display List Render > frontend_2D.g2d (m: 0 l: 0),Display List Render,(none),(none),frontend_2D.g2d (m: 0 l: 0),2,1-3,1,,,,,,,(none),,1.024000,2.048000
7272,1.024000,1,vkCmdDrawIndexed(),Display List Render > frontend_2D.g2d (m: 7 l: 0),Display List Render,(none),(none),frontend_2D.g2d (m: 7 l: 0),2,1-3,1,,,,,,,(none),,0.000000,2.048000
7279,1.740800,1,vkCmdDrawIndexed(),Display List Render > frontend_2D.g2d (m: 1 l: 0),Display List Render,(none),(none),frontend_2D.g2d (m: 1 l: 0),2,1-3,1,,,,,,,(none),,1.024000,2.048000
7286,1.331200,1,vkCmdDrawIndexed(),Display List Render > frontend_2D.g2d (m: 3 l: 0),Display List Render,(none),(none),frontend_2D.g2d (m: 3 l: 0),2,1-3,1,,,,,,,(none),,1.024000,2.048000
7293,0.716800,1,vkCmdDrawIndexed(),Display List Render > medium.fon (m: 0 l: 0),Display List Render,(none),(none),medium.fon (m: 0 l: 0),24,13-48,1,,,,,,,(none),,0.000000,1.024000
7300,0.307200,1,vkCmdDrawIndexed(),Display List Render > medium.fon (m: 0 l: 0),Display List Render,(none),(none),medium.fon (m: 0 l: 0),24,13-48,1,,,,,,,(none),,0.000000,1.024000
7307,0.512000,1,vkCmdDrawIndexed(),Display List Render > i_native.g2d (m: 0 l: 0),Display List Render,(none),(none),i_native.g2d (m: 0 l: 0),2,1-3,1,,,,,,,(none),,0.000000,1.024000
7314,0.716800,1,vkCmdDrawIndexed(),Display List Render > medium.fon (m: 0 l: 0),Display List Render,(none),(none),medium.fon (m: 0 l: 0),24,13-48,1,,,,,,,(none),,0.000000,1.024000
7321,0.204800,1,vkCmdDrawIndexed(),Display List Render > medium.fon (m: 0 l: 0),Display List Render,(none),(none),medium.fon (m: 0 l: 0),24,13-48,1,,,,,,,(none),,0.000000,1.024000
7328,0.307200,1,vkCmdDrawIndexed(),Display List Render > map.g2d (m: 0 l: 0),Display List Render,(none),(none),map.g2d (m: 0 l: 0),6,4-12,1,,,,,,,(none),,0.000000,1.024000
7335,0.102400,1,vkCmdDrawIndexed(),Display List Render > but_l1.g2d (m: 0 l: 0),Display List Render,(none),(none),but_l1.g2d (m: 0 l: 0),6,4-12,1,,,,,,,(none),,0.000000,1.024000
7345,9.523200,1,vkCmdDraw(),Post Processing - Alpha Fix,Post Processing - Alpha Fix,(none),(none),Post Processing - Alpha Fix,3,1-3,1,,,,,,,(none),,8.192000,10.240000
7360,54.067200,1,vkCmdDrawIndexed(),DebugMenu,DebugMenu,(none),(none),DebugMenu,6,4-12,1,,,,,,,(none),,50.176000,56.320000
7362,51.814400,1,vkCmdDrawIndexed(),DebugMenu,DebugMenu,(none),(none),DebugMenu,2439,1025-4096,1,,,,,,,(none),,51.200000,52.224000
7365,19.353600,1,vkCmdDrawIndexed(),DebugMenu,DebugMenu,(none),(none),DebugMenu,6,4-12,1,,,,,,,(none),,18.432000,19.456000
7368,5.529600,1,vkCmdDrawIndexed(),DebugMenu,DebugMenu,(none),(none),DebugMenu,6732,4097+,1,,,,,,,(none),,5.120000,6.144000
7370,1.331200,1,vkCmdDrawIndexed(),DebugMenu,DebugMenu,(none),(none),DebugMenu,888,257-1024,1,,,,,,,(none),,1.024000,2.048000
7372,0.512000,1,vkCmdDrawIndexed(),DebugMenu,DebugMenu,(none),(none),DebugMenu,450,257-1024,1,,,,,,,(none),,0.000000,1.024000
7374,0.204800,1,vkCmdDrawIndexed(),DebugMenu,DebugMenu,(none),(none),DebugMenu,678,257-1024,1,,,,,,,(none),,0.000000,1.024000
7376,0.921600,1,vkCmdDrawIndexed(),DebugMenu,DebugMenu,(none),(none),DebugMenu,1134,1025-4096,1,,,,,,,(none),,0.000000,1.024000
7378,1.945600,1,vkCmdDrawIndexed(),DebugMenu,DebugMenu,(none),(none),DebugMenu,36,13-48,1,,,,,,,(none),,1.024000,2.048000
7380,0.204800,1,vkCmdDrawIndexed(),DebugMenu,DebugMenu,(none),(none),DebugMenu,642,257-1024,1,,,,,,,(none),,0.000000,1.024000
7382,0.307200,1,vkCmdDrawIndexed(),DebugMenu,DebugMenu,(none),(none),DebugMenu,1266,1025-4096,1,,,,,,,(none),,0.000000,1.024000
